fecha,nivel_m,caudal_m3s,lluvia_mm,desbordamiento,caudal_log,nivel_lag1,caudal_lag1,nivel_lag2,caudal_lag2,lluvia_3d,lluvia_7d,lluvia_media_7d,nivel_diff,caudal_diff,nivel_media_3,caudal_media_3,nivel_media_7,caudal_media_7,dia_sin,dia_cos
2020-01-09,0.48,4.02,0.6,0,1.6134299337036377,0.3,1.0438040521731147,0.23,0.7793248768009976,0.6,0.6,0.19999999999999998,0.18,2.1799999999999997,0.33666666666666667,2.3466666666666662,0.33666666666666667,2.3466666666666662,0.15389057670406178,0.9880878960910772
2020-01-10,0.3,1.84,2.6,0,1.0438040521731147,0.48,1.6134299337036377,0.3,1.0438040521731147,3.2,3.2,0.8,-0.18,-2.1799999999999997,0.36000000000000004,2.5666666666666664,0.3275,2.2199999999999998,0.17082974322534417,0.985300562686109
2020-01-11,0.3,1.84,0.2,0,1.0438040521731147,0.3,1.0438040521731147,0.48,1.6134299337036377,3.4000000000000004,3.4000000000000004,0.68,0.0,0.0,0.35999999999999993,2.5666666666666664,0.32199999999999995,2.1439999999999997,0.1877185654371987,0.9822228566828407
2020-01-12,0.3,1.84,0.0,0,1.0438040521731147,0.3,1.0438040521731147,0.3,1.0438040521731147,2.8000000000000003,3.4000000000000004,0.5666666666666668,0.0,0.0,0.3,1.84,0.3183333333333333,2.0933333333333333,0.2045520661262008,0.9788556850953578
2020-01-13,0.3,1.84,0.0,0,1.0438040521731147,0.3,1.0438040521731147,0.3,1.0438040521731147,0.2,3.4000000000000004,0.48571428571428577,0.0,0.0,0.3,1.84,0.3157142857142857,2.057142857142857,0.22132528438243257,0.9752000402445825
2020-01-14,0.3,1.84,0.0,0,1.0438040521731147,0.3,1.0438040521731147,0.3,1.0438040521731147,0.0,3.4000000000000004,0.48571428571428577,0.0,0.0,0.3,1.84,0.3257142857142857,2.1514285714285717,0.2380332770614856,0.9712569994658314
2020-01-15,0.3,1.84,0.2,0,1.0438040521731147,0.3,1.0438040521731147,0.3,1.0438040521731147,0.2,3.6,0.5142857142857143,0.0,0.0,0.3,1.84,0.3257142857142857,2.1514285714285717,0.2546711202412287,0.9670277247913204
2020-01-16,0.3,1.84,5.4,0,1.0438040521731147,0.3,1.0438040521731147,0.3,1.0438040521731147,5.6000000000000005,8.4,1.2,0.0,0.0,0.3,1.84,0.3,1.84,0.27123391067291003,0.9625134626077081
2020-01-17,0.29,1.75,0.0,0,1.0116009116784799,0.3,1.0438040521731147,0.3,1.0438040521731147,5.6000000000000005,5.800000000000001,0.8285714285714286,-0.010000000000000009,-0.09000000000000008,0.29666666666666663,1.8100000000000003,0.29857142857142854,1.8271428571428572,0.287716767226167,0.9577155432887803
2020-01-18,0.3,1.84,11.0,0,1.0438040521731147,0.29,1.0116009116784799,0.3,1.0438040521731147,16.4,16.6,2.3714285714285714,0.010000000000000009,0.09000000000000008,0.29666666666666663,1.8099999999999998,0.29857142857142854,1.8271428571428572,0.30411483232751785,0.9526353808033826
2020-01-19,0.3,1.84,0.4,0,1.0438040521731147,0.3,1.0438040521731147,0.29,1.0116009116784799,11.4,17.0,2.4285714285714284,0.0,0.0,0.29666666666666663,1.8100000000000003,0.29857142857142854,1.8271428571428572,0.3204232733919111,0.9472744722987169
2020-01-20,0.29,1.75,0.0,0,1.0116009116784799,0.3,1.0438040521731147,0.3,1.0438040521731147,11.4,17.0,2.4285714285714284,-0.010000000000000009,-0.09000000000000008,0.29666666666666663,1.8100000000000003,0.29714285714285715,1.8142857142857143,0.33663728424691025,0.9416343976591259
2020-01-21,0.44,3.45,1.0,0,1.4929040961781488,0.29,1.0116009116784799,0.3,1.0438040521731147,1.4,18.0,2.5714285714285716,0.15000000000000002,1.7000000000000002,0.34333333333333327,2.346666666666667,0.3171428571428571,2.044285714285714,0.3527520865490948,0.9357168190404936
2020-01-22,0.3,1.84,0.4,0,1.0438040521731147,0.44,1.4929040961781488,0.29,1.0116009116784799,1.4,18.200000000000003,2.6000000000000005,-0.14,-1.61,0.34333333333333327,2.346666666666667,0.3171428571428571,2.0442857142857145,0.3687629311922601,0.9295234803804003
2020-01-23,0.3,1.84,0.0,0,1.0438040521731147,0.3,1.0438040521731147,0.44,1.4929040961781488,1.4,12.8,1.8285714285714287,0.0,0.0,0.3466666666666666,2.376666666666667,0.3171428571428571,2.0442857142857145,0.3846650997070012,0.9230562068841761
2020-01-24,0.3,1.84,0.0,0,1.0438040521731147,0.3,1.0438040521731147,0.3,1.0438040521731147,0.4,12.8,1.8285714285714287,0.0,0.0,0.3,1.84,0.31857142857142856,2.0571428571428574,0.40045390565126643,0.9163169044870048
2020-01-25,0.3,1.84,0.8,0,1.0438040521731147,0.3,1.0438040521731147,0.3,1.0438040521731147,0.8,2.6,0.37142857142857144,0.0,0.0,0.3,1.84,0.31857142857142856,2.0571428571428574,0.41612469599147445,0.9093075592922358
2020-01-26,0.3,1.84,0.2,0,1.0438040521731147,0.3,1.0438040521731147,0.3,1.0438040521731147,1.0,2.4,0.34285714285714286,0.0,0.0,0.3,1.84,0.31857142857142856,2.0571428571428574,0.43167285247378384,0.9020302369860707
2020-01-27,0.3,1.84,2.0,0,1.0438040521731147,0.3,1.0438040521731147,0.3,1.0438040521731147,3.0,4.4,0.6285714285714287,0.0,0.0,0.3,1.84,0.31999999999999995,2.07,0.44709379298511387,0.8944870822287956
2020-01-28,0.31,1.94,0.0,0,1.0784095813505903,0.3,1.0438040521731147,0.3,1.0438040521731147,2.2,3.4,0.4857142857142857,0.010000000000000009,0.09999999999999987,0.3033333333333333,1.8733333333333337,0.30142857142857143,1.8542857142857143,0.4623829729035149,0.88668031802274
2020-01-29,0.53,4.91,4.2,0,1.776645831418007,0.31,1.0784095813505903,0.3,1.0438040521731147,6.2,7.2,1.0285714285714287,0.22000000000000003,2.97,0.37999999999999995,2.896666666666667,0.33428571428571424,2.292857142857143,0.47753588643748823,0.8786122450571483
2020-01-30,0.32,2.05,0.0,0,1.1151415906193203,0.53,1.776645831418007,0.31,1.0784095813505903,4.2,7.2,1.0285714285714287,-0.21000000000000002,-2.8600000000000003,0.38666666666666666,2.9666666666666672,0.3371428571428572,2.3228571428571425,0.4925480679538643,0.8702852410301553
2020-01-31,0.3,1.84,0.4,0,1.0438040521731147,0.32,1.1151415906193203,0.53,1.776645831418007,4.6000000000000005,7.6000000000000005,1.0857142857142859,-0.020000000000000018,-0.20999999999999974,0.3833333333333333,2.9333333333333336,0.33714285714285713,2.322857142857143,0.5074150932938455,0.8617017599480682
2020-02-01,0.3,1.84,0.0,0,1.0438040521731147,0.3,1.0438040521731147,0.32,1.1151415906193203,0.4,6.800000000000001,0.9714285714285715,0.0,0.0,0.30666666666666664,1.9100000000000001,0.33714285714285713,2.322857142857143,0.5221325810768248,0.8528643314021597
2020-02-02,0.3,1.84,0.0,0,1.0438040521731147,0.3,1.0438040521731147,0.3,1.0438040521731147,0.4,6.6000000000000005,0.942857142857143,0.0,0.0,0.3,1.84,0.33714285714285713,2.322857142857143,0.5366961939916004,0.8437755598231856
2020-02-03,0.3,1.84,0.0,0,1.0438040521731147,0.3,1.0438040521731147,0.3,1.0438040521731147,0.0,4.6000000000000005,0.6571428571428573,0.0,0.0,0.3,1.84,0.33714285714285713,2.322857142857143,0.5511016400746002,0.8344381237138473
2020-02-04,0.3,1.84,0.2,0,1.0438040521731147,0.3,1.0438040521731147,0.3,1.0438040521731147,0.2,4.8,0.6857142857142857,0.0,0.0,0.3,1.84,0.3357142857142857,2.3085714285714287,0.5653446739747429,0.8248547748594244
2020-02-05,0.3,1.84,0.0,0,1.0438040521731147,0.3,1.0438040521731147,0.3,1.0438040521731147,0.2,0.6000000000000001,0.08571428571428573,0.0,0.0,0.3,1.84,0.3028571428571428,1.8699999999999999,0.5794210982045637,0.8150283375168114
2020-02-06,0.3,1.84,0.0,0,1.0438040521731147,0.3,1.0438040521731147,0.3,1.0438040521731147,0.2,0.6000000000000001,0.08571428571428573,0.0,0.0,0.3,1.84,0.3,1.84,0.593326764377232,0.8049617075821959
2020-02-07,0.3,1.84,0.0,0,1.0438040521731147,0.3,1.0438040521731147,0.3,1.0438040521731147,0.0,0.2,0.028571428571428574,0.0,0.0,0.3,1.84,0.3,1.84,0.6070575744291002,0.7946578517376252
2020-02-08,0.3,1.84,3.0,0,1.0438040521731147,0.3,1.0438040521731147,0.3,1.0438040521731147,3.0,3.2,0.4571428571428572,0.0,0.0,0.3,1.84,0.3,1.84,0.6206094818274227,0.7841198065767104
2020-02-09,0.3,1.84,0.0,0,1.0438040521731147,0.3,1.0438040521731147,0.3,1.0438040521731147,3.0,3.2,0.4571428571428572,0.0,0.0,0.3,1.84,0.3,1.84,0.6339784927628866,0.7733506777097299
2020-02-10,0.3,1.84,0.0,0,1.0438040521731147,0.3,1.0438040521731147,0.3,1.0438040521731147,3.0,3.2,0.4571428571428572,0.0,0.0,0.3,1.84,0.3,1.84,0.647160667326606,0.7623536388483904
2020-02-11,0.3,1.84,1.6,0,1.0438040521731147,0.3,1.0438040521731147,0.3,1.0438040521731147,1.6,4.6,0.6571428571428571,0.0,0.0,0.3,1.84,0.3,1.84,0.6601521206712317,0.7511319308705199
2020-02-12,0.35,2.36,0.0,0,1.2119409739751128,0.3,1.0438040521731147,0.3,1.0438040521731147,1.6,4.6,0.6571428571428571,0.04999999999999999,0.5199999999999998,0.3166666666666666,2.0133333333333336,0.3071428571428571,1.9142857142857144,0.6729490241558329,0.7396888608649668
2020-02-13,0.3,1.84,0.0,0,1.0438040521731147,0.35,1.2119409739751128,0.3,1.0438040521731147,1.6,4.6,0.6571428571428571,-0.04999999999999999,-0.5199999999999998,0.3166666666666666,2.0133333333333336,0.3071428571428571,1.9142857142857144,0.6855476064742154,0.7280278011569848
2020-02-14,0.3,1.84,0.0,0,1.0438040521731147,0.3,1.0438040521731147,0.35,1.2119409739751128,0.0,4.6,0.6571428571428571,0.0,0.0,0.31666666666666665,2.0133333333333336,0.3071428571428571,1.9142857142857144,0.6979441547663435,0.7161521883143933
2020-02-15,0.3,1.84,0.0,0,1.0438040521731147,0.3,1.0438040521731147,0.3,1.0438040521731147,0.0,1.6,0.2285714285714286,0.0,0.0,0.3,1.84,0.3071428571428571,1.9142857142857144,0.7101350157125358,0.7040655221348057
2020-02-16,0.3,1.84,1.8,0,1.0438040521731147,0.3,1.0438040521731147,0.3,1.0438040521731147,1.8,3.4000000000000004,0.48571428571428577,0.0,0.0,0.3,1.84,0.3071428571428571,1.9142857142857144,0.7221165966101162,0.6917713646142218
2020-02-17,0.31,1.94,4.6,0,1.0784095813505903,0.3,1.0438040521731147,0.3,1.0438040521731147,6.3999999999999995,8.0,1.1428571428571428,0.010000000000000009,0.09999999999999987,0.3033333333333333,1.8733333333333337,0.30857142857142855,1.9285714285714286,0.733885366432199,0.6792733388972931
2020-02-18,0.66,8.92,0.0,0,2.2945529212967815,0.31,1.0784095813505903,0.3,1.0438040521731147,6.3999999999999995,6.4,0.9142857142857144,0.35000000000000003,6.98,0.42333333333333334,4.233333333333333,0.35999999999999993,2.9400000000000004,0.7454378568683001,0.6665751282095632
2020-02-19,0.31,1.94,0.0,0,1.0784095813505903,0.66,2.2945529212967815,0.31,1.0784095813505903,4.6,6.4,0.9142857142857144,-0.35000000000000003,-6.98,0.4266666666666666,4.266666666666667,0.3542857142857142,2.8800000000000003,0.7567706633464626,0.653680474772006
2020-02-20,0.31,1.94,0.0,0,1.0784095813505903,0.31,1.0784095813505903,0.66,2.2945529212967815,0.0,6.4,0.9142857142857144,0.0,0.0,0.4266666666666666,4.266666666666667,0.3557142857142857,2.8942857142857146,0.7678804460366,0.6405931786981751
2020-02-21,0.29,1.75,0.0,0,1.0116009116784799,0.31,1.0784095813505903,0.31,1.0784095813505903,0.0,6.4,0.9142857142857144,-0.020000000000000018,-0.18999999999999995,0.3033333333333333,1.8766666666666671,0.35428571428571426,2.8814285714285717,0.7787639308347607,0.6273170968742937
2020-02-22,0.29,1.75,0.0,0,1.0116009116784799,0.29,1.0116009116784799,0.31,1.0784095813505903,0.0,6.4,0.9142857142857144,0.0,0.0,0.2966666666666666,1.8133333333333337,0.3528571428571428,2.8685714285714283,0.7894179103280197,0.613856141822612
2020-02-23,0.29,1.75,0.0,0,1.0116009116784799,0.29,1.0116009116784799,0.29,1.0116009116784799,0.0,4.6,0.6571428571428571,0.0,0.0,0.29,1.75,0.3514285714285714,2.8557142857142854,0.7998392447397193,0.6002142805483682
2020-02-24,0.3,1.84,0.0,0,1.0438040521731147,0.29,1.0116009116784799,0.29,1.0116009116784799,0.0,0.0,0.0,0.010000000000000009,0.09000000000000008,0.2933333333333333,1.7800000000000005,0.35,2.8414285714285716,0.8100248628547753,0.5863955333706956
2020-02-25,0.33,2.15,0.0,0,1.1474024528375417,0.3,1.0438040521731147,0.29,1.0116009116784799,0.0,0.0,0.0,0.030000000000000027,0.30999999999999983,0.30666666666666664,1.913333333333334,0.3028571428571428,1.8742857142857143,0.8199717629247771,0.5724039727378148
2020-02-26,0.31,1.94,0.0,0,1.0784095813505903,0.33,1.1474024528375417,0.3,1.0438040521731147,0.0,0.0,0.0,-0.020000000000000018,-0.20999999999999996,0.3133333333333333,1.9766666666666672,0.3028571428571429,1.8742857142857143,0.8296770135526188,0.5582437220268648
2020-02-27,0.3,1.84,0.0,0,1.0438040521731147,0.31,1.0784095813505903,0.33,1.1474024528375417,0.0,0.0,0.0,-0.010000000000000009,-0.09999999999999987,0.3133333333333333,1.9766666666666675,0.30142857142857143,1.8599999999999999,0.8391377545563938,0.5439189543287247
2020-02-28,0.29,1.75,0.4,0,1.0116009116784799,0.3,1.0438040521731147,0.31,1.0784095813505903,0.4,0.4,0.05714285714285715,-0.010000000000000009,-0.09000000000000008,0.29999999999999993,1.843333333333334,0.30142857142857143,1.8599999999999999,0.8483511978123038,0.5294338912181853
2020-02-29,0.29,1.75,3.2,0,1.0116009116784799,0.29,1.0116009116784799,0.3,1.0438040521731147,3.6,3.6,0.5142857142857143,0.0,0.0,0.2933333333333333,1.7800000000000005,0.30142857142857143,1.8599999999999999,0.8573146280763322,0.5147928015098309
2020-03-01,0.29,1.75,23.2,0,1.0116009116784799,0.29,1.0116009116784799,0.29,1.0116009116784799,26.8,26.8,3.8285714285714287,0.0,0.0,0.29,1.75,0.30142857142857143,1.8599999999999999,0.8660254037844386,0.5000000000000001
2020-03-02,0.32,2.05,2.0,0,1.1151415906193203,0.29,1.0116009116784799,0.29,1.0116009116784799,28.400000000000002,28.8,4.114285714285715,0.030000000000000027,0.2999999999999998,0.3,1.8500000000000005,0.30428571428571427,1.8900000000000001,0.8744809578310397,0.4850598461951962
2020-03-03,0.29,1.75,0.4,0,1.0116009116784799,0.32,1.1151415906193203,0.29,1.0116009116784799,25.599999999999998,29.2,4.171428571428572,-0.030000000000000027,-0.2999999999999998,0.29999999999999993,1.8500000000000005,0.29857142857142854,1.8328571428571432,0.8826787983255474,0.46997674302731995
2020-03-04,0.25,1.37,0.0,0,0.8628899551470398,0.29,1.0116009116784799,0.32,1.1151415906193203,2.4,29.2,4.171428571428572,-0.03999999999999998,-0.3799999999999999,0.2866666666666666,1.7233333333333338,0.29,1.7514285714285713,0.8906165093267404,0.4547551355561058
2020-03-05,0.25,1.37,2.4,0,0.8628899551470398,0.25,0.8628899551470398,0.29,1.0116009116784799,2.8,31.6,4.514285714285714,0.0,0.0,0.26333333333333325,1.4966666666666673,0.28285714285714286,1.6842857142857142,0.8982917515547528,0.4393995096591417
2020-03-06,0.28,1.65,9.0,0,0.9745596399981308,0.25,0.8628899551470398,0.25,0.8628899551470398,11.4,40.2,5.742857142857143,0.030000000000000027,0.2799999999999998,0.25999999999999995,1.463333333333334,0.2814285714285714,1.67,0.9057022630804714,0.42391439070986076
2020-03-07,0.25,1.37,1.6,0,0.8628899551470398,0.28,0.9745596399981308,0.25,0.8628899551470398,13.0,38.6,5.514285714285714,-0.030000000000000027,-0.2799999999999998,0.25999999999999995,1.463333333333334,0.2757142857142857,1.6157142857142859,0.9128458599921356,0.40830434224389334
2020-03-08,0.25,1.37,0.0,0,0.8628899551470398,0.25,0.8628899551470398,0.28,0.9745596399981308,10.6,15.4,2.2,0.0,0.0,0.25999999999999995,1.463333333333334,0.26999999999999996,1.5614285714285714,0.9197204370389467,0.3925739646141717
2020-03-09,0.66,8.92,0.0,0,2.2945529212967815,0.25,0.8628899551470398,0.25,0.8628899551470398,1.6,13.4,1.9142857142857144,0.41000000000000003,7.55,0.38666666666666666,3.886666666666667,0.31857142857142856,2.5428571428571423,0.926323968251495,0.3767278936351851
2020-03-10,0.21,0.99,0.0,0,0.688134638736401,0.66,2.2945529212967815,0.25,0.8628899551470398,0.0,13.0,1.8571428571428572,-0.45000000000000007,-7.93,0.3733333333333333,3.760000000000001,0.3071428571428571,2.434285714285714,0.9326545075388224,0.36077079921678346
2020-03-11,0.22,1.09,0.0,0,0.7371640659767197,0.21,0.688134638736401,0.66,2.2945529212967815,0.0,13.0,1.8571428571428572,0.010000000000000009,0.10000000000000009,0.3633333333333333,3.6666666666666674,0.3028571428571429,2.394285714285714,0.9387101892619443,0.3447073839879338
2020-03-12,0.22,1.09,0.0,0,0.7371640659767197,0.22,0.7371640659767197,0.21,0.688134638736401,0.0,10.600000000000001,1.5142857142857145,0.0,0.0,0.21666666666666665,1.0566666666666673,0.29857142857142854,2.3542857142857145,0.9444892287836613,0.32854238191083485
2020-03-13,0.22,1.09,0.0,0,0.7371640659767197,0.22,0.7371640659767197,0.22,0.7371640659767197,0.0,1.6000000000000019,0.22857142857142884,0.0,0.0,0.22,1.09,0.29,2.2742857142857145,0.949989922994501,0.3122805568857947
2020-03-14,0.22,1.09,0.0,0,0.7371640659767197,0.22,0.7371640659767197,0.22,0.7371640659767197,0.0,0.0,0.0,0.0,0.0,0.22,1.09,0.2857142857142857,2.234285714285714,0.9552106508146316,0.2959267013472893
2020-03-15,0.22,1.09,1.0,0,0.7371640659767197,0.22,0.7371640659767197,0.22,0.7371640659767197,1.0,1.0000000000000018,0.1428571428571431,0.0,0.0,0.22,1.09,0.2814285714285714,2.1942857142857144,0.9601498736716018,0.2794856348516095
2020-03-16,0.22,1.09,2.2,0,0.7371640659767197,0.22,0.7371640659767197,0.22,0.7371640659767197,3.2,3.200000000000002,0.4571428571428574,0.0,0.0,0.22,1.09,0.21857142857142858,1.0757142857142858,0.9648061359537645,0.2629622026565149
2020-03-17,0.22,1.09,0.0,0,0.7371640659767197,0.22,0.7371640659767197,0.22,0.7371640659767197,3.2,3.200000000000002,0.4571428571428574,0.0,0.0,0.22,1.09,0.22,1.09,0.9691780654392536,0.2463612742933148
2020-03-18,0.23,1.18,0.0,0,0.7793248768009976,0.22,0.7371640659767197,0.22,0.7371640659767197,2.2,3.200000000000002,0.4571428571428574,0.010000000000000009,0.08999999999999986,0.2233333333333333,1.1200000000000008,0.2214285714285714,1.102857142857143,0.9732643737003824,0.22968774213179574
2020-03-19,0.23,1.18,0.0,0,0.7793248768009976,0.23,0.7793248768009976,0.22,0.7371640659767197,0.0,3.200000000000002,0.4571428571428574,0.0,0.0,0.22666666666666666,1.1500000000000006,0.22285714285714284,1.1157142857142859,0.9770638564833508,0.21294651993841582
2020-03-20,0.23,1.18,0.0,0,0.7793248768009976,0.23,0.7793248768009976,0.23,0.7793248768009976,0.0,3.200000000000002,0.4571428571428574,0.0,0.0,0.23,1.18,0.22428571428571425,1.1285714285714286,0.9805753940631429,0.19614254142819698
2020-03-21,0.23,1.18,0.0,0,0.7793248768009976,0.23,0.7793248768009976,0.23,0.7793248768009976,0.0,3.200000000000002,0.4571428571428574,0.0,0.0,0.23,1.18,0.22571428571428573,1.1414285714285715,0.9837979515735163,0.17928075881073577
2020-03-22,0.23,1.18,0.0,0,0.7793248768009976,0.23,0.7793248768009976,0.23,0.7793248768009976,0.0,2.200000000000002,0.31428571428571456,0.0,0.0,0.23,1.18,0.22714285714285715,1.1542857142857144,0.9867305793119814,0.162366141330764
2020-03-23,0.23,1.18,0.0,0,0.7793248768009976,0.23,0.7793248768009976,0.23,0.7793248768009976,0.0,0.0,0.0,0.0,0.0,0.23,1.18,0.2285714285714286,1.167142857142857,0.989372413019683,0.14540367380368976
2020-03-24,0.23,1.18,0.0,0,0.7793248768009976,0.23,0.7793248768009976,0.23,0.7793248768009976,0.0,0.0,0.0,0.0,0.0,0.23,1.18,0.23,1.18,0.9917226741361015,0.12839835514655099
2020-03-25,0.23,1.18,0.0,0,0.7793248768009976,0.23,0.7793248768009976,0.23,0.7793248768009976,0.0,0.0,0.0,0.0,0.0,0.23,1.18,0.23,1.18,0.9937806700284985,0.11135519690480875
2020-03-26,0.23,1.18,0.0,0,0.7793248768009976,0.23,0.7793248768009976,0.23,0.7793248768009976,0.0,0.0,0.0,0.0,0.0,0.23,1.18,0.23,1.18,0.9955457941960382,0.09427922177542453
2020-03-27,0.23,1.18,0.0,0,0.7793248768009976,0.23,0.7793248768009976,0.23,0.7793248768009976,0.0,0.0,0.0,0.0,0.0,0.23,1.18,0.23,1.18,0.9970175264485267,0.07717546212664653
2020-03-28,0.23,1.18,0.0,0,0.7793248768009976,0.23,0.7793248768009976,0.23,0.7793248768009976,0.0,0.0,0.0,0.0,0.0,0.23,1.18,0.23,1.18,0.998195433059714,0.0600489585149486
2020-03-29,0.23,1.18,1.6,0,0.7793248768009976,0.23,0.7793248768009976,0.23,0.7793248768009976,1.6,1.6000000000000019,0.22857142857142884,0.0,0.0,0.23,1.18,0.23,1.18,0.9990791668951153,0.042904758199554374
2020-03-30,0.23,1.18,1.4,0,0.7793248768009976,0.23,0.7793248768009976,0.23,0.7793248768009976,3.0,3.0000000000000018,0.4285714285714288,0.0,0.0,0.23,1.18,0.23,1.18,0.999668467514313,0.025747913654988658
2020-03-31,0.23,1.18,0.6,0,0.7793248768009976,0.23,0.7793248768009976,0.23,0.7793248768009976,3.6,3.600000000000002,0.5142857142857146,0.0,0.0,0.23,1.18,0.23,1.18,0.9999631612477099,0.008583481082087055
2020-04-01,0.23,1.18,2.8,0,0.7793248768009976,0.23,0.7793248768009976,0.23,0.7793248768009976,4.8,6.400000000000002,0.9142857142857146,0.0,0.0,0.23,1.18,0.23,1.18,0.9999631612477099,-0.008583481082086933
2020-04-02,0.23,1.18,3.2,0,0.7793248768009976,0.23,0.7793248768009976,0.23,0.7793248768009976,6.6,9.600000000000001,1.3714285714285717,0.0,0.0,0.23,1.18,0.23,1.18,0.9996684675143132,-0.025747913654988314
2020-04-03,0.23,1.18,0.0,0,0.7793248768009976,0.23,0.7793248768009976,0.23,0.7793248768009976,6.0,9.600000000000001,1.3714285714285717,0.0,0.0,0.23,1.18,0.23,1.18,0.9990791668951153,-0.04290475819955447
2020-04-04,0.23,1.18,0.0,0,0.7793248768009976,0.23,0.7793248768009976,0.23,0.7793248768009976,3.2,9.600000000000001,1.3714285714285717,0.0,0.0,0.23,1.18,0.23,1.18,0.998195433059714,-0.06004895851494825
2020-04-05,0.23,1.18,6.6,0,0.7793248768009976,0.23,0.7793248768009976,0.23,0.7793248768009976,6.6,14.600000000000001,2.085714285714286,0.0,0.0,0.23,1.18,0.23,1.18,0.9970175264485267,-0.07717546212664618
2020-04-06,0.25,1.37,12.2,0,0.8628899551470398,0.23,0.7793248768009976,0.23,0.7793248768009976,18.799999999999997,25.4,3.6285714285714286,0.01999999999999999,0.19000000000000017,0.23666666666666666,1.243333333333334,0.23285714285714285,1.207142857142857,0.9955457941960382,-0.0942792217754244
2020-04-07,0.24,1.28,0.0,0,0.8241754429663494,0.25,0.8628899551470398,0.23,0.7793248768009976,18.799999999999997,24.799999999999997,3.5428571428571423,-0.010000000000000009,-0.09000000000000008,0.23999999999999996,1.2766666666666673,0.2342857142857143,1.2214285714285715,0.9937806700284985,-0.11135519690480862
2020-04-08,0.24,1.28,0.0,0,0.8241754429663494,0.24,0.8241754429663494,0.25,0.8628899551470398,12.2,22.0,3.142857142857143,0.0,0.0,0.2433333333333333,1.3100000000000007,0.2357142857142857,1.2357142857142858,0.9917226741361015,-0.12839835514655107
2020-04-09,0.24,1.28,2.2,0,0.8241754429663494,0.24,0.8241754429663494,0.24,0.8241754429663494,2.2,21.0,3.0,0.0,0.0,0.24,1.28,0.23714285714285716,1.25,0.9893724130196829,-0.14540367380368988
2020-04-10,0.3,1.84,20.4,0,1.0438040521731147,0.24,0.8241754429663494,0.24,0.8241754429663494,22.599999999999998,41.4,5.914285714285714,0.06,0.56,0.25999999999999995,1.4666666666666675,0.2471428571428571,1.3442857142857143,0.9867305793119814,-0.16236614133076366
2020-04-11,0.25,1.37,11.6,0,0.8628899551470398,0.3,1.0438040521731147,0.24,0.8241754429663494,34.199999999999996,53.0,7.571428571428571,-0.04999999999999999,-0.47,0.2633333333333333,1.4966666666666673,0.24999999999999997,1.3714285714285714,0.9837979515735163,-0.17928075881073566
2020-04-12,0.25,1.37,12.8,0,0.8628899551470398,0.25,0.8628899551470398,0.3,1.0438040521731147,44.8,59.2,8.457142857142857,0.0,0.0,0.26666666666666666,1.5266666666666673,0.25285714285714284,1.3985714285714288,0.980575394063143,-0.19614254142819687
2020-04-13,0.27,1.56,5.8,0,0.9400072584914712,0.25,0.8628899551470398,0.25,0.8628899551470398,30.2,52.800000000000004,7.542857142857144,0.020000000000000018,0.18999999999999995,0.25666666666666665,1.4333333333333342,0.25571428571428567,1.4257142857142857,0.9770638564833507,-0.21294651993841593
2020-04-14,0.25,1.37,11.0,0,0.8628899551470398,0.27,0.9400072584914712,0.25,0.8628899551470398,29.6,63.8,9.114285714285714,-0.020000000000000018,-0.18999999999999995,0.25666666666666665,1.4333333333333342,0.2571428571428571,1.4385714285714286,0.9732643737003824,-0.22968774213179563
2020-04-15,0.25,1.37,2.2,0,0.8628899551470398,0.25,0.8628899551470398,0.27,0.9400072584914712,18.999999999999996,66.0,9.428571428571429,0.0,0.0,0.25666666666666665,1.4333333333333342,0.25857142857142856,1.4514285714285717,0.9691780654392537,-0.2463612742933147
2020-04-16,0.25,1.37,7.6,0,0.8628899551470398,0.25,0.8628899551470398,0.25,0.8628899551470398,20.8,71.39999999999999,10.2,0.0,0.0,0.25,1.37,0.25999999999999995,1.4642857142857142,0.9648061359537646,-0.26296220265651454
2020-04-17,0.25,1.37,6.6,0,0.8628899551470398,0.25,0.8628899551470398,0.25,0.8628899551470398,16.4,57.60000000000001,8.22857142857143,0.0,0.0,0.25,1.37,0.25285714285714284,1.3971428571428572,0.9601498736716018,-0.2794856348516094
2020-04-18,0.24,1.28,0.6,0,0.8241754429663494,0.25,0.8628899551470398,0.25,0.8628899551470398,14.8,46.6,6.6571428571428575,-0.010000000000000009,-0.09000000000000008,0.24666666666666667,1.3400000000000005,0.25142857142857145,1.3842857142857146,0.9552106508146317,-0.2959267013472892
2020-04-19,0.24,1.28,0.0,0,0.8241754429663494,0.24,0.8241754429663494,0.25,0.8628899551470398,7.199999999999999,33.8,4.828571428571428,0.0,0.0,0.24333333333333332,1.3100000000000005,0.24999999999999997,1.3714285714285714,0.949989922994501,-0.31228055688579476
2020-04-20,0.24,1.28,2.0,0,0.8241754429663494,0.24,0.8241754429663494,0.24,0.8241754429663494,2.6,30.000000000000004,4.2857142857142865,0.0,0.0,0.24,1.28,0.24571428571428572,1.3314285714285714,0.9444892287836613,-0.32854238191083474
2020-04-21,0.24,1.28,1.8,0,0.8241754429663494,0.24,0.8241754429663494,0.24,0.8241754429663494,3.8,20.800000000000004,2.971428571428572,0.0,0.0,0.24,1.28,0.24428571428571424,1.3185714285714287,0.9387101892619443,-0.3447073839879337
2020-04-22,0.24,1.28,0.0,0,0.8241754429663494,0.24,0.8241754429663494,0.24,0.8241754429663494,3.8,18.600000000000005,2.657142857142858,0.0,0.0,0.24,1.28,0.24285714285714285,1.3057142857142858,0.9326545075388225,-0.3607707992167831
2020-04-23,0.24,1.28,0.0,0,0.8241754429663494,0.24,0.8241754429663494,0.24,0.8241754429663494,1.8,11.000000000000002,1.5714285714285716,0.0,0.0,0.24,1.28,0.24142857142857138,1.292857142857143,0.926323968251495,-0.376727893635185
2020-04-24,0.24,1.28,0.0,0,0.8241754429663494,0.24,0.8241754429663494,0.24,0.8241754429663494,0.0,4.400000000000004,0.6285714285714291,0.0,0.0,0.24,1.28,0.24,1.28,0.9197204370389467,-0.39257396461417177
2020-04-25,0.24,1.28,1.8,0,0.8241754429663494,0.24,0.8241754429663494,0.24,0.8241754429663494,1.8,5.600000000000003,0.8000000000000005,0.0,0.0,0.24,1.28,0.24,1.28,0.9128458599921355,-0.40830434224389345
2020-04-26,0.25,1.37,19.4,0,0.8628899551470398,0.24,0.8241754429663494,0.24,0.8241754429663494,21.2,25.0,3.5714285714285716,0.010000000000000009,0.09000000000000008,0.24333333333333332,1.3100000000000005,0.2414285714285714,1.292857142857143,0.9057022630804715,-0.42391439070986064
2020-04-27,0.25,1.37,2.4,0,0.8628899551470398,0.25,0.8628899551470398,0.24,0.8241754429663494,23.599999999999998,25.4,3.6285714285714286,0.0,0.0,0.24666666666666667,1.3400000000000007,0.24285714285714283,1.3057142857142858,0.898291751554753,-0.43939950965914143
2020-04-28,0.24,1.28,0.0,0,0.8241754429663494,0.25,0.8628899551470398,0.25,0.8628899551470398,21.799999999999997,23.599999999999998,3.371428571428571,-0.010000000000000009,-0.09000000000000008,0.24666666666666667,1.3400000000000005,0.24285714285714285,1.3057142857142858,0.8906165093267405,-0.4547551355561055
2020-04-29,0.24,1.28,0.2,0,0.8241754429663494,0.24,0.8241754429663494,0.25,0.8628899551470398,2.6,23.8,3.4,0.0,0.0,0.24333333333333332,1.3100000000000005,0.24285714285714285,1.3057142857142858,0.8826787983255476,-0.4699767430273197
2020-04-30,0.24,1.28,0.0,0,0.8241754429663494,0.24,0.8241754429663494,0.24,0.8241754429663494,0.2,23.8,3.4,0.0,0.0,0.24,1.28,0.24285714285714285,1.3057142857142858,0.8744809578310397,-0.4850598461951961
2020-05-01,0.24,1.28,1.6,0,0.8241754429663494,0.24,0.8241754429663494,0.24,0.8241754429663494,1.8,25.4,3.6285714285714286,0.0,0.0,0.24,1.28,0.24285714285714285,1.3057142857142858,0.8660254037844387,-0.4999999999999998
2020-05-02,0.24,1.28,0.0,0,0.8241754429663494,0.24,0.8241754429663494,0.24,0.8241754429663494,1.6,23.599999999999998,3.371428571428571,0.0,0.0,0.24,1.28,0.24285714285714285,1.3057142857142858,0.8573146280763323,-0.5147928015098308
2020-05-03,0.24,1.28,0.0,0,0.8241754429663494,0.24,0.8241754429663494,0.24,0.8241754429663494,1.6,4.2,0.6,0.0,0.0,0.24,1.28,0.24142857142857138,1.292857142857143,0.848351197812304,-0.5294338912181852
2020-05-04,0.24,1.28,0.6,0,0.8241754429663494,0.24,0.8241754429663494,0.24,0.8241754429663494,0.6,2.4,0.34285714285714286,0.0,0.0,0.24,1.28,0.24,1.28,0.8391377545563939,-0.5439189543287246
2020-05-05,0.24,1.28,0.0,0,0.8241754429663494,0.24,0.8241754429663494,0.24,0.8241754429663494,0.6,2.4,0.34285714285714286,0.0,0.0,0.24,1.28,0.24,1.28,0.8296770135526188,-0.5582437220268649
2020-05-06,0.24,1.28,0.0,0,0.8241754429663494,0.24,0.8241754429663494,0.24,0.8241754429663494,0.6,2.1999999999999997,0.3142857142857142,0.0,0.0,0.24,1.28,0.24,1.28,0.8199717629247771,-0.5724039727378148
2020-05-07,0.24,1.28,5.4,0,0.8241754429663494,0.24,0.8241754429663494,0.24,0.8241754429663494,5.4,7.6,1.0857142857142856,0.0,0.0,0.24,1.28,0.24,1.28,0.8100248628547752,-0.5863955333706956
2020-05-08,0.24,1.28,4.2,0,0.8241754429663494,0.24,0.8241754429663494,0.24,0.8241754429663494,9.600000000000001,10.2,1.457142857142857,0.0,0.0,0.24,1.28,0.24,1.28,0.7998392447397195,-0.600214280548368
2020-05-09,0.24,1.28,1.6,0,0.8241754429663494,0.24,0.8241754429663494,0.24,0.8241754429663494,11.200000000000001,11.8,1.6857142857142857,0.0,0.0,0.24,1.28,0.24,1.28,0.7894179103280199,-0.6138561418226116
2020-05-10,0.24,1.28,2.6,0,0.8241754429663494,0.24,0.8241754429663494,0.24,0.8241754429663494,8.4,14.4,2.0571428571428574,0.0,0.0,0.24,1.28,0.24,1.28,0.7787639308347607,-0.6273170968742938
2020-05-11,0.24,1.28,0.6,0,0.8241754429663494,0.24,0.8241754429663494,0.24,0.8241754429663494,4.8,14.4,2.0571428571428574,0.0,0.0,0.24,1.28,0.24,1.28,0.7678804460366001,-0.6405931786981751
2020-05-12,0.24,1.28,0.0,0,0.8241754429663494,0.24,0.8241754429663494,0.24,0.8241754429663494,3.2,14.4,2.0571428571428574,0.0,0.0,0.24,1.28,0.24,1.28,0.7567706633464627,-0.6536804747720057
2020-05-13,0.24,1.28,2.0,0,0.8241754429663494,0.24,0.8241754429663494,0.24,0.8241754429663494,2.6,16.400000000000002,2.342857142857143,0.0,0.0,0.24,1.28,0.24,1.28,0.7454378568683001,-0.6665751282095632
2020-05-14,0.24,1.28,2.4,0,0.8241754429663494,0.24,0.8241754429663494,0.24,0.8241754429663494,4.4,13.399999999999999,1.9142857142857141,0.0,0.0,0.24,1.28,0.24,1.28,0.7338853664321991,-0.6792733388972931
2020-05-15,0.24,1.28,0.8,0,0.8241754429663494,0.24,0.8241754429663494,0.24,0.8241754429663494,5.2,10.0,1.4285714285714286,0.0,0.0,0.24,1.28,0.24,1.28,0.722116596610116,-0.6917713646142222
2020-05-16,0.24,1.28,0.0,0,0.8241754429663494,0.24,0.8241754429663494,0.24,0.8241754429663494,3.2,8.4,1.2,0.0,0.0,0.24,1.28,0.24,1.28,0.7101350157125358,-0.7040655221348058
2020-05-17,0.24,1.28,0.0,0,0.8241754429663494,0.24,0.8241754429663494,0.24,0.8241754429663494,0.8,5.799999999999999,0.8285714285714284,0.0,0.0,0.24,1.28,0.24,1.28,0.6979441547663435,-0.7161521883143933
2020-05-18,0.26,1.46,0.0,0,0.9001613499442714,0.24,0.8241754429663494,0.24,0.8241754429663494,0.0,5.199999999999999,0.7428571428571428,0.020000000000000018,0.17999999999999994,0.24666666666666667,1.3400000000000005,0.24285714285714285,1.3057142857142858,0.6855476064742155,-0.7280278011569847
2020-05-19,0.27,1.56,0.0,0,0.9400072584914712,0.26,0.9001613499442714,0.24,0.8241754429663494,0.0,5.199999999999999,0.7428571428571428,0.010000000000000009,0.10000000000000009,0.25666666666666665,1.4333333333333338,0.24714285714285714,1.3457142857142856,0.672949024155833,-0.7396888608649667
2020-05-20,0.27,1.56,0.0,0,0.9400072584914712,0.27,0.9400072584914712,0.26,0.9001613499442714,0.0,3.1999999999999993,0.457142857142857,0.0,0.0,0.26666666666666666,1.5266666666666673,0.2514285714285714,1.3857142857142857,0.660152120671232,-0.7511319308705197
2020-05-21,0.62,7.5,0.0,0,2.1400661634962708,0.27,0.9400072584914712,0.27,0.9400072584914712,0.0,0.7999999999999992,0.11428571428571417,0.35,5.9399999999999995,0.38666666666666666,3.5400000000000005,0.3057142857142857,2.2742857142857145,0.647160667326606,-0.7623536388483902
2020-05-22,0.3,1.84,0.0,0,1.0438040521731147,0.62,2.1400661634962708,0.27,0.9400072584914712,0.0,0.0,0.0,-0.32,-5.66,0.39666666666666667,3.633333333333334,0.3142857142857142,2.3542857142857145,0.6339784927628868,-0.7733506777097298
2020-05-23,0.27,1.56,0.0,0,0.9400072584914712,0.3,1.0438040521731147,0.62,2.1400661634962708,0.0,0.0,0.0,-0.02999999999999997,-0.28,0.39666666666666667,3.633333333333334,0.31857142857142856,2.394285714285714,0.620609481827423,-0.7841198065767103
2020-05-24,0.27,1.56,0.0,0,0.9400072584914712,0.27,0.9400072584914712,0.3,1.0438040521731147,0.0,0.0,0.0,0.0,0.0,0.27999999999999997,1.653333333333334,0.32285714285714284,2.434285714285714,0.6070575744291006,-0.7946578517376249
2020-05-25,0.27,1.56,0.0,0,0.9400072584914712,0.27,0.9400072584914712,0.27,0.9400072584914712,0.0,0.0,0.0,0.0,0.0,0.27,1.56,0.3242857142857143,2.448571428571429,0.593326764377232,-0.8049617075821959
2020-05-26,0.24,1.28,0.0,0,0.8241754429663494,0.27,0.9400072584914712,0.27,0.9400072584914712,0.0,0.0,0.0,-0.030000000000000027,-0.28,0.25999999999999995,1.4666666666666675,0.32,2.4085714285714284,0.5794210982045638,-0.8150283375168113
2020-05-27,0.24,1.28,0.0,0,0.8241754429663494,0.24,0.8241754429663494,0.27,0.9400072584914712,0.0,0.0,0.0,0.0,0.0,0.24999999999999992,1.373333333333334,0.3157142857142857,2.3685714285714288,0.5653446739747428,-0.8248547748594245
2020-05-28,0.23,1.18,0.0,0,0.7793248768009976,0.24,0.8241754429663494,0.24,0.8241754429663494,0.0,0.0,0.0,-0.009999999999999981,-0.10000000000000009,0.2366666666666666,1.2466666666666673,0.26,1.4657142857142857,0.5511016400746,-0.8344381237138473
2020-05-29,0.23,1.18,0.0,0,0.7793248768009976,0.23,0.7793248768009976,0.24,0.8241754429663494,0.0,0.0,0.0,0.0,0.0,0.2333333333333333,1.2133333333333338,0.25,1.3714285714285714,0.5366961939916005,-0.8437755598231856
2020-05-30,0.23,1.18,0.0,0,0.7793248768009976,0.23,0.7793248768009976,0.23,0.7793248768009976,0.0,0.0,0.0,0.0,0.0,0.23,1.18,0.24428571428571427,1.317142857142857,0.522132581076825,-0.8528643314021596
2020-05-31,0.23,1.18,3.8,0,0.7793248768009976,0.23,0.7793248768009976,0.23,0.7793248768009976,3.8,3.799999999999999,0.5428571428571427,0.0,0.0,0.23,1.18,0.23857142857142857,1.262857142857143,0.5074150932938458,-0.861701759948068
2020-06-01,0.23,1.18,0.0,0,0.7793248768009976,0.23,0.7793248768009976,0.23,0.7793248768009976,3.8,3.799999999999999,0.5428571428571427,0.0,0.0,0.23,1.18,0.23285714285714285,1.2085714285714284,0.4925480679538644,-0.8702852410301553
2020-06-02,0.23,1.18,1.0,0,0.7793248768009976,0.23,0.7793248768009976,0.23,0.7793248768009976,4.8,4.799999999999999,0.6857142857142856,0.0,0.0,0.23,1.18,0.23142857142857146,1.1942857142857142,0.47753588643748834,-0.8786122450571482
2020-06-03,0.23,1.18,2.6,0,0.7793248768009976,0.23,0.7793248768009976,0.23,0.7793248768009976,3.6,7.399999999999999,1.057142857142857,0.0,0.0,0.23,1.18,0.23,1.18,0.4623829729035151,-0.8866803180227399
2020-06-04,0.23,1.18,4.8,0,0.7793248768009976,0.23,0.7793248768009976,0.23,0.7793248768009976,8.4,12.2,1.7428571428571427,0.0,0.0,0.23,1.18,0.23,1.18,0.44709379298511426,-0.8944870822287954
2020-06-05,0.23,1.18,0.0,0,0.7793248768009976,0.23,0.7793248768009976,0.23,0.7793248768009976,7.3999999999999995,12.2,1.7428571428571427,0.0,0.0,0.23,1.18,0.23,1.18,0.43167285247378384,-0.9020302369860707
2020-06-06,0.23,1.18,2.4,0,0.7793248768009976,0.23,0.7793248768009976,0.23,0.7793248768009976,7.199999999999999,14.6,2.085714285714286,0.0,0.0,0.23,1.18,0.23,1.18,0.4161246959914746,-0.9093075592922357
2020-06-07,0.23,1.18,0.8,0,0.7793248768009976,0.23,0.7793248768009976,0.23,0.7793248768009976,3.2,11.6,1.657142857142857,0.0,0.0,0.23,1.18,0.23,1.18,0.4004539056512664,-0.9163169044870048
2020-06-08,0.4,2.88,1.6,0,1.355835153635182,0.23,0.7793248768009976,0.23,0.7793248768009976,4.8,13.2,1.8857142857142857,0.17,1.7,0.2866666666666667,1.7466666666666673,0.25428571428571434,1.422857142857143,0.3846650997070012,-0.923056206884176
2020-06-09,0.23,1.18,0.0,0,0.7793248768009976,0.4,1.355835153635182,0.23,0.7793248768009976,2.4000000000000004,12.2,1.7428571428571427,-0.17,-1.7,0.2866666666666666,1.7466666666666673,0.25428571428571434,1.422857142857143,0.3687629311922603,-0.9295234803804002
2020-06-10,0.23,1.18,0.0,0,0.7793248768009976,0.23,0.7793248768009976,0.4,1.355835153635182,1.6,9.6,1.3714285714285714,0.0,0.0,0.2866666666666666,1.7466666666666673,0.2542857142857143,1.422857142857143,0.352752086549095,-0.9357168190404935
2020-06-11,0.23,1.18,6.0,0,0.7793248768009976,0.23,0.7793248768009976,0.23,0.7793248768009976,6.0,10.8,1.542857142857143,0.0,0.0,0.23,1.18,0.2542857142857143,1.4228571428571428,0.3366372842469106,-0.9416343976591258
2020-06-12,0.23,1.18,1.8,0,0.7793248768009976,0.23,0.7793248768009976,0.23,0.7793248768009976,7.8,12.6,1.8,0.0,0.0,0.23,1.18,0.2542857142857143,1.4228571428571428,0.3204232733919116,-0.9472744722987168
2020-06-13,0.23,1.18,0.0,0,0.7793248768009976,0.23,0.7793248768009976,0.23,0.7793248768009976,7.8,10.2,1.457142857142857,0.0,0.0,0.23,1.18,0.2542857142857143,1.4228571428571428,0.30411483232751846,-0.9526353808033824
2020-06-14,0.23,1.18,0.0,0,0.7793248768009976,0.23,0.7793248768009976,0.23,0.7793248768009976,1.8,9.4,1.342857142857143,0.0,0.0,0.23,1.18,0.2542857142857143,1.4228571428571428,0.2877167672261668,-0.9577155432887804
2020-06-15,0.23,1.18,0.0,0,0.7793248768009976,0.23,0.7793248768009976,0.23,0.7793248768009976,0.0,7.8,1.1142857142857143,0.0,0.0,0.23,1.18,0.23,1.18,0.27123391067291,-0.9625134626077081
2020-06-16,0.23,1.18,7.2,0,0.7793248768009976,0.23,0.7793248768009976,0.23,0.7793248768009976,7.2,15.0,2.142857142857143,0.0,0.0,0.23,1.18,0.23,1.18,0.2546711202412288,-0.9670277247913204
2020-06-17,0.23,1.18,6.6,0,0.7793248768009976,0.23,0.7793248768009976,0.23,0.7793248768009976,13.8,21.6,3.085714285714286,0.0,0.0,0.23,1.18,0.23,1.18,0.2380332770614858,-0.9712569994658313
2020-06-18,0.23,1.18,0.0,0,0.7793248768009976,0.23,0.7793248768009976,0.23,0.7793248768009976,13.8,15.6,2.2285714285714286,0.0,0.0,0.23,1.18,0.23,1.18,0.22132528438243243,-0.9752000402445825
2020-06-19,0.22,1.09,0.0,0,0.7371640659767197,0.23,0.7793248768009976,0.23,0.7793248768009976,6.6,13.799999999999999,1.9714285714285713,-0.010000000000000009,-0.08999999999999986,0.22666666666666666,1.1500000000000006,0.2285714285714286,1.167142857142857,0.2045520661262008,-0.9788556850953578
2020-06-20,0.22,1.09,0.0,0,0.7371640659767197,0.22,0.7371640659767197,0.23,0.7793248768009976,0.0,13.799999999999999,1.9714285714285713,0.0,0.0,0.2233333333333333,1.1200000000000008,0.22714285714285715,1.1542857142857144,0.18771856543719884,-0.9822228566828406
2020-06-21,0.83,17.37,0.0,0,2.9107188992270343,0.22,0.7371640659767197,0.22,0.7371640659767197,0.0,13.799999999999999,1.9714285714285713,0.61,16.28,0.4233333333333333,6.516666666666668,0.31285714285714283,3.4671428571428575,0.17082974322534442,-0.985300562686109
2020-06-22,0.8,15.49,0.0,0,2.8027541365715076,0.83,2.9107188992270343,0.22,0.7371640659767197,0.0,13.799999999999999,1.9714285714285713,-0.029999999999999916,-1.8800000000000008,0.6166666666666667,11.316666666666668,0.3942857142857143,5.511428571428572,0.15389057670406214,-0.9880878960910771
2020-06-23,0.8,15.49,0.0,0,2.8027541365715076,0.8,2.8027541365715076,0.83,2.9107188992270343,0.0,6.6,0.9428571428571428,0.0,0.0,0.81,16.116666666666667,0.4757142857142857,7.555714285714286,0.13690605792347574,-0.9905840354577969
2020-06-24,0.8,15.49,0.0,0,2.8027541365715076,0.8,2.8027541365715076,0.8,2.8027541365715076,0.0,0.0,0.0,0.0,0.0,0.8,15.49,0.5571428571428572,9.6,0.11988119229922782,-0.9927882451625399
2020-06-25,0.8,15.49,3.6,0,2.8027541365715076,0.8,2.8027541365715076,0.8,2.8027541365715076,3.6,3.6,0.5142857142857143,0.0,0.0,0.8,15.49,0.6385714285714287,11.644285714285713,0.10282099713736025,-0.9946998756145891
2020-06-26,0.8,15.49,1.8,0,2.8027541365715076,0.8,2.8027541365715076,0.8,2.8027541365715076,5.4,5.4,0.7714285714285715,0.0,0.0,0.8,15.49,0.7214285714285715,13.701428571428574,0.0857305001556943,-0.9963183634476755
2020-06-27,0.8,15.49,0.0,0,2.8027541365715076,0.8,2.8027541365715076,0.8,2.8027541365715076,5.4,5.4,0.7714285714285715,0.0,0.0,0.8,15.49,0.8042857142857143,15.758571428571429,0.0686147380021341,-0.9976432316860063
2020-06-28,0.8,15.49,0.0,0,2.8027541365715076,0.8,2.8027541365715076,0.8,2.8027541365715076,1.8,5.4,0.7714285714285715,0.0,0.0,0.8,15.49,0.8,15.49,0.05147875477034673,-0.9986740898848305
2020-06-29,0.8,15.49,0.0,0,2.8027541365715076,0.8,2.8027541365715076,0.8,2.8027541365715076,0.0,5.4,0.7714285714285715,0.0,0.0,0.8,15.49,0.8,15.49,0.03432760051324382,-0.9994106342455052
2020-06-30,0.8,15.49,0.0,0,2.8027541365715076,0.8,2.8027541365715076,0.8,2.8027541365715076,0.0,5.4,0.7714285714285715,0.0,0.0,0.8,15.49,0.8,15.49,0.01716632975470737,-0.9998526477050269
2020-07-01,0.8,15.49,0.0,0,2.8027541365715076,0.8,2.8027541365715076,0.8,2.8027541365715076,0.0,5.4,0.7714285714285715,0.0,0.0,0.8,15.49,0.8,15.49,1.2246467991473532e-16,-1.0
2020-07-02,0.8,15.49,0.0,0,2.8027541365715076,0.8,2.8027541365715076,0.8,2.8027541365715076,0.0,1.8,0.2571428571428572,0.0,0.0,0.8,15.49,0.8,15.49,-0.017166329754707124,-0.9998526477050269
2020-07-03,0.8,15.49,0.0,0,2.8027541365715076,0.8,2.8027541365715076,0.8,2.8027541365715076,0.0,0.0,0.0,0.0,0.0,0.8,15.49,0.8,15.49,-0.03432760051324313,-0.9994106342455054
2020-07-04,0.8,15.49,0.0,0,2.8027541365715076,0.8,2.8027541365715076,0.8,2.8027541365715076,0.0,0.0,0.0,0.0,0.0,0.8,15.49,0.8,15.49,-0.051478754770346045,-0.9986740898848305
2020-07-05,0.8,15.49,0.0,0,2.8027541365715076,0.8,2.8027541365715076,0.8,2.8027541365715076,0.0,0.0,0.0,0.0,0.0,0.8,15.49,0.8,15.49,-0.06861473800213432,-0.9976432316860063
2020-07-06,0.8,15.49,0.0,0,2.8027541365715076,0.8,2.8027541365715076,0.8,2.8027541365715076,0.0,0.0,0.0,0.0,0.0,0.8,15.49,0.8,15.49,-0.0857305001556945,-0.9963183634476755
2020-07-07,1.03,30.28,0.0,0,3.4429789156771102,0.8,2.8027541365715076,0.8,2.8027541365715076,0.0,0.0,0.0,0.22999999999999998,14.790000000000001,0.8766666666666666,20.42,0.8328571428571429,17.602857142857143,-0.10282099713736044,-0.9946998756145891
2020-07-08,1.02,29.54,0.0,0,3.4190372997904865,1.03,3.4429789156771102,0.8,2.8027541365715076,0.0,0.0,0.0,-0.010000000000000009,-0.740000000000002,0.9500000000000001,25.103333333333335,0.8642857142857144,19.609999999999996,-0.11988119229922714,-0.99278824516254
2020-07-09,0.91,22.39,0.0,0,3.1523085805960878,1.02,3.4190372997904865,1.03,3.4429789156771102,0.0,0.0,0.0,-0.10999999999999999,-7.149999999999999,0.9866666666666667,27.403333333333336,0.88,20.595714285714287,-0.13690605792347504,-0.990584035457797
2020-07-10,0.91,22.39,0.0,0,3.1523085805960878,0.91,3.1523085805960878,1.02,3.4190372997904865,0.0,0.0,0.0,0.0,0.0,0.9466666666666667,24.773333333333337,0.8957142857142857,21.58142857142857,-0.15389057670406148,-0.9880878960910772
2020-07-11,0.91,22.39,0.0,0,3.1523085805960878,0.91,3.1523085805960878,0.91,3.1523085805960878,0.0,0.0,0.0,0.0,0.0,0.91,22.39,0.9114285714285714,22.567142857142862,-0.17082974322534417,-0.985300562686109
2020-07-12,0.93,23.65,0.0,0,3.204776900488699,0.91,3.1523085805960878,0.91,3.1523085805960878,0.0,0.0,0.0,0.020000000000000018,1.259999999999998,0.9166666666666666,22.810000000000002,0.9299999999999999,23.732857142857142,-0.1877185654371986,-0.9822228566828407
2020-07-13,0.92,23.02,0.0,0,3.1788868166518376,0.93,3.204776900488699,0.91,3.1523085805960878,0.0,0.0,0.0,-0.010000000000000009,-0.629999999999999,0.92,23.02,0.9471428571428573,24.80857142857143,-0.20455206612620058,-0.9788556850953579
2020-07-14,0.91,22.39,0.0,0,3.1523085805960878,0.92,3.1788868166518376,0.93,3.204776900488699,0.0,0.0,0.0,-0.010000000000000009,-0.629999999999999,0.9199999999999999,23.02,0.9299999999999999,23.68142857142857,-0.22132528438243218,-0.9752000402445826
2020-07-15,0.91,22.39,0.0,0,3.1523085805960878,0.91,3.1523085805960878,0.92,3.1788868166518376,0.0,0.0,0.0,0.0,0.0,0.9133333333333334,22.600000000000005,0.9142857142857144,22.66,-0.23803327706148514,-0.9712569994658315
2020-07-16,0.91,22.39,0.0,0,3.1523085805960878,0.91,3.1523085805960878,0.91,3.1523085805960878,0.0,0.0,0.0,0.0,0.0,0.91,22.39,0.9142857142857144,22.66,-0.254671120241229,-0.9670277247913203
2020-07-17,1.05,31.78,0.0,0,3.4898185733156835,0.91,3.1523085805960878,0.91,3.1523085805960878,0.0,0.0,0.0,0.14,9.39,0.9566666666666667,25.520000000000007,0.9342857142857144,24.00142857142857,-0.2712339106729102,-0.9625134626077081
2020-07-18,1.04,31.03,0.0,0,3.466672963621067,1.05,3.4898185733156835,0.91,3.1523085805960878,0.0,0.0,0.0,-0.010000000000000009,-0.75,1.0,28.400000000000006,0.9528571428571428,25.235714285714288,-0.287716767226167,-0.9577155432887803
2020-07-19,1.03,30.28,0.0,0,3.4429789156771102,1.04,3.466672963621067,1.05,3.4898185733156835,0.0,0.0,0.0,-0.010000000000000009,-0.75,1.04,31.030000000000005,0.9671428571428572,26.18285714285714,-0.3041148323275178,-0.9526353808033826
2020-07-20,1.04,31.03,0.0,0,3.466672963621067,1.03,3.4429789156771102,1.04,3.466672963621067,0.0,0.0,0.0,0.010000000000000009,0.75,1.0366666666666668,30.780000000000005,0.9842857142857142,27.327142857142857,-0.32042327339191096,-0.947274472298717
2020-07-21,1.03,30.28,0.0,0,3.4429789156771102,1.04,3.466672963621067,1.03,3.4429789156771102,0.0,0.0,0.0,-0.010000000000000009,-0.75,1.0333333333333334,30.530000000000005,1.0014285714285716,28.454285714285714,-0.3366372842469099,-0.941634397659126
2020-07-22,1.03,30.28,0.0,0,3.4429789156771102,1.03,3.4429789156771102,1.04,3.466672963621067,0.0,0.0,0.0,0.0,0.0,1.0333333333333334,30.530000000000005,1.0185714285714287,29.58142857142857,-0.35275208654909473,-0.9357168190404936
2020-07-23,1.03,30.28,0.0,0,3.4429789156771102,1.03,3.4429789156771102,1.03,3.4429789156771102,0.0,0.0,0.0,0.0,0.0,1.03,30.28,1.0357142857142858,30.708571428571428,-0.36876293119226006,-0.9295234803804003
2020-07-24,1.24,46.3,0.0,0,3.856510295497887,1.03,3.4429789156771102,1.03,3.4429789156771102,0.0,0.0,0.0,0.20999999999999996,16.019999999999996,1.0999999999999999,35.620000000000005,1.0628571428571427,32.78285714285715,-0.38466509970700097,-0.9230562068841761
2020-07-25,1.23,45.48,0.0,0,3.8390221125436557,1.24,3.856510295497887,1.03,3.4429789156771102,0.0,0.0,0.0,-0.010000000000000009,-0.8200000000000003,1.1666666666666667,40.68666666666667,1.09,34.847142857142856,-0.40045390565126615,-0.9163169044870049
2020-07-26,1.23,45.48,0.0,0,3.8390221125436557,1.23,3.8390221125436557,1.24,3.856510295497887,0.0,0.0,0.0,0.0,0.0,1.2333333333333334,45.75333333333333,1.1185714285714285,37.01857142857143,-0.4161246959914748,-0.9093075592922356
2020-07-27,1.17,40.76,0.0,0,3.731938943574383,1.23,3.8390221125436557,1.23,3.8390221125436557,0.0,0.0,0.0,-0.06000000000000005,-4.719999999999999,1.21,43.906666666666666,1.1371428571428572,38.40857142857143,-0.431672852473784,-0.9020302369860707
2020-07-28,1.17,40.76,0.0,0,3.731938943574383,1.17,3.731938943574383,1.23,3.8390221125436557,0.0,0.0,0.0,0.0,0.0,1.1900000000000002,42.333333333333336,1.157142857142857,39.90571428571429,-0.44709379298511404,-0.8944870822287955
2020-07-29,1.17,40.76,0.0,0,3.731938943574383,1.17,3.731938943574383,1.17,3.731938943574383,0.0,0.0,0.0,0.0,0.0,1.17,40.76,1.1771428571428573,41.402857142857144,-0.4623829729035149,-0.88668031802274
2020-07-30,1.17,40.76,2.8,0,3.731938943574383,1.17,3.731938943574383,1.17,3.731938943574383,2.8,2.8,0.39999999999999997,0.0,0.0,1.17,40.76,1.1971428571428573,42.89999999999999,-0.4775358864374881,-0.8786122450571483
2020-07-31,1.16,40.01,0.0,0,3.713815939403968,1.17,3.731938943574383,1.17,3.731938943574383,2.8,2.8,0.39999999999999997,-0.010000000000000009,-0.75,1.1666666666666665,40.51,1.1857142857142857,42.00142857142857,-0.4925480679538642,-0.8702852410301554
2020-08-01,1.16,40.01,0.0,0,3.713815939403968,1.16,3.713815939403968,1.17,3.731938943574383,2.8,2.8,0.39999999999999997,0.0,0.0,1.1633333333333333,40.260000000000005,1.1757142857142855,41.21999999999999,-0.5074150932938452,-0.8617017599480683
2020-08-02,1.16,40.01,0.0,0,3.713815939403968,1.16,3.713815939403968,1.16,3.713815939403968,0.0,2.8,0.39999999999999997,0.0,0.0,1.16,40.01,1.1657142857142857,40.43857142857143,-0.5221325810768248,-0.8528643314021597
2020-08-03,1.16,40.01,0.0,0,3.713815939403968,1.16,3.713815939403968,1.16,3.713815939403968,0.0,2.8,0.39999999999999997,0.0,0.0,1.16,40.01,1.1642857142857144,40.33142857142857,-0.5366961939916003,-0.8437755598231858
2020-08-04,1.16,40.01,0.0,0,3.713815939403968,1.16,3.713815939403968,1.16,3.713815939403968,0.0,2.8,0.39999999999999997,0.0,0.0,1.16,40.01,1.162857142857143,40.22428571428571,-0.5511016400745998,-0.8344381237138474
2020-08-05,1.16,40.01,0.0,0,3.713815939403968,1.16,3.713815939403968,1.16,3.713815939403968,0.0,2.8,0.39999999999999997,0.0,0.0,1.16,40.01,1.1614285714285713,40.11714285714286,-0.5653446739747425,-0.8248547748594246
2020-08-06,1.16,40.01,0.0,0,3.713815939403968,1.16,3.713815939403968,1.16,3.713815939403968,0.0,0.0,0.0,0.0,0.0,1.16,40.01,1.16,40.01,-0.5794210982045637,-0.8150283375168114
2020-08-07,1.16,40.01,0.0,0,3.713815939403968,1.16,3.713815939403968,1.16,3.713815939403968,0.0,0.0,0.0,0.0,0.0,1.16,40.01,1.16,40.01,-0.5933267643772321,-0.8049617075821958
2020-08-08,1.14,38.51,14.2,0,3.6765538044232993,1.16,3.713815939403968,1.16,3.713815939403968,14.2,14.2,2.0285714285714285,-0.020000000000000018,-1.5,1.153333333333333,39.51,1.157142857142857,39.79571428571428,-0.6070575744291004,-0.794657851737625
2020-08-09,1.14,38.51,0.0,0,3.6765538044232993,1.14,3.6765538044232993,1.16,3.713815939403968,14.2,14.2,2.0285714285714285,0.0,0.0,1.1466666666666665,39.010000000000005,1.1542857142857141,39.58142857142857,-0.6206094818274228,-0.7841198065767104
2020-08-10,1.14,38.51,0.0,0,3.6765538044232993,1.14,3.6765538044232993,1.14,3.6765538044232993,14.2,14.2,2.0285714285714285,0.0,0.0,1.14,38.51,1.1514285714285712,39.36714285714286,-0.6339784927628865,-0.77335067770973
2020-08-11,1.14,38.51,14.0,0,3.6765538044232993,1.14,3.6765538044232993,1.14,3.6765538044232993,14.0,28.2,4.0285714285714285,0.0,0.0,1.14,38.51,1.1485714285714284,39.152857142857144,-0.6471606673266059,-0.7623536388483905
2020-08-12,1.1,35.52,2.0,0,3.597860055726768,1.14,3.6765538044232993,1.14,3.6765538044232993,16.0,30.2,4.314285714285714,-0.039999999999999813,-2.989999999999995,1.1266666666666667,37.51333333333334,1.14,38.51142857142857,-0.6601521206712315,-0.7511319308705201
2020-08-13,1.06,32.53,0.0,0,3.512440560478137,1.1,3.597860055726768,1.14,3.6765538044232993,16.0,30.2,4.314285714285714,-0.040000000000000036,-2.990000000000002,1.0999999999999999,35.52000000000001,1.1257142857142857,37.44285714285714,-0.6729490241558326,-0.7396888608649671
2020-08-14,1.06,32.53,0.2,0,3.512440560478137,1.06,3.512440560478137,1.1,3.597860055726768,2.2,30.4,4.3428571428571425,0.0,0.0,1.0733333333333335,33.52666666666667,1.1114285714285714,36.37428571428571,-0.6855476064742154,-0.7280278011569848
2020-08-15,1.06,32.53,0.0,0,3.512440560478137,1.06,3.512440560478137,1.06,3.512440560478137,0.2,16.2,2.314285714285714,0.0,0.0,1.06,32.53,1.1,35.519999999999996,-0.6979441547663433,-0.7161521883143935
2020-08-16,1.06,32.53,0.0,0,3.512440560478137,1.06,3.512440560478137,1.06,3.512440560478137,0.2,16.2,2.314285714285714,0.0,0.0,1.06,32.53,1.0885714285714285,34.66571428571429,-0.7101350157125356,-0.7040655221348059
2020-08-17,1.06,32.53,6.2,0,3.512440560478137,1.06,3.512440560478137,1.06,3.512440560478137,6.2,22.4,3.1999999999999997,0.0,0.0,1.06,32.53,1.0771428571428572,33.81142857142857,-0.7221165966101161,-0.691771364614222
2020-08-18,1.06,32.53,0.8,0,3.512440560478137,1.06,3.512440560478137,1.06,3.512440560478137,7.0,9.200000000000001,1.3142857142857145,0.0,0.0,1.06,32.53,1.0657142857142858,32.95714285714286,-0.7338853664321993,-0.6792733388972929
2020-08-19,1.06,32.53,0.0,0,3.512440560478137,1.06,3.512440560478137,1.06,3.512440560478137,7.0,7.2,1.0285714285714287,0.0,0.0,1.06,32.53,1.06,32.53,-0.7454378568683003,-0.6665751282095631
2020-08-20,1.06,32.53,4.8,0,3.512440560478137,1.06,3.512440560478137,1.06,3.512440560478137,5.6,12.0,1.7142857142857142,0.0,0.0,1.06,32.53,1.06,32.53,-0.7567706633464625,-0.653680474772006
2020-08-21,1.02,29.54,0.0,0,3.4190372997904865,1.06,3.512440560478137,1.06,3.512440560478137,4.8,11.8,1.6857142857142857,-0.040000000000000036,-2.990000000000002,1.0466666666666666,31.533333333333335,1.0542857142857143,32.10285714285715,-0.7678804460366,-0.6405931786981752
2020-08-22,1.02,29.54,0.0,0,3.4190372997904865,1.02,3.4190372997904865,1.06,3.512440560478137,4.8,11.8,1.6857142857142857,0.0,0.0,1.0333333333333334,30.536666666666672,1.0485714285714287,31.67571428571429,-0.7787639308347605,-0.627317096874294
2020-08-23,1.02,29.54,0.0,0,3.4190372997904865,1.02,3.4190372997904865,1.02,3.4190372997904865,0.0,11.8,1.6857142857142857,0.0,0.0,1.02,29.54,1.042857142857143,31.24857142857143,-0.7894179103280194,-0.6138561418226122
2020-08-24,1.02,29.54,0.0,0,3.4190372997904865,1.02,3.4190372997904865,1.02,3.4190372997904865,0.0,5.6,0.7999999999999999,0.0,0.0,1.02,29.54,1.0371428571428571,30.821428571428573,-0.7998392447397191,-0.6002142805483686
2020-08-25,1.02,29.54,0.0,0,3.4190372997904865,1.02,3.4190372997904865,1.02,3.4190372997904865,0.0,4.8,0.6857142857142857,0.0,0.0,1.02,29.54,1.0314285714285714,30.39428571428571,-0.8100248628547748,-0.5863955333706962
2020-08-26,1.09,34.77,0.0,0,3.5771095532709265,1.02,3.4190372997904865,1.02,3.4190372997904865,0.0,4.8,0.6857142857142857,0.07000000000000006,5.230000000000004,1.0433333333333334,31.283333333333342,1.0357142857142858,30.714285714285715,-0.8199717629247767,-0.5724039727378154
2020-08-27,1.09,34.77,0.0,0,3.5771095532709265,1.09,3.5771095532709265,1.02,3.4190372997904865,0.0,0.0,0.0,0.0,0.0,1.0666666666666667,33.02666666666668,1.04,31.034285714285716,-0.8296770135526185,-0.5582437220268655
2020-08-28,1.09,34.77,0.0,0,3.5771095532709265,1.09,3.5771095532709265,1.09,3.5771095532709265,0.0,0.0,0.0,0.0,0.0,1.09,34.77,1.05,31.78142857142857,-0.8391377545563938,-0.5439189543287248
2020-08-29,1.06,32.53,11.2,0,3.512440560478137,1.09,3.5771095532709265,1.09,3.5771095532709265,11.2,11.2,1.5999999999999999,-0.030000000000000027,-2.240000000000002,1.08,34.02333333333334,1.0557142857142858,32.20857142857143,-0.8483511978123038,-0.5294338912181854
2020-08-30,1.02,29.54,0.4,0,3.4190372997904865,1.06,3.512440560478137,1.09,3.5771095532709265,11.6,11.6,1.657142857142857,-0.040000000000000036,-2.990000000000002,1.0566666666666669,32.28000000000001,1.0557142857142858,32.20857142857143,-0.8573146280763322,-0.514792801509831
2020-08-31,1.03,30.28,0.0,0,3.4429789156771102,1.02,3.4190372997904865,1.06,3.512440560478137,11.6,11.6,1.657142857142857,0.010000000000000009,0.740000000000002,1.0366666666666668,30.783333333333342,1.0571428571428572,32.31428571428572,-0.8660254037844385,-0.5000000000000004
2020-09-01,1.03,30.28,0.0,0,3.4429789156771102,1.03,3.4429789156771102,1.02,3.4190372997904865,0.4,11.6,1.657142857142857,0.0,0.0,1.0266666666666666,30.033333333333342,1.0585714285714285,32.42,-0.8744809578310394,-0.4850598461951967
2020-09-02,1.03,30.28,0.2,0,3.4429789156771102,1.03,3.4429789156771102,1.03,3.4429789156771102,0.2,11.799999999999999,1.6857142857142855,0.0,0.0,1.03,30.28,1.05,31.778571428571432,-0.8826787983255475,-0.4699767430273199
2020-09-03,1.03,30.28,0.0,0,3.4429789156771102,1.03,3.4429789156771102,1.03,3.4429789156771102,0.2,11.799999999999999,1.6857142857142855,0.0,0.0,1.03,30.28,1.0414285714285714,31.13714285714286,-0.8906165093267404,-0.45475513555610575
2020-09-04,1.03,30.28,0.0,0,3.4429789156771102,1.03,3.4429789156771102,1.03,3.4429789156771102,0.2,11.799999999999999,1.6857142857142855,0.0,0.0,1.03,30.28,1.032857142857143,30.495714285714286,-0.8982917515547529,-0.43939950965914165
2020-09-05,1.03,30.28,0.2,0,3.4429789156771102,1.03,3.4429789156771102,1.03,3.4429789156771102,0.2,0.8,0.1142857142857143,0.0,0.0,1.03,30.28,1.0285714285714285,30.174285714285713,-0.9057022630804714,-0.42391439070986087
2020-09-06,1.03,30.28,0.4,0,3.4429789156771102,1.03,3.4429789156771102,1.03,3.4429789156771102,0.6000000000000001,0.8,0.1142857142857143,0.0,0.0,1.03,30.28,1.03,30.28,-0.9128458599921354,-0.40830434224389367
2020-09-07,1.03,30.28,0.0,0,3.4429789156771102,1.03,3.4429789156771102,1.03,3.4429789156771102,0.6000000000000001,0.8,0.1142857142857143,0.0,0.0,1.03,30.28,1.03,30.28,-0.9197204370389468,-0.3925739646141714
2020-09-08,1.03,30.28,0.0,0,3.4429789156771102,1.03,3.4429789156771102,1.03,3.4429789156771102,0.4,0.8,0.1142857142857143,0.0,0.0,1.03,30.28,1.03,30.28,-0.9263239682514951,-0.3767278936351848
2020-09-09,1.03,30.28,0.0,0,3.4429789156771102,1.03,3.4429789156771102,1.03,3.4429789156771102,0.0,0.6000000000000001,0.08571428571428573,0.0,0.0,1.03,30.28,1.03,30.28,-0.9326545075388225,-0.3607707992167831
2020-09-10,1.05,31.78,0.2,0,3.4898185733156835,1.03,3.4429789156771102,1.03,3.4429789156771102,0.2,0.8,0.1142857142857143,0.020000000000000018,1.5,1.0366666666666668,30.780000000000005,1.032857142857143,30.494285714285716,-0.9387101892619443,-0.3447073839879337
2020-09-11,1.03,30.28,0.0,0,3.4429789156771102,1.05,3.4898185733156835,1.03,3.4429789156771102,0.2,0.8,0.1142857142857143,-0.020000000000000018,-1.5,1.0366666666666666,30.780000000000005,1.032857142857143,30.494285714285716,-0.9444892287836613,-0.32854238191083474
2020-09-12,1.03,30.28,0.0,0,3.4429789156771102,1.03,3.4429789156771102,1.05,3.4898185733156835,0.2,0.6000000000000001,0.08571428571428573,0.0,0.0,1.0366666666666668,30.780000000000005,1.032857142857143,30.494285714285716,-0.9499899229945009,-0.3122805568857948
2020-09-13,1.03,30.28,0.0,0,3.4429789156771102,1.03,3.4429789156771102,1.03,3.4429789156771102,0.0,0.2,0.028571428571428574,0.0,0.0,1.03,30.28,1.032857142857143,30.494285714285716,-0.9552106508146316,-0.29592670134728966
2020-09-14,1.03,30.28,6.4,0,3.4429789156771102,1.03,3.4429789156771102,1.03,3.4429789156771102,6.4,6.6000000000000005,0.942857142857143,0.0,0.0,1.03,30.28,1.032857142857143,30.494285714285716,-0.9601498736716017,-0.2794856348516098
2020-09-15,1.03,30.28,0.0,0,3.4429789156771102,1.03,3.4429789156771102,1.03,3.4429789156771102,6.4,6.6000000000000005,0.942857142857143,0.0,0.0,1.03,30.28,1.032857142857143,30.494285714285716,-0.9648061359537644,-0.2629622026565152
2020-09-16,1.03,30.28,0.6,0,3.4429789156771102,1.03,3.4429789156771102,1.03,3.4429789156771102,7.0,7.2,1.0285714285714287,0.0,0.0,1.03,30.28,1.032857142857143,30.494285714285716,-0.9691780654392534,-0.24636127429331536
2020-09-17,1.03,30.28,4.8,0,3.4429789156771102,1.03,3.4429789156771102,1.03,3.4429789156771102,5.3999999999999995,11.8,1.6857142857142857,0.0,0.0,1.03,30.28,1.03,30.28,-0.9732643737003823,-0.2296877421317963
2020-09-18,1.03,30.28,2.2,0,3.4429789156771102,1.03,3.4429789156771102,1.03,3.4429789156771102,7.6,14.0,2.0,0.0,0.0,1.03,30.28,1.03,30.28,-0.9770638564833508,-0.21294651993841573
2020-09-19,0.96,25.53,0.2,0,3.2782761681496484,1.03,3.4429789156771102,1.03,3.4429789156771102,7.2,14.2,2.0285714285714285,-0.07000000000000006,-4.75,1.0066666666666666,28.696666666666673,1.02,29.601428571428574,-0.9805753940631429,-0.19614254142819712
2020-09-20,0.88,20.51,0.8,0,3.068517943279639,0.96,3.2782761681496484,1.03,3.4429789156771102,3.2,15.0,2.142857142857143,-0.07999999999999996,-5.02,0.9566666666666667,25.44000000000001,0.9985714285714286,28.205714285714286,-0.9837979515735163,-0.1792807588107359
2020-09-21,0.88,20.51,0.6,0,3.068517943279639,0.88,3.068517943279639,0.96,3.2782761681496484,1.6,9.2,1.3142857142857143,0.0,0.0,0.9066666666666666,22.183333333333337,0.9771428571428571,26.810000000000002,-0.9867305793119814,-0.16236614133076413
2020-09-22,0.88,20.51,0.0,0,3.068517943279639,0.88,3.068517943279639,0.88,3.068517943279639,1.4,9.2,1.3142857142857143,0.0,0.0,0.88,20.51,0.9557142857142857,25.414285714285715,-0.9893724130196829,-0.14540367380369032
2020-09-23,0.91,22.39,6.8,0,3.1523085805960878,0.88,3.068517943279639,0.88,3.068517943279639,7.3999999999999995,15.399999999999999,2.1999999999999997,0.030000000000000027,1.879999999999999,0.89,21.13666666666667,0.9385714285714286,24.28714285714286,-0.9917226741361014,-0.12839835514655154
2020-09-24,0.88,20.51,4.2,0,3.068517943279639,0.91,3.1523085805960878,0.88,3.068517943279639,11.0,14.799999999999999,2.1142857142857143,-0.030000000000000027,-1.879999999999999,0.89,21.136666666666674,0.9171428571428571,22.891428571428573,-0.9937806700284985,-0.11135519690480865
2020-09-25,0.88,20.51,4.0,0,3.068517943279639,0.88,3.068517943279639,0.91,3.1523085805960878,15.0,16.6,2.3714285714285714,0.0,0.0,0.89,21.136666666666674,0.8957142857142857,21.495714285714286,-0.9955457941960382,-0.09427922177542443
2020-09-26,0.88,20.51,5.8,0,3.068517943279639,0.88,3.068517943279639,0.88,3.068517943279639,14.0,22.2,3.1714285714285713,0.0,0.0,0.88,20.51,0.8842857142857142,20.778571428571432,-0.9970175264485267,-0.07717546212664643
2020-09-27,0.88,20.51,0.0,0,3.068517943279639,0.88,3.068517943279639,0.88,3.068517943279639,9.8,21.4,3.057142857142857,0.0,0.0,0.88,20.51,0.8842857142857142,20.778571428571432,-0.998195433059714,-0.06004895851494849
2020-09-28,0.79,14.98,0.0,0,2.7713379403381286,0.88,3.068517943279639,0.88,3.068517943279639,5.8,20.799999999999997,2.971428571428571,-0.08999999999999997,-5.530000000000001,0.85,18.66666666666667,0.8714285714285713,19.98857142857143,-0.9990791668951153,-0.04290475819955383
2020-09-29,0.69,9.99,0.0,0,2.39698576841553,0.79,2.7713379403381286,0.88,3.068517943279639,0.0,20.799999999999997,2.971428571428571,-0.10000000000000009,-4.99,0.7866666666666667,15.160000000000005,0.8442857142857143,18.485714285714288,-0.9996684675143132,-0.025747913654988113
2020-09-30,0.69,9.99,0.0,0,2.39698576841553,0.69,2.39698576841553,0.79,2.7713379403381286,0.0,14.0,2.0,0.0,0.0,0.7233333333333333,11.653333333333338,0.8128571428571428,16.714285714285715,-0.9999631612477099,-0.008583481082086734
2020-10-01,0.69,9.99,14.2,0,2.39698576841553,0.69,2.39698576841553,0.69,2.39698576841553,14.2,24.0,3.4285714285714284,0.0,0.0,0.69,9.99,0.7857142857142857,15.211428571428572,-0.9999631612477099,0.008583481082087254
2020-10-02,0.69,9.99,4.4,0,2.39698576841553,0.69,2.39698576841553,0.69,2.39698576841553,18.6,24.4,3.4857142857142853,0.0,0.0,0.69,9.99,0.7585714285714287,13.70857142857143,-0.999668467514313,0.025747913654988634
2020-10-03,0.69,9.99,0.2,0,2.39698576841553,0.69,2.39698576841553,0.69,2.39698576841553,18.8,18.799999999999997,2.6857142857142855,0.0,0.0,0.69,9.99,0.7314285714285714,12.205714285714288,-0.9990791668951153,0.04290475819955435
2020-10-04,0.41,3.02,1.6,0,1.3912819026309295,0.69,2.39698576841553,0.69,2.39698576841553,6.2,20.4,2.914285714285714,-0.27999999999999997,-6.970000000000001,0.5966666666666666,7.666666666666671,0.6642857142857144,9.707142857142857,-0.998195433059714,0.06004895851494813
2020-10-05,0.23,1.18,0.4,0,0.7793248768009976,0.41,1.3912819026309295,0.69,2.39698576841553,2.2,20.799999999999997,2.971428571428571,-0.17999999999999997,-1.84,0.4433333333333333,4.730000000000005,0.5842857142857143,7.735714285714286,-0.9970175264485267,0.07717546212664607
2020-10-06,0.23,1.18,0.0,0,0.7793248768009976,0.23,0.7793248768009976,0.41,1.3912819026309295,2.0,20.799999999999997,2.971428571428571,0.0,0.0,0.29,1.793333333333338,0.5185714285714286,6.477142857142857,-0.9955457941960382,0.09427922177542405
2020-10-07,0.21,0.99,0.2,0,0.688134638736401,0.23,0.7793248768009976,0.23,0.7793248768009976,0.6000000000000001,20.999999999999996,2.9999999999999996,-0.020000000000000018,-0.18999999999999995,0.22333333333333336,1.1166666666666714,0.45,5.191428571428571,-0.9937806700284985,0.11135519690480827
2020-10-08,0.2,0.9,0.0,0,0.6418538861723948,0.21,0.688134638736401,0.23,0.7793248768009976,0.2,6.799999999999999,0.9714285714285713,-0.009999999999999981,-0.08999999999999997,0.21333333333333335,1.023333333333338,0.37999999999999995,3.8928571428571432,-0.9917226741361016,0.1283983551465503
2020-10-09,0.22,1.09,0.4,0,0.7371640659767197,0.2,0.6418538861723948,0.21,0.688134638736401,0.6000000000000001,2.7999999999999985,0.3999999999999998,0.01999999999999999,0.19000000000000006,0.21,0.9933333333333381,0.31285714285714283,2.6214285714285714,-0.9893724130196829,0.14540367380368996
2020-10-10,0.63,7.86,2.0,0,2.1815467646169897,0.22,0.7371640659767197,0.2,0.6418538861723948,2.4,4.599999999999998,0.6571428571428568,0.41000000000000003,6.7700000000000005,0.35000000000000003,3.283333333333338,0.30428571428571427,2.317142857142857,-0.9867305793119814,0.16236614133076377
2020-10-11,0.62,7.5,5.8,0,2.1400661634962708,0.63,2.1815467646169897,0.22,0.7371640659767197,8.2,8.799999999999997,1.2571428571428567,-0.010000000000000009,-0.3600000000000003,0.49,5.483333333333338,0.33428571428571424,2.9571428571428577,-0.9837979515735163,0.17928075881073555
2020-10-12,0.62,7.5,8.0,0,2.1400661634962708,0.62,2.1400661634962708,0.63,2.1815467646169897,15.799999999999999,16.4,2.3428571428571425,0.0,0.0,0.6233333333333334,7.6200000000000045,0.39,3.8600000000000003,-0.980575394063143,0.19614254142819676
2020-10-13,0.62,7.5,6.4,0,2.1400661634962708,0.62,2.1400661634962708,0.62,2.1400661634962708,20.2,22.799999999999997,3.2571428571428567,0.0,0.0,0.62,7.5,0.44571428571428573,4.762857142857143,-0.9770638564833509,0.21294651993841537
2020-10-14,0.22,1.09,17.8,0,0.7371640659767197,0.62,2.1400661634962708,0.62,2.1400661634962708,32.2,40.4,5.771428571428571,-0.4,-6.41,0.48666666666666664,5.363333333333338,0.4471428571428572,4.777142857142857,-0.9732643737003827,0.22968774213179508
2020-10-15,0.22,1.09,11.6,0,0.7371640659767197,0.22,0.7371640659767197,0.62,2.1400661634962708,35.8,52.0,7.428571428571429,0.0,0.0,0.35333333333333333,3.226666666666672,0.45,4.804285714285714,-0.9691780654392538,0.24636127429331414
2020-10-16,0.22,1.09,0.0,0,0.7371640659767197,0.22,0.7371640659767197,0.22,0.7371640659767197,29.4,51.6,7.371428571428572,0.0,0.0,0.22,1.09,0.45,4.804285714285713,-0.9648061359537647,0.262962202656514
2020-10-17,0.22,1.09,0.0,0,0.7371640659767197,0.22,0.7371640659767197,0.22,0.7371640659767197,11.599999999999996,49.6,7.085714285714286,0.0,0.0,0.22,1.09,0.3914285714285714,3.837142857142857,-0.9601498736716018,0.2794856348516095
2020-10-18,0.22,1.09,0.0,0,0.7371640659767197,0.22,0.7371640659767197,0.22,0.7371640659767197,0.0,43.8,6.257142857142857,0.0,0.0,0.22,1.09,0.33428571428571435,2.9214285714285713,-0.9552106508146317,0.2959267013472893
2020-10-19,0.22,1.09,5.2,0,0.7371640659767197,0.22,0.7371640659767197,0.22,0.7371640659767197,5.199999999999997,40.99999999999999,5.857142857142856,0.0,0.0,0.22,1.09,0.2771428571428572,2.005714285714286,-0.9499899229945011,0.3122805568857945
2020-10-20,0.23,1.18,31.4,0,0.7793248768009976,0.22,0.7371640659767197,0.22,0.7371640659767197,36.599999999999994,66.0,9.428571428571429,0.010000000000000009,0.08999999999999986,0.22333333333333336,1.1200000000000048,0.22142857142857145,1.102857142857143,-0.9444892287836614,0.3285423819108344
2020-10-21,0.23,1.18,3.4,0,0.7793248768009976,0.23,0.7793248768009976,0.22,0.7371640659767197,39.99999999999999,51.6,7.371428571428572,0.0,0.0,0.22666666666666668,1.1500000000000048,0.22285714285714286,1.1157142857142859,-0.938710189261944,0.3447073839879342
2020-10-22,0.22,1.09,0.2,0,0.7371640659767197,0.23,0.7793248768009976,0.23,0.7793248768009976,34.99999999999999,40.199999999999996,5.742857142857142,-0.010000000000000009,-0.08999999999999986,0.22666666666666668,1.1500000000000048,0.22285714285714286,1.1157142857142859,-0.9326545075388223,0.3607707992167836
2020-10-23,0.22,1.09,0.0,0,0.7371640659767197,0.22,0.7371640659767197,0.23,0.7793248768009976,3.5999999999999965,40.199999999999996,5.742857142857142,0.0,0.0,0.22333333333333336,1.1200000000000048,0.22285714285714286,1.1157142857142859,-0.9263239682514949,0.3767278936351853
2020-10-24,0.22,1.09,0.4,0,0.7371640659767197,0.22,0.7371640659767197,0.22,0.7371640659767197,0.5999999999999965,40.599999999999994,5.799999999999999,0.0,0.0,0.22,1.09,0.22285714285714284,1.1157142857142859,-0.9197204370389466,0.3925739646141719
2020-10-25,0.22,1.09,9.2,0,0.7371640659767197,0.22,0.7371640659767197,0.22,0.7371640659767197,9.599999999999996,49.8,7.114285714285714,0.0,0.0,0.22,1.09,0.22285714285714286,1.1157142857142859,-0.9128458599921356,0.40830434224389334
2020-10-26,0.22,1.09,0.0,0,0.7371640659767197,0.22,0.7371640659767197,0.22,0.7371640659767197,9.599999999999996,44.599999999999994,6.371428571428571,0.0,0.0,0.22,1.09,0.22285714285714286,1.1157142857142859,-0.9057022630804715,0.42391439070986053
2020-10-27,0.21,0.99,0.0,0,0.688134638736401,0.22,0.7371640659767197,0.22,0.7371640659767197,9.199999999999996,13.199999999999996,1.885714285714285,-0.010000000000000009,-0.10000000000000009,0.21666666666666667,1.0566666666666715,0.22,1.0885714285714285,-0.898291751554753,0.4393995096591413
2020-10-28,0.23,1.18,0.0,0,0.7793248768009976,0.21,0.688134638736401,0.22,0.7371640659767197,0.0,9.799999999999995,1.3999999999999992,0.020000000000000018,0.18999999999999995,0.22,1.0866666666666713,0.22,1.0885714285714285,-0.8906165093267406,0.4547551355561054
2020-10-29,0.22,1.09,0.0,0,0.7371640659767197,0.23,0.7793248768009976,0.21,0.688134638736401,0.0,9.599999999999996,1.3714285714285708,-0.010000000000000009,-0.08999999999999986,0.22,1.0866666666666716,0.22,1.0885714285714287,-0.8826787983255476,0.46997674302731957
2020-10-30,0.22,1.09,0.0,0,0.7371640659767197,0.22,0.7371640659767197,0.23,0.7793248768009976,0.0,9.599999999999996,1.3714285714285708,0.0,0.0,0.22333333333333336,1.1200000000000048,0.22,1.0885714285714287,-0.8744809578310401,0.4850598461951956
2020-10-31,0.22,1.09,0.0,0,0.7371640659767197,0.22,0.7371640659767197,0.22,0.7371640659767197,0.0,9.199999999999996,1.3142857142857136,0.0,0.0,0.22,1.09,0.22,1.0885714285714285,-0.8660254037844386,0.5000000000000001
2020-11-01,0.22,1.09,0.0,0,0.7371640659767197,0.22,0.7371640659767197,0.22,0.7371640659767197,0.0,0.0,0.0,0.0,0.0,0.22,1.09,0.21999999999999997,1.0885714285714285,-0.8573146280763323,0.5147928015098306
2020-11-02,0.23,1.18,9.4,0,0.7793248768009976,0.22,0.7371640659767197,0.22,0.7371640659767197,9.399999999999997,9.399999999999997,1.3428571428571423,0.010000000000000009,0.08999999999999986,0.22333333333333336,1.1200000000000048,0.2214285714285714,1.1014285714285716,-0.848351197812304,0.5294338912181851
2020-11-03,0.23,1.18,1.0,0,0.7793248768009976,0.23,0.7793248768009976,0.22,0.7371640659767197,10.399999999999997,10.399999999999997,1.4857142857142853,0.0,0.0,0.22666666666666668,1.1500000000000048,0.22428571428571428,1.1285714285714286,-0.8391377545563939,0.5439189543287245
2020-11-04,0.22,1.09,0.4,0,0.7371640659767197,0.23,0.7793248768009976,0.23,0.7793248768009976,10.799999999999997,10.799999999999997,1.5428571428571425,-0.010000000000000009,-0.08999999999999986,0.22666666666666668,1.1500000000000048,0.22285714285714286,1.1157142857142859,-0.8296770135526191,0.5582437220268645
2020-11-05,0.22,1.09,0.4,0,0.7371640659767197,0.22,0.7371640659767197,0.23,0.7793248768009976,1.7999999999999965,11.199999999999998,1.5999999999999996,0.0,0.0,0.22333333333333336,1.1200000000000048,0.22285714285714286,1.1157142857142859,-0.8199717629247775,0.5724039727378144
2020-11-06,0.23,1.18,4.0,0,0.7793248768009976,0.22,0.7371640659767197,0.22,0.7371640659767197,4.799999999999996,15.199999999999996,2.171428571428571,0.010000000000000009,0.08999999999999986,0.22333333333333336,1.1200000000000048,0.22428571428571428,1.1285714285714286,-0.8100248628547756,0.5863955333706952
2020-11-07,0.23,1.18,0.4,0,0.7793248768009976,0.23,0.7793248768009976,0.22,0.7371640659767197,4.799999999999996,15.599999999999996,2.228571428571428,0.0,0.0,0.22666666666666668,1.1500000000000048,0.22571428571428573,1.1414285714285715,-0.7998392447397198,0.6002142805483676
2020-11-08,0.23,1.18,0.2,0,0.7793248768009976,0.23,0.7793248768009976,0.23,0.7793248768009976,4.599999999999996,15.799999999999997,2.2571428571428567,0.0,0.0,0.23,1.18,0.22714285714285715,1.1542857142857144,-0.7894179103280197,0.613856141822612
2020-11-09,0.23,1.18,0.0,0,0.7793248768009976,0.23,0.7793248768009976,0.23,0.7793248768009976,0.5999999999999965,6.399999999999996,0.9142857142857137,0.0,0.0,0.23,1.18,0.22714285714285712,1.1542857142857144,-0.7787639308347607,0.6273170968742937
2020-11-10,0.23,1.18,0.0,0,0.7793248768009976,0.23,0.7793248768009976,0.23,0.7793248768009976,0.19999999999999646,5.399999999999996,0.7714285714285708,0.0,0.0,0.23,1.18,0.22714285714285712,1.1542857142857144,-0.7678804460366002,0.640593178698175
2020-11-11,0.23,1.18,0.0,0,0.7793248768009976,0.23,0.7793248768009976,0.23,0.7793248768009976,0.0,4.999999999999996,0.7142857142857136,0.0,0.0,0.23,1.18,0.2285714285714286,1.167142857142857,-0.7567706633464628,0.6536804747720056
2020-11-12,0.23,1.18,0.0,0,0.7793248768009976,0.23,0.7793248768009976,0.23,0.7793248768009976,0.0,4.599999999999996,0.6571428571428566,0.0,0.0,0.23,1.18,0.23,1.18,-0.7454378568682999,0.6665751282095634
2020-11-13,0.23,1.18,0.0,0,0.7793248768009976,0.23,0.7793248768009976,0.23,0.7793248768009976,0.0,0.5999999999999965,0.08571428571428522,0.0,0.0,0.23,1.18,0.23,1.18,-0.7338853664321989,0.6792733388972934
2020-11-14,0.23,1.18,0.0,0,0.7793248768009976,0.23,0.7793248768009976,0.23,0.7793248768009976,0.0,0.19999999999999646,0.028571428571428064,0.0,0.0,0.23,1.18,0.23,1.18,-0.7221165966101161,0.6917713646142221
2020-11-15,0.23,1.18,1.4,0,0.7793248768009976,0.23,0.7793248768009976,0.23,0.7793248768009976,1.3999999999999964,1.3999999999999964,0.19999999999999948,0.0,0.0,0.23,1.18,0.23,1.18,-0.7101350157125358,0.7040655221348057
2020-11-16,0.23,1.18,0.0,0,0.7793248768009976,0.23,0.7793248768009976,0.23,0.7793248768009976,1.3999999999999964,1.3999999999999964,0.19999999999999948,0.0,0.0,0.23,1.18,0.23,1.18,-0.6979441547663436,0.7161521883143932
2020-11-17,0.61,7.15,0.0,0,2.0980179272527715,0.23,0.7793248768009976,0.23,0.7793248768009976,1.3999999999999964,1.3999999999999964,0.19999999999999948,0.38,5.970000000000001,0.3566666666666667,3.170000000000005,0.2842857142857143,2.032857142857143,-0.6855476064742156,0.7280278011569846
2020-11-18,0.24,1.28,0.0,0,0.8241754429663494,0.61,2.0980179272527715,0.23,0.7793248768009976,0.0,1.3999999999999964,0.19999999999999948,-0.37,-5.87,0.36000000000000004,3.203333333333338,0.2857142857142857,2.047142857142857,-0.6729490241558331,0.7396888608649665
2020-11-19,0.24,1.28,0.0,0,0.8241754429663494,0.24,0.8241754429663494,0.61,2.0980179272527715,0.0,1.3999999999999964,0.19999999999999948,0.0,0.0,0.3633333333333333,3.2366666666666717,0.2871428571428571,2.0614285714285714,-0.6601521206712321,0.7511319308705195
2020-11-20,0.22,1.09,0.0,0,0.7371640659767197,0.24,0.8241754429663494,0.24,0.8241754429663494,0.0,1.3999999999999964,0.19999999999999948,-0.01999999999999999,-0.18999999999999995,0.23333333333333328,1.2166666666666714,0.2857142857142857,2.0485714285714285,-0.6471606673266065,0.7623536388483899
2020-11-21,0.22,1.09,0.0,0,0.7371640659767197,0.22,0.7371640659767197,0.24,0.8241754429663494,0.0,1.3999999999999964,0.19999999999999948,0.0,0.0,0.22666666666666666,1.153333333333338,0.2842857142857143,2.0357142857142856,-0.6339784927628872,0.7733506777097294
2020-11-22,0.22,1.09,0.0,0,0.7371640659767197,0.22,0.7371640659767197,0.22,0.7371640659767197,0.0,0.0,0.0,0.0,0.0,0.22,1.09,0.28285714285714286,2.0228571428571427,-0.6206094818274227,0.7841198065767104
2020-11-23,0.22,1.09,0.0,0,0.7371640659767197,0.22,0.7371640659767197,0.22,0.7371640659767197,0.0,0.0,0.0,0.0,0.0,0.22,1.09,0.2814285714285715,2.0100000000000002,-0.607057574429101,0.7946578517376245
2020-11-24,0.22,1.09,0.0,0,0.7371640659767197,0.22,0.7371640659767197,0.22,0.7371640659767197,0.0,0.0,0.0,0.0,0.0,0.22,1.09,0.22571428571428573,1.1442857142857144,-0.5933267643772321,0.8049617075821958
2020-11-25,0.22,1.09,0.0,0,0.7371640659767197,0.22,0.7371640659767197,0.22,0.7371640659767197,0.0,0.0,0.0,0.0,0.0,0.22,1.09,0.22285714285714286,1.1171428571428572,-0.5794210982045647,0.8150283375168107
2020-11-26,0.22,1.09,0.0,0,0.7371640659767197,0.22,0.7371640659767197,0.22,0.7371640659767197,0.0,0.0,0.0,0.0,0.0,0.22,1.09,0.22,1.09,-0.5653446739747432,0.8248547748594242
2020-11-27,0.22,1.09,0.0,0,0.7371640659767197,0.22,0.7371640659767197,0.22,0.7371640659767197,0.0,0.0,0.0,0.0,0.0,0.22,1.09,0.22,1.09,-0.5511016400745998,0.8344381237138475
2020-11-28,0.22,1.09,0.0,0,0.7371640659767197,0.22,0.7371640659767197,0.22,0.7371640659767197,0.0,0.0,0.0,0.0,0.0,0.22,1.09,0.22,1.09,-0.5366961939916011,0.8437755598231853
2020-11-29,0.22,1.09,0.0,0,0.7371640659767197,0.22,0.7371640659767197,0.22,0.7371640659767197,0.0,0.0,0.0,0.0,0.0,0.22,1.09,0.22,1.09,-0.5221325810768248,0.8528643314021598
2020-11-30,0.22,1.09,0.0,0,0.7371640659767197,0.22,0.7371640659767197,0.22,0.7371640659767197,0.0,0.0,0.0,0.0,0.0,0.22,1.09,0.22,1.09,-0.5074150932938463,0.8617017599480677
2020-12-01,0.22,1.09,1.0,0,0.7371640659767197,0.22,0.7371640659767197,0.22,0.7371640659767197,0.9999999999999964,0.9999999999999964,0.14285714285714235,0.0,0.0,0.22,1.09,0.22,1.09,-0.4925480679538645,0.8702852410301551
2020-12-02,0.22,1.09,1.4,0,0.7371640659767197,0.22,0.7371640659767197,0.22,0.7371640659767197,2.3999999999999964,2.3999999999999964,0.34285714285714236,0.0,0.0,0.22,1.09,0.22,1.09,-0.47753588643748845,0.8786122450571482
2020-12-03,0.22,1.09,6.6,0,0.7371640659767197,0.22,0.7371640659767197,0.22,0.7371640659767197,8.999999999999996,8.999999999999996,1.2857142857142851,0.0,0.0,0.22,1.09,0.22,1.09,-0.4623829729035152,0.8866803180227398
2020-12-04,0.22,1.09,0.4,0,0.7371640659767197,0.22,0.7371640659767197,0.22,0.7371640659767197,8.399999999999997,9.399999999999997,1.3428571428571423,0.0,0.0,0.22,1.09,0.22,1.09,-0.44709379298511437,0.8944870822287954
2020-12-05,0.22,1.09,3.4,0,0.7371640659767197,0.22,0.7371640659767197,0.22,0.7371640659767197,10.399999999999995,12.799999999999997,1.828571428571428,0.0,0.0,0.22,1.09,0.22,1.09,-0.43167285247378356,0.9020302369860709
2020-12-06,0.22,1.09,15.6,0,0.7371640659767197,0.22,0.7371640659767197,0.22,0.7371640659767197,19.4,28.399999999999995,4.057142857142856,0.0,0.0,0.22,1.09,0.22,1.09,-0.4161246959914751,0.9093075592922355
2020-12-07,0.23,1.18,4.8,0,0.7793248768009976,0.22,0.7371640659767197,0.22,0.7371640659767197,23.799999999999997,33.199999999999996,4.742857142857142,0.010000000000000009,0.08999999999999986,0.2233333333333333,1.1200000000000048,0.22142857142857145,1.102857142857143,-0.4004539056512665,0.9163169044870048
2020-12-08,0.23,1.18,16.2,0,0.7793248768009976,0.23,0.7793248768009976,0.22,0.7371640659767197,36.599999999999994,48.39999999999999,6.914285714285713,0.0,0.0,0.22666666666666666,1.1500000000000048,0.22285714285714286,1.1157142857142859,-0.3846650997070013,0.923056206884176
2020-12-09,0.22,1.09,3.0,0,0.7371640659767197,0.23,0.7793248768009976,0.23,0.7793248768009976,23.999999999999996,50.0,7.142857142857143,-0.010000000000000009,-0.08999999999999986,0.22666666666666666,1.1500000000000048,0.22285714285714286,1.1157142857142859,-0.3687629311922604,0.9295234803804002
2020-12-10,0.22,1.09,8.0,0,0.7371640659767197,0.22,0.7371640659767197,0.23,0.7793248768009976,27.199999999999996,51.39999999999999,7.342857142857142,0.0,0.0,0.2233333333333333,1.1200000000000048,0.22285714285714286,1.1157142857142859,-0.3527520865490943,0.9357168190404939
2020-12-11,0.22,1.09,0.0,0,0.7371640659767197,0.22,0.7371640659767197,0.22,0.7371640659767197,10.999999999999996,51.0,7.285714285714286,0.0,0.0,0.22,1.09,0.22285714285714286,1.1157142857142859,-0.3366372842469107,0.9416343976591258
2020-12-12,0.22,1.09,0.2,0,0.7371640659767197,0.22,0.7371640659767197,0.22,0.7371640659767197,8.199999999999996,47.8,6.828571428571428,0.0,0.0,0.22,1.09,0.22285714285714286,1.1157142857142859,-0.3204232733919109,0.947274472298717
2020-12-13,0.22,1.09,0.0,0,0.7371640659767197,0.22,0.7371640659767197,0.22,0.7371640659767197,0.19999999999999646,32.199999999999996,4.6,0.0,0.0,0.22,1.09,0.22285714285714286,1.1157142857142859,-0.30411483232751857,0.9526353808033823
2020-12-14,0.22,1.09,8.6,0,0.7371640659767197,0.22,0.7371640659767197,0.22,0.7371640659767197,8.799999999999995,35.99999999999999,5.1428571428571415,0.0,0.0,0.22,1.09,0.22142857142857145,1.102857142857143,-0.28771676722616696,0.9577155432887803
2020-12-15,0.22,1.09,0.0,0,0.7371640659767197,0.22,0.7371640659767197,0.22,0.7371640659767197,8.599999999999996,19.799999999999997,2.8285714285714283,0.0,0.0,0.22,1.09,0.22,1.09,-0.27123391067291097,0.9625134626077079
2020-12-16,0.22,1.09,4.8,0,0.7371640659767197,0.22,0.7371640659767197,0.22,0.7371640659767197,13.399999999999995,21.599999999999994,3.085714285714285,0.0,0.0,0.22,1.09,0.22,1.09,-0.25467112024122895,0.9670277247913203
2020-12-17,0.22,1.09,0.2,0,0.7371640659767197,0.22,0.7371640659767197,0.22,0.7371640659767197,4.9999999999999964,13.799999999999995,1.9714285714285709,0.0,0.0,0.22,1.09,0.22,1.09,-0.23803327706148678,0.9712569994658311
2020-12-18,0.23,1.18,0.6,0,0.7793248768009976,0.22,0.7371640659767197,0.22,0.7371640659767197,5.599999999999996,14.399999999999995,2.0571428571428565,0.010000000000000009,0.08999999999999986,0.2233333333333333,1.1200000000000048,0.22142857142857145,1.102857142857143,-0.22132528438243296,0.9752000402445824
2020-12-19,0.21,0.99,0.0,0,0.688134638736401,0.23,0.7793248768009976,0.22,0.7371640659767197,0.7999999999999965,14.199999999999996,2.028571428571428,-0.020000000000000018,-0.18999999999999995,0.21999999999999997,1.0866666666666716,0.22,1.0885714285714287,-0.2045520661262005,0.9788556850953579
2020-12-20,0.21,0.99,1.6,0,0.688134638736401,0.21,0.688134638736401,0.23,0.7793248768009976,2.1999999999999966,15.799999999999995,2.2571428571428567,0.0,0.0,0.21666666666666665,1.0533333333333381,0.21857142857142858,1.0742857142857143,-0.1877185654371994,0.9822228566828405
2020-12-21,0.22,1.09,0.0,0,0.7371640659767197,0.21,0.688134638736401,0.21,0.688134638736401,1.5999999999999965,7.199999999999997,1.028571428571428,0.010000000000000009,0.10000000000000009,0.2133333333333333,1.023333333333338,0.21857142857142858,1.0742857142857143,-0.17082974322534408,0.985300562686109
2020-12-22,0.48,4.02,0.0,0,1.6134299337036377,0.22,0.7371640659767197,0.21,0.688134638736401,1.5999999999999965,7.199999999999997,1.028571428571428,0.26,2.9299999999999997,0.3033333333333333,2.033333333333338,0.2557142857142857,1.4928571428571427,-0.1538905767040627,0.9880878960910771
2020-12-23,0.23,1.18,0.2,0,0.7793248768009976,0.48,1.6134299337036377,0.22,0.7371640659767197,0.19999999999999646,2.5999999999999965,0.37142857142857094,-0.24999999999999997,-2.84,0.31,2.096666666666671,0.2571428571428572,1.5057142857142856,-0.1369060579234754,0.9905840354577969
2020-12-24,0.23,1.18,4.2,0,0.7793248768009976,0.23,0.7793248768009976,0.48,1.6134299337036377,4.399999999999997,6.599999999999996,0.9428571428571423,0.0,0.0,0.3133333333333333,2.126666666666671,0.25857142857142856,1.5185714285714285,-0.1198811922992275,0.99278824516254
2020-12-25,0.23,1.18,3.4,0,0.7793248768009976,0.23,0.7793248768009976,0.23,0.7793248768009976,7.799999999999997,9.399999999999997,1.3428571428571423,0.0,0.0,0.23,1.18,0.25857142857142856,1.5185714285714285,-0.1028209971373608,0.9946998756145891
2020-12-26,0.23,1.18,1.6,0,0.7793248768009976,0.23,0.7793248768009976,0.23,0.7793248768009976,9.199999999999996,10.999999999999996,1.571428571428571,0.0,0.0,0.23,1.18,0.26142857142857145,1.5457142857142858,-0.08573050015569487,0.9963183634476755
2020-12-27,0.23,1.18,7.6,0,0.7793248768009976,0.23,0.7793248768009976,0.23,0.7793248768009976,12.599999999999996,16.999999999999996,2.428571428571428,0.0,0.0,0.23,1.18,0.2642857142857143,1.5728571428571427,-0.06861473800213468,0.9976432316860063
2020-12-28,0.23,1.18,1.6,0,0.7793248768009976,0.23,0.7793248768009976,0.23,0.7793248768009976,10.799999999999995,18.599999999999998,2.657142857142857,0.0,0.0,0.23,1.18,0.26571428571428574,1.5857142857142856,-0.05147875477034641,0.9986740898848305
2020-12-29,0.23,1.18,1.6,0,0.7793248768009976,0.23,0.7793248768009976,0.23,0.7793248768009976,10.799999999999997,20.199999999999996,2.8857142857142852,0.0,0.0,0.23,1.18,0.23,1.18,-0.034327600513243496,0.9994106342455052
2020-12-30,0.23,1.18,1.6,0,0.7793248768009976,0.23,0.7793248768009976,0.23,0.7793248768009976,4.800000000000001,21.599999999999998,3.0857142857142854,0.0,0.0,0.23,1.18,0.23,1.18,-0.017166329754707492,0.9998526477050269
2020-12-31,0.23,1.18,3.0,0,0.7793248768009976,0.23,0.7793248768009976,0.23,0.7793248768009976,6.199999999999997,20.399999999999995,2.9142857142857137,0.0,0.0,0.23,1.18,0.23,1.18,-2.4492935982947064e-16,1.0
2021-01-01,0.23,1.18,0.4,0,0.7793248768009976,0.23,0.7793248768009976,0.23,0.7793248768009976,4.9999999999999964,17.4,2.4857142857142853,0.0,0.0,0.23,1.18,0.23,1.18,0.01716632975470737,0.9998526477050269
2021-01-02,0.23,1.18,0.2,0,0.7793248768009976,0.23,0.7793248768009976,0.23,0.7793248768009976,3.5999999999999965,15.999999999999995,2.285714285714285,0.0,0.0,0.23,1.18,0.23,1.18,0.034327600513243496,0.9994106342455052
2021-01-03,0.23,1.18,7.4,0,0.7793248768009976,0.23,0.7793248768009976,0.23,0.7793248768009976,7.9999999999999964,15.799999999999997,2.2571428571428567,0.0,0.0,0.23,1.18,0.23,1.18,0.05147875477034653,0.9986740898848305
2021-01-04,0.23,1.18,1.8,0,0.7793248768009976,0.23,0.7793248768009976,0.23,0.7793248768009976,9.399999999999997,15.999999999999996,2.285714285714285,0.0,0.0,0.23,1.18,0.23,1.18,0.06861473800213404,0.9976432316860063
2021-01-05,0.23,1.18,4.8,0,0.7793248768009976,0.23,0.7793248768009976,0.23,0.7793248768009976,13.999999999999996,19.199999999999996,2.7428571428571424,0.0,0.0,0.23,1.18,0.23,1.18,0.08573050015569435,0.9963183634476755
2021-01-06,0.23,1.18,8.0,0,0.7793248768009976,0.23,0.7793248768009976,0.23,0.7793248768009976,14.599999999999996,25.599999999999994,3.657142857142856,0.0,0.0,0.23,1.18,0.23,1.18,0.1028209971373604,0.9946998756145891
2021-01-07,0.23,1.18,1.6,0,0.7793248768009976,0.23,0.7793248768009976,0.23,0.7793248768009976,14.399999999999995,24.199999999999996,3.4571428571428564,0.0,0.0,0.23,1.18,0.23,1.18,0.11988119229922722,0.99278824516254
2021-01-08,0.23,1.18,0.0,0,0.7793248768009976,0.23,0.7793248768009976,0.23,0.7793248768009976,9.599999999999996,23.799999999999997,3.3999999999999995,0.0,0.0,0.23,1.18,0.23,1.18,0.13690605792347524,0.990584035457797
2021-01-09,0.23,1.18,0.0,0,0.7793248768009976,0.23,0.7793248768009976,0.23,0.7793248768009976,1.5999999999999965,23.599999999999998,3.371428571428571,0.0,0.0,0.23,1.18,0.23,1.18,0.15389057670406178,0.9880878960910772
2021-01-10,0.23,1.18,0.8,0,0.7793248768009976,0.23,0.7793248768009976,0.23,0.7793248768009976,0.7999999999999965,16.999999999999993,2.4285714285714275,0.0,0.0,0.23,1.18,0.23,1.18,0.17082974322534417,0.985300562686109
2021-01-11,0.23,1.18,0.2,0,0.7793248768009976,0.23,0.7793248768009976,0.23,0.7793248768009976,0.9999999999999964,15.399999999999995,2.1999999999999993,0.0,0.0,0.23,1.18,0.23,1.18,0.1877185654371987,0.9822228566828407
2021-01-12,0.23,1.18,0.0,0,0.7793248768009976,0.23,0.7793248768009976,0.23,0.7793248768009976,0.9999999999999964,10.599999999999994,1.5142857142857136,0.0,0.0,0.23,1.18,0.23,1.18,0.2045520661262008,0.9788556850953578
2021-01-13,0.23,1.18,0.0,0,0.7793248768009976,0.23,0.7793248768009976,0.23,0.7793248768009976,0.19999999999999646,2.5999999999999956,0.37142857142857083,0.0,0.0,0.23,1.18,0.23,1.18,0.22132528438243257,0.9752000402445825
2021-01-14,0.23,1.18,1.2,0,0.7793248768009976,0.23,0.7793248768009976,0.23,0.7793248768009976,1.1999999999999964,2.1999999999999957,0.31428571428571367,0.0,0.0,0.23,1.18,0.23,1.18,0.2380332770614856,0.9712569994658314
2021-01-15,0.23,1.18,0.0,0,0.7793248768009976,0.23,0.7793248768009976,0.23,0.7793248768009976,1.1999999999999964,2.1999999999999957,0.31428571428571367,0.0,0.0,0.23,1.18,0.23,1.18,0.2546711202412287,0.9670277247913204
2021-01-16,0.23,1.18,0.2,0,0.7793248768009976,0.23,0.7793248768009976,0.23,0.7793248768009976,1.3999999999999964,2.3999999999999955,0.3428571428571422,0.0,0.0,0.23,1.18,0.23,1.18,0.27123391067291003,0.9625134626077081
2021-01-17,0.23,1.18,1.4,0,0.7793248768009976,0.23,0.7793248768009976,0.23,0.7793248768009976,1.5999999999999963,2.9999999999999956,0.42857142857142794,0.0,0.0,0.23,1.18,0.23,1.18,0.287716767226167,0.9577155432887803
2021-01-18,0.23,1.18,0.0,0,0.7793248768009976,0.23,0.7793248768009976,0.23,0.7793248768009976,1.5999999999999963,2.7999999999999954,0.39999999999999936,0.0,0.0,0.23,1.18,0.23,1.18,0.30411483232751785,0.9526353808033826
2021-01-19,0.23,1.18,0.6,0,0.7793248768009976,0.23,0.7793248768009976,0.23,0.7793248768009976,1.9999999999999964,3.399999999999995,0.485714285714285,0.0,0.0,0.23,1.18,0.23,1.18,0.3204232733919111,0.9472744722987169
2021-01-20,0.24,1.28,1.0,0,0.8241754429663494,0.23,0.7793248768009976,0.23,0.7793248768009976,1.5999999999999965,4.399999999999995,0.6285714285714279,0.009999999999999981,0.10000000000000009,0.2333333333333333,1.213333333333338,0.23142857142857146,1.1942857142857142,0.33663728424691025,0.9416343976591259
2021-01-21,0.24,1.28,12.4,0,0.8241754429663494,0.24,0.8241754429663494,0.23,0.7793248768009976,13.999999999999996,15.599999999999996,2.228571428571428,0.0,0.0,0.23666666666666666,1.2466666666666715,0.23285714285714285,1.2085714285714284,0.3527520865490948,0.9357168190404936
2021-01-22,0.28,1.65,0.8,0,0.9745596399981308,0.24,0.8241754429663494,0.24,0.8241754429663494,14.199999999999998,16.399999999999995,2.342857142857142,0.040000000000000036,0.3699999999999999,0.2533333333333333,1.403333333333338,0.24000000000000002,1.2757142857142856,0.3687629311922601,0.9295234803804003
2021-01-23,0.24,1.28,8.8,0,0.8241754429663494,0.28,0.9745596399981308,0.24,0.8241754429663494,22.0,25.0,3.5714285714285716,-0.040000000000000036,-0.3699999999999999,0.2533333333333333,1.403333333333338,0.2414285714285714,1.2899999999999998,0.3846650997070012,0.9230562068841761
2021-01-24,0.24,1.28,4.2,0,0.8241754429663494,0.24,0.8241754429663494,0.28,0.9745596399981308,13.799999999999997,27.799999999999997,3.971428571428571,0.0,0.0,0.2533333333333333,1.403333333333338,0.24285714285714288,1.3042857142857145,0.40045390565126643,0.9163169044870048
2021-01-25,0.24,1.28,4.0,0,0.8241754429663494,0.24,0.8241754429663494,0.24,0.8241754429663494,16.999999999999996,31.799999999999997,4.542857142857143,0.0,0.0,0.24,1.28,0.24428571428571427,1.3185714285714287,0.41612469599147445,0.9093075592922358
2021-01-26,0.24,1.28,0.4,0,0.8241754429663494,0.24,0.8241754429663494,0.24,0.8241754429663494,8.599999999999996,31.599999999999998,4.514285714285714,0.0,0.0,0.24,1.28,0.24571428571428575,1.332857142857143,0.43167285247378384,0.9020302369860707
2021-01-27,0.23,1.18,0.2,0,0.7793248768009976,0.24,0.8241754429663494,0.24,0.8241754429663494,4.599999999999996,30.799999999999997,4.3999999999999995,-0.009999999999999981,-0.10000000000000009,0.2366666666666666,1.2466666666666715,0.24428571428571427,1.3185714285714287,0.44709379298511387,0.8944870822287956
2021-01-28,0.62,7.5,0.0,0,2.1400661634962708,0.23,0.7793248768009976,0.24,0.8241754429663494,0.5999999999999965,18.4,2.6285714285714286,0.39,6.32,0.3633333333333333,3.320000000000005,0.29857142857142854,2.207142857142857,0.4623829729035149,0.88668031802274
2021-01-29,0.25,1.37,1.0,0,0.8628899551470398,0.62,2.1400661634962708,0.23,0.7793248768009976,1.1999999999999966,18.599999999999998,2.657142857142857,-0.37,-6.13,0.36666666666666664,3.350000000000005,0.2942857142857142,2.1671428571428573,0.47753588643748823,0.8786122450571483
2021-01-30,0.24,1.28,0.4,0,0.8241754429663494,0.25,0.8628899551470398,0.62,2.1400661634962708,1.3999999999999968,10.199999999999998,1.4571428571428569,-0.010000000000000009,-0.09000000000000008,0.36999999999999994,3.383333333333338,0.2942857142857143,2.1671428571428573,0.4925480679538643,0.8702852410301553
2021-01-31,0.24,1.28,0.6,0,0.8241754429663494,0.24,0.8241754429663494,0.25,0.8628899551470398,1.9999999999999967,6.599999999999996,0.9428571428571423,0.0,0.0,0.2433333333333333,1.3100000000000047,0.2942857142857142,2.1671428571428573,0.5074150932938455,0.8617017599480682
2021-02-01,0.24,1.28,0.0,0,0.8241754429663494,0.24,0.8241754429663494,0.24,0.8241754429663494,0.9999999999999967,2.5999999999999965,0.37142857142857094,0.0,0.0,0.24,1.28,0.2942857142857143,2.1671428571428573,0.5221325810768248,0.8528643314021597
2021-02-02,0.25,1.37,2.6,0,0.8628899551470398,0.24,0.8241754429663494,0.24,0.8241754429663494,3.1999999999999966,4.799999999999997,0.6857142857142853,0.010000000000000009,0.09000000000000008,0.2433333333333333,1.3100000000000047,0.2957142857142857,2.18,0.5366961939916004,0.8437755598231856
2021-02-03,0.23,1.18,0.6,0,0.7793248768009976,0.25,0.8628899551470398,0.24,0.8241754429663494,3.1999999999999966,5.199999999999997,0.7428571428571423,-0.01999999999999999,-0.19000000000000017,0.23999999999999996,1.2766666666666715,0.2957142857142857,2.18,0.5511016400746002,0.8344381237138473
2021-02-04,0.29,1.75,15.2,0,1.0116009116784799,0.23,0.7793248768009976,0.25,0.8628899551470398,18.399999999999995,20.399999999999995,2.9142857142857137,0.05999999999999997,0.5700000000000001,0.25666666666666665,1.433333333333338,0.24857142857142858,1.3585714285714285,0.5653446739747429,0.8248547748594244
2021-02-05,0.23,1.18,11.2,0,0.7793248768009976,0.29,1.0116009116784799,0.23,0.7793248768009976,26.999999999999993,30.599999999999994,4.371428571428571,-0.05999999999999997,-0.5700000000000001,0.24999999999999997,1.3700000000000045,0.24571428571428572,1.3314285714285714,0.5794210982045637,0.8150283375168114
2021-02-06,0.23,1.18,2.4,0,0.7793248768009976,0.23,0.7793248768009976,0.29,1.0116009116784799,28.799999999999994,32.599999999999994,4.657142857142857,0.0,0.0,0.25,1.3700000000000045,0.24428571428571427,1.317142857142857,0.593326764377232,0.8049617075821959
2021-02-07,0.22,1.09,0.4,0,0.7371640659767197,0.23,0.7793248768009976,0.23,0.7793248768009976,13.999999999999996,32.39999999999999,4.628571428571427,-0.010000000000000009,-0.08999999999999986,0.22666666666666666,1.1500000000000048,0.2414285714285714,1.2900000000000003,0.6070575744291002,0.7946578517376252
2021-02-08,0.23,1.18,0.6,0,0.7793248768009976,0.22,0.7371640659767197,0.23,0.7793248768009976,3.3999999999999964,32.99999999999999,4.7142857142857135,0.010000000000000009,0.08999999999999986,0.22666666666666666,1.1500000000000048,0.24000000000000002,1.2757142857142856,0.6206094818274227,0.7841198065767104
2021-02-09,0.24,1.28,6.2,0,0.8241754429663494,0.23,0.7793248768009976,0.22,0.7371640659767197,7.199999999999997,36.599999999999994,5.228571428571428,0.009999999999999981,0.10000000000000009,0.22999999999999998,1.183333333333338,0.23857142857142857,1.262857142857143,0.6339784927628866,0.7733506777097299
2021-02-10,0.23,1.18,0.2,0,0.7793248768009976,0.24,0.8241754429663494,0.23,0.7793248768009976,6.9999999999999964,36.19999999999999,5.17142857142857,-0.009999999999999981,-0.10000000000000009,0.2333333333333333,1.213333333333338,0.2385714285714286,1.262857142857143,0.647160667326606,0.7623536388483904
2021-02-11,0.23,1.18,3.2,0,0.7793248768009976,0.23,0.7793248768009976,0.24,0.8241754429663494,9.599999999999998,24.199999999999996,3.4571428571428564,0.0,0.0,0.2333333333333333,1.213333333333338,0.23,1.1814285714285713,0.6601521206712317,0.7511319308705199
2021-02-12,0.25,1.37,8.6,0,0.8628899551470398,0.23,0.7793248768009976,0.23,0.7793248768009976,11.999999999999996,21.599999999999994,3.085714285714285,0.01999999999999999,0.19000000000000017,0.23666666666666666,1.2433333333333378,0.23285714285714287,1.2085714285714284,0.6729490241558329,0.7396888608649668
2021-02-13,0.23,1.18,0.2,0,0.7793248768009976,0.25,0.8628899551470398,0.23,0.7793248768009976,11.999999999999996,19.4,2.7714285714285714,-0.01999999999999999,-0.19000000000000017,0.23666666666666666,1.243333333333338,0.23285714285714287,1.2085714285714286,0.6855476064742154,0.7280278011569848
2021-02-14,0.23,1.18,0.0,0,0.7793248768009976,0.23,0.7793248768009976,0.25,0.8628899551470398,8.799999999999995,18.999999999999996,2.714285714285714,0.0,0.0,0.23666666666666666,1.2433333333333378,0.2342857142857143,1.2214285714285715,0.6979441547663435,0.7161521883143933
2021-02-15,0.23,1.18,0.0,0,0.7793248768009976,0.23,0.7793248768009976,0.23,0.7793248768009976,0.19999999999999646,18.4,2.6285714285714286,0.0,0.0,0.23,1.18,0.2342857142857143,1.2214285714285715,0.7101350157125358,0.7040655221348057
2021-02-16,0.23,1.18,1.0,0,0.7793248768009976,0.23,0.7793248768009976,0.23,0.7793248768009976,0.9999999999999964,13.199999999999996,1.885714285714285,0.0,0.0,0.23,1.18,0.23285714285714285,1.207142857142857,0.7221165966101162,0.6917713646142218
2021-02-17,0.63,7.86,0.2,0,2.1815467646169897,0.23,0.7793248768009976,0.23,0.7793248768009976,1.1999999999999964,13.199999999999998,1.8857142857142855,0.4,6.680000000000001,0.3633333333333333,3.4066666666666716,0.29000000000000004,2.1614285714285715,0.733885366432199,0.6792733388972931
2021-02-18,0.26,1.46,0.0,0,0.9001613499442714,0.63,2.1815467646169897,0.23,0.7793248768009976,1.1999999999999964,9.999999999999996,1.4285714285714282,-0.37,-6.4,0.37333333333333335,3.500000000000005,0.2942857142857143,2.2014285714285715,0.7454378568683001,0.6665751282095632
2021-02-19,0.25,1.37,0.0,0,0.8628899551470398,0.26,0.9001613499442714,0.63,2.1815467646169897,0.19999999999999646,1.3999999999999964,0.19999999999999948,-0.010000000000000009,-0.08999999999999986,0.38000000000000006,3.5633333333333383,0.2942857142857143,2.2014285714285715,0.7567706633464626,0.653680474772006
2021-02-20,0.25,1.37,0.0,0,0.8628899551470398,0.25,0.8628899551470398,0.26,0.9001613499442714,0.0,1.1999999999999964,0.1714285714285709,0.0,0.0,0.2533333333333333,1.4000000000000048,0.29714285714285715,2.2285714285714286,0.7678804460366,0.6405931786981751
2021-02-21,0.25,1.37,19.0,0,0.8628899551470398,0.25,0.8628899551470398,0.25,0.8628899551470398,18.999999999999996,20.199999999999996,2.8857142857142852,0.0,0.0,0.25,1.37,0.3,2.255714285714286,0.7787639308347607,0.6273170968742937
2021-02-22,0.25,1.37,0.2,0,0.8628899551470398,0.25,0.8628899551470398,0.25,0.8628899551470398,19.199999999999996,20.399999999999995,2.9142857142857137,0.0,0.0,0.25,1.37,0.3028571428571429,2.282857142857143,0.7894179103280197,0.613856141822612
2021-02-23,0.23,1.18,0.0,0,0.7793248768009976,0.25,0.8628899551470398,0.25,0.8628899551470398,19.199999999999996,19.399999999999995,2.771428571428571,-0.01999999999999999,-0.19000000000000017,0.2433333333333333,1.3066666666666713,0.3028571428571429,2.2828571428571434,0.7998392447397193,0.6002142805483682
2021-02-24,0.23,1.18,0.0,0,0.7793248768009976,0.23,0.7793248768009976,0.25,0.8628899551470398,0.19999999999999646,19.199999999999996,2.7428571428571424,0.0,0.0,0.23666666666666666,1.243333333333338,0.24571428571428572,1.3285714285714287,0.8100248628547753,0.5863955333706956
2021-02-25,0.23,1.18,0.2,0,0.7793248768009976,0.23,0.7793248768009976,0.23,0.7793248768009976,0.19999999999999646,19.399999999999995,2.771428571428571,0.0,0.0,0.23,1.18,0.2414285714285714,1.2885714285714285,0.8199717629247771,0.5724039727378148
2021-02-26,0.23,1.18,0.0,0,0.7793248768009976,0.23,0.7793248768009976,0.23,0.7793248768009976,0.19999999999999646,19.399999999999995,2.771428571428571,0.0,0.0,0.23,1.18,0.23857142857142857,1.2614285714285713,0.8296770135526188,0.5582437220268648
2021-02-27,0.23,1.18,0.0,0,0.7793248768009976,0.23,0.7793248768009976,0.23,0.7793248768009976,0.19999999999999646,19.399999999999995,2.771428571428571,0.0,0.0,0.23,1.18,0.23571428571428574,1.2342857142857144,0.8391377545563938,0.5439189543287247
2021-02-28,0.23,1.18,1.2,0,0.7793248768009976,0.23,0.7793248768009976,0.23,0.7793248768009976,1.1999999999999964,1.5999999999999965,0.22857142857142806,0.0,0.0,0.23,1.18,0.23285714285714287,1.207142857142857,0.8483511978123038,0.5294338912181853
2021-03-01,0.24,1.28,0.0,0,0.8241754429663494,0.23,0.7793248768009976,0.23,0.7793248768009976,1.1999999999999964,1.3999999999999966,0.1999999999999995,0.009999999999999981,0.10000000000000009,0.2333333333333333,1.213333333333338,0.23142857142857146,1.1942857142857142,0.8573146280763322,0.5147928015098309
2021-03-02,0.23,1.18,0.4,0,0.7793248768009976,0.24,0.8241754429663494,0.23,0.7793248768009976,1.5999999999999965,1.7999999999999967,0.2571428571428567,-0.009999999999999981,-0.10000000000000009,0.2333333333333333,1.213333333333338,0.23142857142857146,1.1942857142857142,0.8660254037844386,0.5000000000000001
2021-03-03,0.23,1.18,0.0,0,0.7793248768009976,0.23,0.7793248768009976,0.24,0.8241754429663494,0.39999999999999647,1.7999999999999967,0.2571428571428567,0.0,0.0,0.2333333333333333,1.213333333333338,0.23142857142857146,1.1942857142857142,0.8744809578310397,0.4850598461951962
2021-03-04,0.23,1.18,0.0,0,0.7793248768009976,0.23,0.7793248768009976,0.23,0.7793248768009976,0.39999999999999647,1.5999999999999965,0.22857142857142806,0.0,0.0,0.23,1.18,0.23142857142857146,1.1942857142857142,0.8826787983255474,0.46997674302731995
2021-03-05,0.23,1.18,0.0,0,0.7793248768009976,0.23,0.7793248768009976,0.23,0.7793248768009976,0.0,1.5999999999999965,0.22857142857142806,0.0,0.0,0.23,1.18,0.23142857142857146,1.1942857142857142,0.8906165093267404,0.4547551355561058
2021-03-06,0.23,1.18,0.0,0,0.7793248768009976,0.23,0.7793248768009976,0.23,0.7793248768009976,0.0,1.5999999999999965,0.22857142857142806,0.0,0.0,0.23,1.18,0.2314285714285714,1.1942857142857142,0.8982917515547528,0.4393995096591417
2021-03-07,0.23,1.18,0.0,0,0.7793248768009976,0.23,0.7793248768009976,0.23,0.7793248768009976,0.0,0.3999999999999967,0.05714285714285667,0.0,0.0,0.23,1.18,0.23142857142857146,1.1942857142857142,0.9057022630804714,0.42391439070986076
2021-03-08,0.23,1.18,0.4,0,0.7793248768009976,0.23,0.7793248768009976,0.23,0.7793248768009976,0.39999999999999647,0.7999999999999967,0.11428571428571381,0.0,0.0,0.23,1.18,0.23,1.18,0.9128458599921356,0.40830434224389334
2021-03-09,0.23,1.18,0.0,0,0.7793248768009976,0.23,0.7793248768009976,0.23,0.7793248768009976,0.39999999999999647,0.3999999999999967,0.05714285714285667,0.0,0.0,0.23,1.18,0.23,1.18,0.9197204370389467,0.3925739646141717
2021-03-10,0.57,5.9,0.0,0,1.9315214116032138,0.23,0.7793248768009976,0.23,0.7793248768009976,0.39999999999999647,0.3999999999999967,0.05714285714285667,0.33999999999999997,4.720000000000001,0.34333333333333327,2.7533333333333387,0.2785714285714286,1.8542857142857143,0.926323968251495,0.3767278936351851
2021-03-11,0.27,1.56,3.4,0,0.9400072584914712,0.57,1.9315214116032138,0.23,0.7793248768009976,3.3999999999999964,3.7999999999999967,0.5428571428571424,-0.29999999999999993,-4.34,0.35666666666666663,2.880000000000005,0.2842857142857143,1.9085714285714286,0.9326545075388224,0.36077079921678346
2021-03-12,0.26,1.46,0.0,0,0.9001613499442714,0.27,0.9400072584914712,0.57,1.9315214116032138,3.3999999999999964,3.7999999999999967,0.5428571428571424,-0.010000000000000009,-0.10000000000000009,0.3666666666666667,2.973333333333338,0.2885714285714286,1.9485714285714286,0.9387101892619443,0.3447073839879338
2021-03-13,0.25,1.37,0.6,0,0.8628899551470398,0.26,0.9001613499442714,0.27,0.9400072584914712,3.9999999999999964,4.399999999999997,0.6285714285714281,-0.010000000000000009,-0.08999999999999986,0.25999999999999995,1.4633333333333383,0.2914285714285714,1.9757142857142858,0.9444892287836613,0.32854238191083485
2021-03-14,0.25,1.37,1.0,0,0.8628899551470398,0.25,0.8628899551470398,0.26,0.9001613499442714,1.5999999999999965,5.399999999999997,0.771428571428571,0.0,0.0,0.2533333333333333,1.4000000000000048,0.2942857142857143,2.002857142857143,0.949989922994501,0.3122805568857947
2021-03-15,0.25,1.37,0.0,0,0.8628899551470398,0.25,0.8628899551470398,0.25,0.8628899551470398,1.5999999999999965,4.9999999999999964,0.7142857142857137,0.0,0.0,0.25,1.37,0.29714285714285715,2.03,0.9552106508146316,0.2959267013472893
2021-03-16,0.24,1.28,0.2,0,0.8241754429663494,0.25,0.8628899551470398,0.25,0.8628899551470398,1.1999999999999964,5.199999999999997,0.7428571428571423,-0.010000000000000009,-0.09000000000000008,0.24666666666666662,1.340000000000005,0.29857142857142854,2.0442857142857145,0.9601498736716018,0.2794856348516095
2021-03-17,0.24,1.28,2.0,0,0.8241754429663494,0.24,0.8241754429663494,0.25,0.8628899551470398,2.1999999999999966,7.199999999999997,1.028571428571428,0.0,0.0,0.2433333333333333,1.3100000000000047,0.25142857142857145,1.3842857142857141,0.9648061359537645,0.2629622026565149
2021-03-18,0.24,1.28,2.4,0,0.8241754429663494,0.24,0.8241754429663494,0.24,0.8241754429663494,4.599999999999996,6.199999999999997,0.8857142857142852,0.0,0.0,0.24,1.28,0.24714285714285714,1.3442857142857143,0.9691780654392536,0.2463612742933148
2021-03-19,0.3,1.84,11.8,0,1.0438040521731147,0.24,0.8241754429663494,0.24,0.8241754429663494,16.199999999999996,17.999999999999996,2.5714285714285707,0.06,0.56,0.25999999999999995,1.4666666666666714,0.25285714285714284,1.3985714285714284,0.9732643737003824,0.22968774213179574
2021-03-20,0.25,1.37,0.0,0,0.8628899551470398,0.3,1.0438040521731147,0.24,0.8241754429663494,14.199999999999996,17.399999999999995,2.485714285714285,-0.04999999999999999,-0.47,0.26333333333333325,1.4966666666666715,0.25285714285714284,1.3985714285714288,0.9770638564833508,0.21294651993841582
2021-03-21,0.24,1.28,0.4,0,0.8241754429663494,0.25,0.8628899551470398,0.3,1.0438040521731147,12.199999999999998,16.799999999999994,2.399999999999999,-0.010000000000000009,-0.09000000000000008,0.26333333333333325,1.4966666666666715,0.25142857142857145,1.3857142857142857,0.9805753940631429,0.19614254142819698
2021-03-22,0.24,1.28,0.0,0,0.8241754429663494,0.24,0.8241754429663494,0.25,0.8628899551470398,0.39999999999999647,16.799999999999994,2.399999999999999,0.0,0.0,0.2433333333333333,1.3100000000000047,0.25,1.372857142857143,0.9837979515735163,0.17928075881073577
2021-03-23,0.24,1.28,0.0,0,0.8241754429663494,0.24,0.8241754429663494,0.24,0.8241754429663494,0.39999999999999647,16.599999999999994,2.3714285714285706,0.0,0.0,0.24,1.28,0.25,1.3728571428571428,0.9867305793119814,0.162366141330764
2021-03-24,0.24,1.28,0.0,0,0.8241754429663494,0.24,0.8241754429663494,0.24,0.8241754429663494,0.0,14.599999999999996,2.085714285714285,0.0,0.0,0.24,1.28,0.25,1.3728571428571428,0.989372413019683,0.14540367380368976
2021-03-25,0.24,1.28,0.0,0,0.8241754429663494,0.24,0.8241754429663494,0.24,0.8241754429663494,0.0,12.199999999999996,1.7428571428571422,0.0,0.0,0.24,1.28,0.25,1.372857142857143,0.9917226741361015,0.12839835514655099
2021-03-26,0.24,1.28,0.0,0,0.8241754429663494,0.24,0.8241754429663494,0.24,0.8241754429663494,0.0,0.3999999999999947,0.057142857142856385,0.0,0.0,0.24,1.28,0.2414285714285714,1.292857142857143,0.9937806700284985,0.11135519690480875
2021-03-27,0.24,1.28,0.0,0,0.8241754429663494,0.24,0.8241754429663494,0.24,0.8241754429663494,0.0,0.3999999999999947,0.057142857142856385,0.0,0.0,0.24,1.28,0.24,1.28,0.9955457941960382,0.09427922177542453
2021-03-28,0.24,1.28,0.0,0,0.8241754429663494,0.24,0.8241754429663494,0.24,0.8241754429663494,0.0,0.0,0.0,0.0,0.0,0.24,1.28,0.24,1.28,0.9970175264485267,0.07717546212664653
2021-03-29,0.24,1.28,0.0,0,0.8241754429663494,0.24,0.8241754429663494,0.24,0.8241754429663494,0.0,0.0,0.0,0.0,0.0,0.24,1.28,0.24,1.28,0.998195433059714,0.0600489585149486
2021-03-30,0.24,1.28,0.0,0,0.8241754429663494,0.24,0.8241754429663494,0.24,0.8241754429663494,0.0,0.0,0.0,0.0,0.0,0.24,1.28,0.24,1.28,0.9990791668951153,0.042904758199554374
2021-03-31,0.24,1.28,0.0,0,0.8241754429663494,0.24,0.8241754429663494,0.24,0.8241754429663494,0.0,0.0,0.0,0.0,0.0,0.24,1.28,0.24,1.28,0.999668467514313,0.025747913654988658
2021-04-01,0.24,1.28,0.0,0,0.8241754429663494,0.24,0.8241754429663494,0.24,0.8241754429663494,0.0,0.0,0.0,0.0,0.0,0.24,1.28,0.24,1.28,0.9999631612477099,0.008583481082087055
2021-04-02,0.24,1.28,0.0,0,0.8241754429663494,0.24,0.8241754429663494,0.24,0.8241754429663494,0.0,0.0,0.0,0.0,0.0,0.24,1.28,0.24,1.28,0.9999631612477099,-0.008583481082086933
2021-04-03,0.24,1.28,0.0,0,0.8241754429663494,0.24,0.8241754429663494,0.24,0.8241754429663494,0.0,0.0,0.0,0.0,0.0,0.24,1.28,0.24,1.28,0.9996684675143132,-0.025747913654988314
2021-04-04,0.24,1.28,0.0,0,0.8241754429663494,0.24,0.8241754429663494,0.24,0.8241754429663494,0.0,0.0,0.0,0.0,0.0,0.24,1.28,0.24,1.28,0.9990791668951153,-0.04290475819955447
2021-04-05,0.25,1.37,0.0,0,0.8628899551470398,0.24,0.8241754429663494,0.24,0.8241754429663494,0.0,0.0,0.0,0.010000000000000009,0.09000000000000008,0.2433333333333333,1.3100000000000047,0.2414285714285714,1.292857142857143,0.998195433059714,-0.06004895851494825
2021-04-06,0.25,1.37,0.0,0,0.8628899551470398,0.25,0.8628899551470398,0.24,0.8241754429663494,0.0,0.0,0.0,0.0,0.0,0.24666666666666662,1.340000000000005,0.24285714285714285,1.3057142857142858,0.9970175264485267,-0.07717546212664618
2021-04-07,0.25,1.37,0.0,0,0.8628899551470398,0.25,0.8628899551470398,0.25,0.8628899551470398,0.0,0.0,0.0,0.0,0.0,0.25,1.37,0.24428571428571427,1.3185714285714287,0.9955457941960382,-0.0942792217754244
2021-04-08,0.62,7.5,0.0,0,2.1400661634962708,0.25,0.8628899551470398,0.25,0.8628899551470398,0.0,0.0,0.0,0.37,6.13,0.3733333333333333,3.413333333333338,0.29857142857142854,2.207142857142857,0.9937806700284985,-0.11135519690480862
2021-04-09,0.28,1.65,5.8,0,0.9745596399981308,0.62,2.1400661634962708,0.25,0.8628899551470398,5.799999999999996,5.7999999999999945,0.8285714285714277,-0.33999999999999997,-5.85,0.3833333333333333,3.5066666666666717,0.30428571428571427,2.2600000000000002,0.9917226741361015,-0.12839835514655107
2021-04-10,0.28,1.65,12.0,0,0.9745596399981308,0.28,0.9745596399981308,0.62,2.1400661634962708,17.799999999999997,17.799999999999994,2.542857142857142,0.0,0.0,0.3933333333333333,3.600000000000005,0.31,2.3128571428571427,0.9893724130196829,-0.14540367380368988
2021-04-11,0.28,1.65,0.6,0,0.9745596399981308,0.28,0.9745596399981308,0.28,0.9745596399981308,18.4,18.399999999999995,2.6285714285714277,0.0,0.0,0.28,1.65,0.3157142857142857,2.3657142857142857,0.9867305793119814,-0.16236614133076366
2021-04-12,0.27,1.56,0.8,0,0.9400072584914712,0.28,0.9745596399981308,0.28,0.9745596399981308,13.399999999999997,19.199999999999992,2.7428571428571416,-0.010000000000000009,-0.08999999999999986,0.27666666666666667,1.6200000000000045,0.31857142857142856,2.392857142857143,0.9837979515735163,-0.17928075881073566
2021-04-13,0.27,1.56,0.0,0,0.9400072584914712,0.27,0.9400072584914712,0.28,0.9745596399981308,1.3999999999999964,19.199999999999992,2.7428571428571416,0.0,0.0,0.2733333333333333,1.5900000000000045,0.32142857142857145,2.4200000000000004,0.980575394063143,-0.19614254142819687
2021-04-14,0.27,1.56,0.0,0,0.9400072584914712,0.27,0.9400072584914712,0.27,0.9400072584914712,0.7999999999999965,19.199999999999992,2.7428571428571416,0.0,0.0,0.27,1.56,0.3242857142857143,2.447142857142857,0.9770638564833507,-0.21294651993841593
2021-04-15,0.24,1.28,0.0,0,0.8241754429663494,0.27,0.9400072584914712,0.27,0.9400072584914712,0.0,19.199999999999992,2.7428571428571416,-0.030000000000000027,-0.28,0.25999999999999995,1.4666666666666714,0.27,1.5585714285714283,0.9732643737003824,-0.22968774213179563
2021-04-16,0.24,1.28,0.0,0,0.8241754429663494,0.24,0.8241754429663494,0.27,0.9400072584914712,0.0,13.399999999999993,1.9142857142857133,0.0,0.0,0.24999999999999997,1.3733333333333382,0.2642857142857143,1.5057142857142858,0.9691780654392537,-0.2463612742933147
2021-04-17,0.24,1.28,0.0,0,0.8241754429663494,0.24,0.8241754429663494,0.24,0.8241754429663494,0.0,1.3999999999999928,0.19999999999999898,0.0,0.0,0.24,1.28,0.25857142857142856,1.4528571428571428,0.9648061359537646,-0.26296220265651454
2021-04-18,0.24,1.28,0.0,0,0.8241754429663494,0.24,0.8241754429663494,0.24,0.8241754429663494,0.0,0.7999999999999929,0.11428571428571328,0.0,0.0,0.24,1.28,0.25285714285714284,1.4000000000000001,0.9601498736716018,-0.2794856348516094
2021-04-19,0.24,1.28,0.6,0,0.8241754429663494,0.24,0.8241754429663494,0.24,0.8241754429663494,0.5999999999999964,0.5999999999999929,0.0857142857142847,0.0,0.0,0.24,1.28,0.24857142857142858,1.36,0.9552106508146317,-0.2959267013472892
2021-04-20,0.24,1.28,0.4,0,0.8241754429663494,0.24,0.8241754429663494,0.24,0.8241754429663494,0.9999999999999964,0.9999999999999929,0.14285714285714185,0.0,0.0,0.24,1.28,0.24428571428571427,1.32,0.949989922994501,-0.31228055688579476
2021-04-21,0.24,1.28,0.2,0,0.8241754429663494,0.24,0.8241754429663494,0.24,0.8241754429663494,1.1999999999999964,1.1999999999999929,0.1714285714285704,0.0,0.0,0.24,1.28,0.24,1.28,0.9444892287836613,-0.32854238191083474
2021-04-22,0.24,1.28,0.0,0,0.8241754429663494,0.24,0.8241754429663494,0.24,0.8241754429663494,0.5999999999999965,1.1999999999999929,0.1714285714285704,0.0,0.0,0.24,1.28,0.24,1.28,0.9387101892619443,-0.3447073839879337
2021-04-23,0.24,1.28,0.0,0,0.8241754429663494,0.24,0.8241754429663494,0.24,0.8241754429663494,0.19999999999999646,1.1999999999999929,0.1714285714285704,0.0,0.0,0.24,1.28,0.24,1.28,0.9326545075388225,-0.3607707992167831
2021-04-24,0.24,1.28,0.0,0,0.8241754429663494,0.24,0.8241754429663494,0.24,0.8241754429663494,0.0,1.1999999999999929,0.1714285714285704,0.0,0.0,0.24,1.28,0.24,1.28,0.926323968251495,-0.376727893635185
2021-04-25,0.24,1.28,1.0,0,0.8241754429663494,0.24,0.8241754429663494,0.24,0.8241754429663494,0.9999999999999964,2.199999999999993,0.3142857142857133,0.0,0.0,0.24,1.28,0.24,1.28,0.9197204370389467,-0.39257396461417177
2021-04-26,0.24,1.28,0.2,0,0.8241754429663494,0.24,0.8241754429663494,0.24,0.8241754429663494,1.1999999999999964,1.7999999999999927,0.2571428571428561,0.0,0.0,0.24,1.28,0.24,1.28,0.9128458599921355,-0.40830434224389345
2021-04-27,0.24,1.28,6.2,0,0.8241754429663494,0.24,0.8241754429663494,0.24,0.8241754429663494,7.399999999999997,7.5999999999999925,1.0857142857142847,0.0,0.0,0.24,1.28,0.24,1.28,0.9057022630804715,-0.42391439070986064
2021-04-28,0.24,1.28,5.4,0,0.8241754429663494,0.24,0.8241754429663494,0.24,0.8241754429663494,11.799999999999997,12.799999999999994,1.8285714285714276,0.0,0.0,0.24,1.28,0.24,1.28,0.898291751554753,-0.43939950965914143
2021-04-29,0.24,1.28,4.8,0,0.8241754429663494,0.24,0.8241754429663494,0.24,0.8241754429663494,16.4,17.599999999999994,2.5142857142857133,0.0,0.0,0.24,1.28,0.24,1.28,0.8906165093267405,-0.4547551355561055
2021-04-30,0.24,1.28,1.2,0,0.8241754429663494,0.24,0.8241754429663494,0.24,0.8241754429663494,11.399999999999997,18.799999999999994,2.6857142857142846,0.0,0.0,0.24,1.28,0.24,1.28,0.8826787983255476,-0.4699767430273197
2021-05-01,0.24,1.28,0.2,0,0.8241754429663494,0.24,0.8241754429663494,0.24,0.8241754429663494,6.199999999999997,18.999999999999993,2.714285714285713,0.0,0.0,0.24,1.28,0.24,1.28,0.8744809578310397,-0.4850598461951961
2021-05-02,0.24,1.28,0.0,0,0.8241754429663494,0.24,0.8241754429663494,0.24,0.8241754429663494,1.3999999999999964,17.999999999999993,2.5714285714285703,0.0,0.0,0.24,1.28,0.24,1.28,0.8660254037844387,-0.4999999999999998
2021-05-03,0.24,1.28,0.0,0,0.8241754429663494,0.24,0.8241754429663494,0.24,0.8241754429663494,0.19999999999999646,17.799999999999994,2.542857142857142,0.0,0.0,0.24,1.28,0.24,1.28,0.8573146280763323,-0.5147928015098308
2021-05-04,0.24,1.28,0.0,0,0.8241754429663494,0.24,0.8241754429663494,0.24,0.8241754429663494,0.0,11.599999999999993,1.6571428571428561,0.0,0.0,0.24,1.28,0.24,1.28,0.848351197812304,-0.5294338912181852
2021-05-05,0.24,1.28,0.0,0,0.8241754429663494,0.24,0.8241754429663494,0.24,0.8241754429663494,0.0,6.199999999999993,0.8857142857142847,0.0,0.0,0.24,1.28,0.24,1.28,0.8391377545563939,-0.5439189543287246
2021-05-06,0.24,1.28,1.2,0,0.8241754429663494,0.24,0.8241754429663494,0.24,0.8241754429663494,1.1999999999999964,2.5999999999999925,0.3714285714285704,0.0,0.0,0.24,1.28,0.24,1.28,0.8296770135526188,-0.5582437220268649
2021-05-07,0.24,1.28,0.0,0,0.8241754429663494,0.24,0.8241754429663494,0.24,0.8241754429663494,1.1999999999999964,1.3999999999999928,0.19999999999999898,0.0,0.0,0.24,1.28,0.24,1.28,0.8199717629247771,-0.5724039727378148
2021-05-08,0.24,1.28,0.0,0,0.8241754429663494,0.24,0.8241754429663494,0.24,0.8241754429663494,1.1999999999999964,1.1999999999999929,0.1714285714285704,0.0,0.0,0.24,1.28,0.24,1.28,0.8100248628547752,-0.5863955333706956
2021-05-09,0.24,1.28,0.8,0,0.8241754429663494,0.24,0.8241754429663494,0.24,0.8241754429663494,0.7999999999999965,1.999999999999993,0.2857142857142847,0.0,0.0,0.24,1.28,0.24,1.28,0.7998392447397195,-0.600214280548368
2021-05-10,0.24,1.28,5.4,0,0.8241754429663494,0.24,0.8241754429663494,0.24,0.8241754429663494,6.199999999999997,7.399999999999993,1.0571428571428563,0.0,0.0,0.24,1.28,0.24,1.28,0.7894179103280199,-0.6138561418226116
2021-05-11,0.24,1.28,0.6,0,0.8241754429663494,0.24,0.8241754429663494,0.24,0.8241754429663494,6.799999999999996,7.999999999999993,1.142857142857142,0.0,0.0,0.24,1.28,0.24,1.28,0.7787639308347607,-0.6273170968742938
2021-05-12,0.24,1.28,4.6,0,0.8241754429663494,0.24,0.8241754429663494,0.24,0.8241754429663494,10.599999999999996,12.599999999999993,1.799999999999999,0.0,0.0,0.24,1.28,0.24,1.28,0.7678804460366001,-0.6405931786981751
2021-05-13,0.24,1.28,3.2,0,0.8241754429663494,0.24,0.8241754429663494,0.24,0.8241754429663494,8.399999999999995,14.599999999999994,2.085714285714285,0.0,0.0,0.24,1.28,0.24,1.28,0.7567706633464627,-0.6536804747720057
2021-05-14,0.24,1.28,0.0,0,0.8241754429663494,0.24,0.8241754429663494,0.24,0.8241754429663494,7.799999999999996,14.599999999999994,2.085714285714285,0.0,0.0,0.24,1.28,0.24,1.28,0.7454378568683001,-0.6665751282095632
2021-05-15,0.24,1.28,0.2,0,0.8241754429663494,0.24,0.8241754429663494,0.24,0.8241754429663494,3.399999999999997,14.799999999999994,2.1142857142857134,0.0,0.0,0.24,1.28,0.24,1.28,0.7338853664321991,-0.6792733388972931
2021-05-16,0.24,1.28,1.2,0,0.8241754429663494,0.24,0.8241754429663494,0.24,0.8241754429663494,1.3999999999999964,15.199999999999992,2.1714285714285704,0.0,0.0,0.24,1.28,0.24,1.28,0.722116596610116,-0.6917713646142222
2021-05-17,0.24,1.28,0.2,0,0.8241754429663494,0.24,0.8241754429663494,0.24,0.8241754429663494,1.5999999999999963,9.999999999999993,1.4285714285714275,0.0,0.0,0.24,1.28,0.24,1.28,0.7101350157125358,-0.7040655221348058
2021-05-18,0.24,1.28,0.2,0,0.8241754429663494,0.24,0.8241754429663494,0.24,0.8241754429663494,1.5999999999999965,9.599999999999993,1.3714285714285703,0.0,0.0,0.24,1.28,0.24,1.28,0.6979441547663435,-0.7161521883143933
2021-05-19,0.24,1.28,0.0,0,0.8241754429663494,0.24,0.8241754429663494,0.24,0.8241754429663494,0.39999999999999647,4.999999999999993,0.7142857142857133,0.0,0.0,0.24,1.28,0.24,1.28,0.6855476064742155,-0.7280278011569847
2021-05-20,0.25,1.37,0.0,0,0.8628899551470398,0.24,0.8241754429663494,0.24,0.8241754429663494,0.19999999999999646,1.7999999999999927,0.2571428571428561,0.010000000000000009,0.09000000000000008,0.2433333333333333,1.3100000000000047,0.2414285714285714,1.292857142857143,0.672949024155833,-0.7396888608649667
2021-05-21,0.25,1.37,0.0,0,0.8628899551470398,0.25,0.8628899551470398,0.24,0.8241754429663494,0.0,1.7999999999999927,0.2571428571428561,0.0,0.0,0.24666666666666662,1.340000000000005,0.24285714285714285,1.3057142857142858,0.660152120671232,-0.7511319308705197
2021-05-22,0.25,1.37,0.0,0,0.8628899551470398,0.25,0.8628899551470398,0.25,0.8628899551470398,0.0,1.599999999999993,0.22857142857142757,0.0,0.0,0.25,1.37,0.24428571428571427,1.3185714285714287,0.647160667326606,-0.7623536388483902
2021-05-23,0.25,1.37,0.0,0,0.8628899551470398,0.25,0.8628899551470398,0.25,0.8628899551470398,0.0,0.3999999999999929,0.05714285714285613,0.0,0.0,0.25,1.37,0.24571428571428572,1.3314285714285714,0.6339784927628868,-0.7733506777097298
2021-05-24,0.82,16.75,1.0,0,2.8763855159214247,0.25,0.8628899551470398,0.25,0.8628899551470398,0.9999999999999964,1.1999999999999929,0.1714285714285704,0.57,15.379999999999999,0.43999999999999995,6.496666666666672,0.32857142857142857,3.5414285714285714,0.620609481827423,-0.7841198065767103
2021-05-25,0.81,16.12,0.0,0,2.840247370713596,0.82,2.8763855159214247,0.25,0.8628899551470398,0.9999999999999964,0.9999999999999929,0.14285714285714185,-0.009999999999999898,-0.629999999999999,0.6266666666666666,11.41333333333334,0.41,5.661428571428571,0.6070575744291006,-0.7946578517376249
2021-05-26,0.8,15.49,0.0,0,2.8027541365715076,0.81,2.840247370713596,0.82,2.8763855159214247,0.9999999999999964,0.9999999999999929,0.14285714285714185,-0.010000000000000009,-0.6300000000000008,0.8099999999999999,16.120000000000008,0.49000000000000005,7.691428571428571,0.593326764377232,-0.8049617075821959
2021-05-27,0.8,15.49,0.0,0,2.8027541365715076,0.8,2.8027541365715076,0.81,2.840247370713596,0.0,0.9999999999999929,0.14285714285714185,0.0,0.0,0.8033333333333333,15.700000000000008,0.5685714285714286,9.70857142857143,0.5794210982045638,-0.8150283375168113
2021-05-28,0.71,10.86,0.0,0,2.4731713935695794,0.8,2.8027541365715076,0.8,2.8027541365715076,0.0,0.9999999999999929,0.14285714285714185,-0.09000000000000008,-4.630000000000001,0.77,13.946666666666673,0.6342857142857143,11.064285714285713,0.5653446739747428,-0.8248547748594245
2021-05-29,0.7,10.34,1.4,0,2.428336298299606,0.71,2.4731713935695794,0.8,2.8027541365715076,1.3999999999999964,2.399999999999993,0.3428571428571418,-0.010000000000000009,-0.5199999999999996,0.7366666666666667,12.230000000000004,0.6985714285714285,12.345714285714285,0.5511016400746,-0.8344381237138473
2021-05-30,0.7,10.34,0.0,0,2.428336298299606,0.7,2.428336298299606,0.71,2.4731713935695794,1.3999999999999964,2.399999999999993,0.3428571428571418,0.0,0.0,0.7033333333333333,10.513333333333339,0.7628571428571428,13.627142857142857,0.5366961939916005,-0.8437755598231856
2021-05-31,0.57,5.9,10.8,0,1.9315214116032138,0.7,2.428336298299606,0.7,2.428336298299606,12.199999999999998,12.199999999999994,1.742857142857142,-0.13,-4.4399999999999995,0.6566666666666666,8.860000000000007,0.7271428571428571,12.077142857142858,0.522132581076825,-0.8528643314021596
2021-06-01,0.27,1.56,0.8,0,0.9400072584914712,0.57,1.9315214116032138,0.7,2.428336298299606,11.599999999999998,12.999999999999995,1.8571428571428563,-0.29999999999999993,-4.34,0.5133333333333332,5.93333333333334,0.65,9.997142857142856,0.5074150932938458,-0.861701759948068
2021-06-02,0.27,1.56,0.0,0,0.9400072584914712,0.27,0.9400072584914712,0.57,1.9315214116032138,11.599999999999998,12.999999999999995,1.8571428571428563,0.0,0.0,0.36999999999999994,3.0066666666666726,0.5742857142857142,8.007142857142856,0.4925480679538644,-0.8702852410301553
2021-06-03,0.27,1.56,1.8,0,0.9400072584914712,0.27,0.9400072584914712,0.27,0.9400072584914712,2.5999999999999965,14.799999999999994,2.1142857142857134,0.0,0.0,0.27,1.56,0.4985714285714286,6.017142857142857,0.47753588643748834,-0.8786122450571482
2021-06-04,0.27,1.56,0.6,0,0.9400072584914712,0.27,0.9400072584914712,0.27,0.9400072584914712,2.3999999999999964,15.399999999999993,2.199999999999999,0.0,0.0,0.27,1.56,0.43571428571428567,4.688571428571428,0.4623829729035151,-0.8866803180227399
2021-06-05,0.27,1.56,0.0,0,0.9400072584914712,0.27,0.9400072584914712,0.27,0.9400072584914712,2.3999999999999964,13.999999999999993,1.999999999999999,0.0,0.0,0.27,1.56,0.3742857142857143,3.4342857142857137,0.44709379298511426,-0.8944870822287954
2021-06-06,0.27,1.56,0.0,0,0.9400072584914712,0.27,0.9400072584914712,0.27,0.9400072584914712,0.5999999999999964,13.999999999999993,1.999999999999999,0.0,0.0,0.27,1.56,0.3128571428571429,2.1799999999999997,0.43167285247378384,-0.9020302369860707
2021-06-07,0.28,1.65,0.0,0,0.9745596399981308,0.27,0.9400072584914712,0.27,0.9400072584914712,0.0,3.199999999999993,0.45714285714285613,0.010000000000000009,0.08999999999999986,0.2733333333333333,1.5900000000000059,0.27142857142857146,1.5728571428571423,0.4161246959914746,-0.9093075592922357
2021-06-08,0.28,1.65,0.0,0,0.9745596399981308,0.28,0.9745596399981308,0.27,0.9400072584914712,0.0,2.3999999999999932,0.3428571428571419,0.0,0.0,0.27666666666666667,1.6200000000000057,0.27285714285714285,1.5857142857142852,0.4004539056512664,-0.9163169044870048
2021-06-09,0.65,8.57,0.0,0,2.258633205464863,0.28,0.9745596399981308,0.28,0.9745596399981308,0.0,2.3999999999999932,0.3428571428571419,0.37,6.92,0.4033333333333333,3.9566666666666723,0.3271428571428571,2.5871428571428567,0.3846650997070012,-0.923056206884176
2021-06-10,0.61,7.15,0.0,0,2.0980179272527715,0.65,2.258633205464863,0.28,0.9745596399981308,0.0,0.5999999999999929,0.0857142857142847,-0.040000000000000036,-1.42,0.5133333333333333,5.790000000000006,0.3757142857142857,3.3857142857142852,0.3687629311922603,-0.9295234803804002
2021-06-11,0.62,7.5,0.0,0,2.1400661634962708,0.61,2.0980179272527715,0.65,2.258633205464863,0.0,0.0,0.0,0.010000000000000009,0.34999999999999964,0.6266666666666666,7.740000000000006,0.4257142857142857,4.234285714285713,0.352752086549095,-0.9357168190404935
2021-06-12,0.85,18.63,0.0,0,2.9770590082883697,0.62,2.1400661634962708,0.61,2.0980179272527715,0.0,0.0,0.0,0.22999999999999998,11.129999999999999,0.6933333333333334,11.093333333333339,0.5085714285714286,6.672857142857142,0.3366372842469106,-0.9416343976591258
2021-06-13,0.84,18.0,1.0,0,2.9444389791664403,0.85,2.9770590082883697,0.62,2.1400661634962708,0.9999999999999964,0.9999999999999929,0.14285714285714185,-0.010000000000000009,-0.629999999999999,0.7699999999999999,14.710000000000006,0.59,9.02142857142857,0.3204232733919116,-0.9472744722987168
2021-06-14,0.84,18.0,0.2,0,2.9444389791664403,0.84,2.9444389791664403,0.85,2.9770590082883697,1.1999999999999964,1.1999999999999929,0.1714285714285704,0.0,0.0,0.8433333333333333,18.210000000000004,0.6699999999999999,11.357142857142858,0.30411483232751846,-0.9526353808033824
2021-06-15,0.83,17.37,11.4,0,2.9107188992270343,0.84,2.9444389791664403,0.84,2.9444389791664403,12.599999999999996,12.599999999999993,1.799999999999999,-0.010000000000000009,-0.629999999999999,0.8366666666666666,17.790000000000006,0.7485714285714286,13.602857142857143,0.2877167672261668,-0.9577155432887804
2021-06-16,0.73,11.89,1.6,0,2.556451816951096,0.83,2.9107188992270343,0.84,2.9444389791664403,13.199999999999996,14.199999999999992,2.0285714285714276,-0.09999999999999998,-5.48,0.7999999999999999,15.75333333333334,0.76,14.077142857142857,0.27123391067291,-0.9625134626077081
2021-06-17,0.83,17.37,11.8,0,2.9107188992270343,0.73,2.556451816951096,0.83,2.9107188992270343,24.799999999999997,25.999999999999993,3.714285714285713,0.09999999999999998,5.48,0.7966666666666665,15.543333333333338,0.7914285714285713,15.537142857142856,0.2546711202412288,-0.9670277247913204
2021-06-18,0.46,3.74,23.8,0,1.556037135706985,0.83,2.9107188992270343,0.73,2.556451816951096,37.199999999999996,49.8,7.114285714285714,-0.36999999999999994,-13.63,0.6733333333333332,11.000000000000005,0.7685714285714286,15.0,0.2380332770614858,-0.9712569994658313
2021-06-19,0.29,1.75,0.0,0,1.0116009116784799,0.46,1.556037135706985,0.83,2.9107188992270343,35.599999999999994,49.8,7.114285714285714,-0.17000000000000004,-1.9900000000000002,0.5266666666666665,7.6200000000000045,0.6885714285714286,12.588571428571429,0.22132528438243243,-0.9752000402445825
2021-06-20,0.28,1.65,0.6,0,0.9745596399981308,0.29,1.0116009116784799,0.46,1.556037135706985,24.400000000000002,49.39999999999999,7.057142857142856,-0.009999999999999953,-0.10000000000000009,0.34333333333333327,2.380000000000005,0.6085714285714285,10.252857142857142,0.2045520661262008,-0.9788556850953578
2021-06-21,0.28,1.65,3.6,0,0.9745596399981308,0.28,0.9745596399981308,0.29,1.0116009116784799,4.199999999999997,52.79999999999999,7.542857142857142,0.0,0.0,0.2833333333333333,1.683333333333338,0.5285714285714286,7.917142857142857,0.18771856543719884,-0.9822228566828406
2021-06-22,0.27,1.56,0.2,0,0.9400072584914712,0.28,0.9745596399981308,0.28,0.9745596399981308,4.399999999999997,41.599999999999994,5.942857142857142,-0.010000000000000009,-0.08999999999999986,0.27666666666666667,1.6200000000000045,0.44857142857142857,5.6585714285714275,0.17082974322534442,-0.985300562686109
2021-06-23,0.27,1.56,0.0,0,0.9400072584914712,0.27,0.9400072584914712,0.28,0.9745596399981308,3.7999999999999967,39.99999999999999,5.7142857142857135,0.0,0.0,0.2733333333333333,1.5900000000000045,0.3828571428571429,4.182857142857142,0.15389057670406214,-0.9880878960910771
2021-06-24,0.27,1.56,0.0,0,0.9400072584914712,0.27,0.9400072584914712,0.27,0.9400072584914712,0.19999999999999646,28.199999999999992,4.028571428571428,0.0,0.0,0.27,1.56,0.3028571428571429,1.924285714285714,0.13690605792347574,-0.9905840354577969
2021-06-25,0.71,10.86,0.0,0,2.4731713935695794,0.27,0.9400072584914712,0.27,0.9400072584914712,0.0,4.399999999999993,0.6285714285714276,0.43999999999999995,9.299999999999999,0.4166666666666667,4.660000000000005,0.3385714285714286,2.941428571428571,0.11988119229922782,-0.9927882451625399
2021-06-26,0.79,14.98,0.0,0,2.7713379403381286,0.71,2.4731713935695794,0.27,0.9400072584914712,0.0,4.399999999999993,0.6285714285714276,0.08000000000000007,4.120000000000001,0.59,9.133333333333338,0.41000000000000003,4.83142857142857,0.10282099713736025,-0.9946998756145891
2021-06-27,0.79,14.98,0.0,0,2.7713379403381286,0.79,2.7713379403381286,0.71,2.4731713935695794,0.0,3.799999999999993,0.5428571428571419,0.0,0.0,0.7633333333333333,13.606666666666671,0.4828571428571428,6.735714285714286,0.0857305001556943,-0.9963183634476755
2021-06-28,0.81,16.12,2.6,0,2.840247370713596,0.79,2.7713379403381286,0.79,2.7713379403381286,2.5999999999999965,2.799999999999993,0.399999999999999,0.020000000000000018,1.1400000000000006,0.7966666666666667,15.360000000000005,0.5585714285714286,8.802857142857144,0.0686147380021341,-0.9976432316860063
2021-06-29,0.79,14.98,0.0,0,2.7713379403381286,0.81,2.840247370713596,0.79,2.7713379403381286,2.5999999999999965,2.599999999999993,0.37142857142857044,-0.020000000000000018,-1.1400000000000006,0.7966666666666667,15.360000000000005,0.6328571428571428,10.719999999999999,0.05147875477034673,-0.9986740898848305
2021-06-30,0.79,14.98,0.0,0,2.7713379403381286,0.79,2.7713379403381286,0.81,2.840247370713596,2.5999999999999965,2.599999999999993,0.37142857142857044,0.0,0.0,0.7966666666666667,15.360000000000005,0.7071428571428573,12.637142857142857,0.03432760051324382,-0.9994106342455052
2021-07-01,0.79,14.98,0.0,0,2.7713379403381286,0.79,2.7713379403381286,0.79,2.7713379403381286,0.0,2.599999999999993,0.37142857142857044,0.0,0.0,0.79,14.98,0.7814285714285715,14.554285714285713,0.01716632975470737,-0.9998526477050269
2021-07-02,0.88,20.51,1.4,0,3.068517943279639,0.79,2.7713379403381286,0.79,2.7713379403381286,1.3999999999999964,3.999999999999993,0.5714285714285704,0.08999999999999997,5.530000000000001,0.82,16.823333333333338,0.8057142857142858,15.932857142857143,1.2246467991473532e-16,-1.0
2021-07-03,1.16,40.01,0.0,0,3.713815939403968,0.88,3.068517943279639,0.79,2.7713379403381286,1.3999999999999964,3.999999999999993,0.5714285714285704,0.2799999999999999,19.499999999999996,0.9433333333333334,25.16666666666667,0.8585714285714285,19.50857142857143,-0.017166329754707124,-0.9998526477050269
2021-07-04,1.17,40.76,0.0,0,3.731938943574383,1.16,3.713815939403968,0.88,3.068517943279639,1.3999999999999964,3.999999999999993,0.5714285714285704,0.010000000000000009,0.75,1.07,33.760000000000005,0.9128571428571429,23.19142857142857,-0.03432760051324313,-0.9994106342455054
2021-07-05,1.03,30.28,0.0,0,3.4429789156771102,1.17,3.731938943574383,1.16,3.713815939403968,0.0,1.3999999999999928,0.19999999999999898,-0.1399999999999999,-10.479999999999997,1.1199999999999999,37.01666666666667,0.9442857142857142,25.214285714285715,-0.051478754770346045,-0.9986740898848305
2021-07-06,1.06,32.53,0.0,0,3.512440560478137,1.03,3.4429789156771102,1.17,3.731938943574383,0.0,1.3999999999999928,0.19999999999999898,0.030000000000000027,2.25,1.0866666666666667,34.52333333333334,0.982857142857143,27.72142857142857,-0.06861473800213432,-0.9976432316860063
2021-07-07,1.03,30.28,3.0,0,3.4429789156771102,1.06,3.512440560478137,1.03,3.4429789156771102,2.9999999999999964,4.399999999999993,0.6285714285714276,-0.030000000000000027,-2.25,1.04,31.030000000000012,1.0171428571428571,29.907142857142855,-0.0857305001556945,-0.9963183634476755
2021-07-08,1.04,31.03,0.0,0,3.466672963621067,1.03,3.4429789156771102,1.06,3.512440560478137,2.9999999999999964,4.399999999999993,0.6285714285714276,0.010000000000000009,0.75,1.0433333333333332,31.280000000000012,1.052857142857143,32.2,-0.10282099713736044,-0.9946998756145891
2021-07-09,1.05,31.78,0.0,0,3.4898185733156835,1.04,3.466672963621067,1.03,3.4429789156771102,2.9999999999999964,2.999999999999993,0.42857142857142755,0.010000000000000009,0.75,1.04,31.030000000000012,1.0771428571428572,33.809999999999995,-0.11988119229922714,-0.99278824516254
2021-07-10,1.04,31.03,0.0,0,3.466672963621067,1.05,3.4898185733156835,1.04,3.466672963621067,0.0,2.999999999999993,0.42857142857142755,-0.010000000000000009,-0.75,1.0433333333333332,31.280000000000012,1.06,32.527142857142856,-0.13690605792347504,-0.990584035457797
2021-07-11,1.04,31.03,0.0,0,3.466672963621067,1.04,3.466672963621067,1.05,3.4898185733156835,0.0,2.999999999999993,0.42857142857142755,0.0,0.0,1.0433333333333332,31.280000000000012,1.0414285714285714,31.13714285714286,-0.15389057670406148,-0.9880878960910772
2021-07-12,1.04,31.03,0.0,0,3.466672963621067,1.04,3.466672963621067,1.04,3.466672963621067,0.0,2.999999999999993,0.42857142857142755,0.0,0.0,1.04,31.03,1.042857142857143,31.244285714285716,-0.17082974322534417,-0.985300562686109
2021-07-13,1.04,31.03,0.0,0,3.466672963621067,1.04,3.466672963621067,1.04,3.466672963621067,0.0,2.999999999999993,0.42857142857142755,0.0,0.0,1.04,31.03,1.04,31.03,-0.1877185654371986,-0.9822228566828407
2021-07-14,1.04,31.03,0.0,0,3.466672963621067,1.04,3.466672963621067,1.04,3.466672963621067,0.0,0.0,0.0,0.0,0.0,1.04,31.03,1.0414285714285714,31.13714285714286,-0.20455206612620058,-0.9788556850953579
2021-07-15,1.04,31.03,0.0,0,3.466672963621067,1.04,3.466672963621067,1.04,3.466672963621067,0.0,0.0,0.0,0.0,0.0,1.04,31.03,1.0414285714285714,31.13714285714286,-0.22132528438243218,-0.9752000402445826
2021-07-16,1.04,31.03,0.0,0,3.466672963621067,1.04,3.466672963621067,1.04,3.466672963621067,0.0,0.0,0.0,0.0,0.0,1.04,31.03,1.04,31.03,-0.23803327706148514,-0.9712569994658315
2021-07-17,1.03,30.28,0.0,0,3.4429789156771102,1.04,3.466672963621067,1.04,3.466672963621067,0.0,0.0,0.0,-0.010000000000000009,-0.75,1.0366666666666668,30.780000000000012,1.0385714285714285,30.922857142857143,-0.254671120241229,-0.9670277247913203
2021-07-18,1.03,30.28,0.0,0,3.4429789156771102,1.03,3.4429789156771102,1.04,3.466672963621067,0.0,0.0,0.0,0.0,0.0,1.0333333333333334,30.530000000000012,1.0371428571428571,30.815714285714286,-0.2712339106729102,-0.9625134626077081
2021-07-19,1.03,30.28,0.0,0,3.4429789156771102,1.03,3.4429789156771102,1.03,3.4429789156771102,0.0,0.0,0.0,0.0,0.0,1.03,30.28,1.0357142857142858,30.708571428571428,-0.287716767226167,-0.9577155432887803
2021-07-20,1.03,30.28,0.0,0,3.4429789156771102,1.03,3.4429789156771102,1.03,3.4429789156771102,0.0,0.0,0.0,0.0,0.0,1.03,30.28,1.0342857142857143,30.601428571428574,-0.3041148323275178,-0.9526353808033826
2021-07-21,1.17,40.76,0.2,0,3.731938943574383,1.03,3.4429789156771102,1.03,3.4429789156771102,0.19999999999999646,0.1999999999999929,0.028571428571427557,0.1399999999999999,10.479999999999997,1.0766666666666664,33.77333333333334,1.052857142857143,31.99142857142857,-0.32042327339191096,-0.947274472298717
2021-07-22,1.17,40.76,0.0,0,3.731938943574383,1.17,3.731938943574383,1.03,3.4429789156771102,0.19999999999999646,0.1999999999999929,0.028571428571427557,0.0,0.0,1.1233333333333333,37.26666666666667,1.0714285714285714,33.38142857142857,-0.3366372842469099,-0.941634397659126
2021-07-23,1.1,35.52,0.0,0,3.597860055726768,1.17,3.731938943574383,1.17,3.731938943574383,0.19999999999999646,0.1999999999999929,0.028571428571427557,-0.06999999999999984,-5.239999999999995,1.1466666666666667,39.01333333333334,1.0799999999999998,34.02285714285714,-0.35275208654909473,-0.9357168190404936
2021-07-24,1.11,36.27,0.0,0,3.618188713491167,1.1,3.597860055726768,1.17,3.731938943574383,0.0,0.1999999999999929,0.028571428571427557,0.010000000000000009,0.75,1.1266666666666667,37.51666666666668,1.0914285714285714,34.878571428571426,-0.36876293119226006,-0.9295234803804003
2021-07-25,1.1,35.52,0.0,0,3.597860055726768,1.11,3.618188713491167,1.1,3.597860055726768,0.0,0.1999999999999929,0.028571428571427557,-0.010000000000000009,-0.75,1.1033333333333333,35.77000000000001,1.1014285714285716,35.62714285714286,-0.38466509970700097,-0.9230562068841761
2021-07-26,1.1,35.52,0.0,0,3.597860055726768,1.1,3.597860055726768,1.11,3.618188713491167,0.0,0.1999999999999929,0.028571428571427557,0.0,0.0,1.1033333333333335,35.77000000000001,1.1114285714285714,36.37571428571429,-0.40045390565126615,-0.9163169044870049
2021-07-27,1.09,34.77,0.0,0,3.5771095532709265,1.1,3.597860055726768,1.1,3.597860055726768,0.0,0.1999999999999929,0.028571428571427557,-0.010000000000000009,-0.75,1.0966666666666667,35.27000000000001,1.1199999999999999,37.01714285714286,-0.4161246959914748,-0.9093075592922356
2021-07-28,1.09,34.77,0.0,0,3.5771095532709265,1.09,3.5771095532709265,1.1,3.597860055726768,0.0,0.0,0.0,0.0,0.0,1.0933333333333335,35.02000000000001,1.1085714285714285,36.16142857142857,-0.431672852473784,-0.9020302369860707
2021-07-29,1.09,34.77,0.0,0,3.5771095532709265,1.09,3.5771095532709265,1.09,3.5771095532709265,0.0,0.0,0.0,0.0,0.0,1.09,34.77,1.0971428571428572,35.30571428571428,-0.44709379298511404,-0.8944870822287955
2021-07-30,1.09,34.77,0.4,0,3.5771095532709265,1.09,3.5771095532709265,1.09,3.5771095532709265,0.39999999999999647,0.3999999999999929,0.05714285714285613,0.0,0.0,1.09,34.77,1.0957142857142859,35.198571428571434,-0.4623829729035149,-0.88668031802274
2021-07-31,1.09,34.77,0.0,0,3.5771095532709265,1.09,3.5771095532709265,1.09,3.5771095532709265,0.39999999999999647,0.3999999999999929,0.05714285714285613,0.0,0.0,1.09,34.77,1.092857142857143,34.98428571428572,-0.4775358864374881,-0.8786122450571483
2021-08-01,1.09,34.77,0.0,0,3.5771095532709265,1.09,3.5771095532709265,1.09,3.5771095532709265,0.39999999999999647,0.3999999999999929,0.05714285714285613,0.0,0.0,1.09,34.77,1.0914285714285714,34.87714285714286,-0.4925480679538642,-0.8702852410301554
2021-08-02,1.09,34.77,0.0,0,3.5771095532709265,1.09,3.5771095532709265,1.09,3.5771095532709265,0.0,0.3999999999999929,0.05714285714285613,0.0,0.0,1.09,34.77,1.09,34.77,-0.5074150932938452,-0.8617017599480683
2021-08-03,1.1,35.52,5.8,0,3.597860055726768,1.09,3.5771095532709265,1.09,3.5771095532709265,5.799999999999996,6.199999999999993,0.8857142857142847,0.010000000000000009,0.75,1.0933333333333333,35.02000000000001,1.0914285714285714,34.87714285714286,-0.5221325810768248,-0.8528643314021597
2021-08-04,1.09,34.77,0.0,0,3.5771095532709265,1.1,3.597860055726768,1.09,3.5771095532709265,5.799999999999996,6.199999999999993,0.8857142857142847,-0.010000000000000009,-0.75,1.0933333333333335,35.02000000000001,1.0914285714285714,34.87714285714286,-0.5366961939916003,-0.8437755598231858
2021-08-05,1.06,32.53,0.0,0,3.512440560478137,1.09,3.5771095532709265,1.1,3.597860055726768,5.799999999999996,6.199999999999993,0.8857142857142847,-0.030000000000000027,-2.240000000000002,1.0833333333333333,34.27333333333334,1.0871428571428572,34.55714285714286,-0.5511016400745998,-0.8344381237138474
2021-08-06,1.06,32.53,0.0,0,3.512440560478137,1.06,3.512440560478137,1.09,3.5771095532709265,0.0,5.799999999999993,0.8285714285714275,0.0,0.0,1.07,33.27666666666668,1.082857142857143,34.23714285714286,-0.5653446739747425,-0.8248547748594246
2021-08-07,1.03,30.28,0.0,0,3.4429789156771102,1.06,3.512440560478137,1.06,3.512440560478137,0.0,5.799999999999993,0.8285714285714275,-0.030000000000000027,-2.25,1.05,31.780000000000012,1.0742857142857143,33.59571428571429,-0.5794210982045637,-0.8150283375168114
2021-08-08,1.03,30.28,0.0,0,3.4429789156771102,1.03,3.4429789156771102,1.06,3.512440560478137,0.0,5.799999999999993,0.8285714285714275,0.0,0.0,1.04,31.030000000000012,1.0657142857142856,32.95428571428572,-0.5933267643772321,-0.8049617075821958
2021-08-09,1.03,30.28,0.0,0,3.4429789156771102,1.03,3.4429789156771102,1.03,3.4429789156771102,0.0,5.799999999999993,0.8285714285714275,0.0,0.0,1.03,30.28,1.0571428571428572,32.31285714285714,-0.6070575744291004,-0.794657851737625
2021-08-10,1.03,30.28,0.0,0,3.4429789156771102,1.03,3.4429789156771102,1.03,3.4429789156771102,0.0,0.0,0.0,0.0,0.0,1.03,30.28,1.0471428571428572,31.564285714285717,-0.6206094818274228,-0.7841198065767104
2021-08-11,1.03,30.28,0.0,0,3.4429789156771102,1.03,3.4429789156771102,1.03,3.4429789156771102,0.0,0.0,0.0,0.0,0.0,1.03,30.28,1.0385714285714287,30.922857142857143,-0.6339784927628865,-0.77335067770973
2021-08-12,1.03,30.28,0.0,0,3.4429789156771102,1.03,3.4429789156771102,1.03,3.4429789156771102,0.0,0.0,0.0,0.0,0.0,1.03,30.28,1.0342857142857143,30.601428571428574,-0.6471606673266059,-0.7623536388483905
2021-08-13,1.03,30.28,0.0,0,3.4429789156771102,1.03,3.4429789156771102,1.03,3.4429789156771102,0.0,0.0,0.0,0.0,0.0,1.03,30.28,1.03,30.28,-0.6601521206712315,-0.7511319308705201
2021-08-14,1.03,30.28,0.0,0,3.4429789156771102,1.03,3.4429789156771102,1.03,3.4429789156771102,0.0,0.0,0.0,0.0,0.0,1.03,30.28,1.03,30.28,-0.6729490241558326,-0.7396888608649671
2021-08-15,1.02,29.54,0.0,0,3.4190372997904865,1.03,3.4429789156771102,1.03,3.4429789156771102,0.0,0.0,0.0,-0.010000000000000009,-0.740000000000002,1.0266666666666666,30.033333333333342,1.0285714285714287,30.174285714285713,-0.6855476064742154,-0.7280278011569848
2021-08-16,1.03,30.28,0.0,0,3.4429789156771102,1.02,3.4190372997904865,1.03,3.4429789156771102,0.0,0.0,0.0,0.010000000000000009,0.740000000000002,1.0266666666666666,30.033333333333342,1.0285714285714287,30.174285714285713,-0.6979441547663433,-0.7161521883143935
2021-08-17,1.03,30.28,0.0,0,3.4429789156771102,1.03,3.4429789156771102,1.02,3.4190372997904865,0.0,0.0,0.0,0.0,0.0,1.0266666666666666,30.033333333333342,1.0285714285714285,30.174285714285713,-0.7101350157125356,-0.7040655221348059
2021-08-18,1.03,30.28,0.2,0,3.4429789156771102,1.03,3.4429789156771102,1.03,3.4429789156771102,0.19999999999999646,0.1999999999999929,0.028571428571427557,0.0,0.0,1.03,30.28,1.0285714285714287,30.174285714285713,-0.7221165966101161,-0.691771364614222
2021-08-19,1.03,30.28,0.0,0,3.4429789156771102,1.03,3.4429789156771102,1.03,3.4429789156771102,0.19999999999999646,0.1999999999999929,0.028571428571427557,0.0,0.0,1.03,30.28,1.0285714285714287,30.174285714285713,-0.7338853664321993,-0.6792733388972929
2021-08-20,1.1,35.52,0.0,0,3.597860055726768,1.03,3.4429789156771102,1.03,3.4429789156771102,0.19999999999999646,0.1999999999999929,0.028571428571427557,0.07000000000000006,5.240000000000002,1.0533333333333335,32.02666666666668,1.0385714285714285,30.922857142857143,-0.7454378568683003,-0.6665751282095631
2021-08-21,1.1,35.52,0.0,0,3.597860055726768,1.1,3.597860055726768,1.03,3.4429789156771102,0.0,0.1999999999999929,0.028571428571427557,0.0,0.0,1.0766666666666664,33.77333333333334,1.0485714285714287,31.671428571428574,-0.7567706633464625,-0.653680474772006
2021-08-22,1.1,35.52,0.0,0,3.597860055726768,1.1,3.597860055726768,1.1,3.597860055726768,0.0,0.1999999999999929,0.028571428571427557,0.0,0.0,1.1,35.52,1.06,32.52571428571429,-0.7678804460366,-0.6405931786981752
2021-08-23,1.09,34.77,0.0,0,3.5771095532709265,1.1,3.597860055726768,1.1,3.597860055726768,0.0,0.1999999999999929,0.028571428571427557,-0.010000000000000009,-0.75,1.0966666666666667,35.27000000000001,1.0685714285714287,33.167142857142856,-0.7787639308347605,-0.627317096874294
2021-08-24,1.09,34.77,0.0,0,3.5771095532709265,1.09,3.5771095532709265,1.1,3.597860055726768,0.0,0.1999999999999929,0.028571428571427557,0.0,0.0,1.0933333333333335,35.02000000000001,1.0771428571428572,33.808571428571426,-0.7894179103280194,-0.6138561418226122
2021-08-25,1.09,34.77,0.0,0,3.5771095532709265,1.09,3.5771095532709265,1.09,3.5771095532709265,0.0,0.0,0.0,0.0,0.0,1.09,34.77,1.0857142857142859,34.45,-0.7998392447397191,-0.6002142805483686
2021-08-26,1.03,30.28,0.0,0,3.4429789156771102,1.09,3.5771095532709265,1.09,3.5771095532709265,0.0,0.0,0.0,-0.06000000000000005,-4.490000000000002,1.07,33.27333333333334,1.0857142857142859,34.45,-0.8100248628547748,-0.5863955333706962
2021-08-27,1.03,30.28,0.0,0,3.4429789156771102,1.03,3.4429789156771102,1.09,3.5771095532709265,0.0,0.0,0.0,0.0,0.0,1.05,31.77666666666667,1.0757142857142858,33.70142857142857,-0.8199717629247767,-0.5724039727378154
2021-08-28,1.03,30.28,0.2,0,3.4429789156771102,1.03,3.4429789156771102,1.03,3.4429789156771102,0.19999999999999646,0.1999999999999929,0.028571428571427557,0.0,0.0,1.03,30.28,1.0657142857142858,32.95285714285715,-0.8296770135526185,-0.5582437220268655
2021-08-29,1.03,30.28,0.0,0,3.4429789156771102,1.03,3.4429789156771102,1.03,3.4429789156771102,0.19999999999999646,0.1999999999999929,0.028571428571427557,0.0,0.0,1.03,30.28,1.0557142857142858,32.20428571428572,-0.8391377545563938,-0.5439189543287248
2021-08-30,1.03,30.28,0.0,0,3.4429789156771102,1.03,3.4429789156771102,1.03,3.4429789156771102,0.19999999999999646,0.1999999999999929,0.028571428571427557,0.0,0.0,1.03,30.28,1.0471428571428572,31.562857142857148,-0.8483511978123038,-0.5294338912181854
2021-08-31,1.02,29.54,0.0,0,3.4190372997904865,1.03,3.4429789156771102,1.03,3.4429789156771102,0.0,0.1999999999999929,0.028571428571427557,-0.010000000000000009,-0.740000000000002,1.0266666666666666,30.033333333333342,1.0371428571428571,30.815714285714286,-0.8573146280763322,-0.514792801509831
2021-09-01,0.95,24.9,7.0,0,3.254242968705492,1.02,3.4190372997904865,1.03,3.4429789156771102,6.9999999999999964,7.199999999999993,1.0285714285714276,-0.07000000000000006,-4.640000000000001,0.9999999999999999,28.24000000000001,1.0171428571428571,29.405714285714286,-0.8660254037844385,-0.5000000000000004
2021-09-02,0.69,9.99,4.8,0,2.39698576841553,0.95,3.254242968705492,1.02,3.4190372997904865,11.799999999999997,11.999999999999993,1.7142857142857133,-0.26,-14.909999999999998,0.8866666666666666,21.476666666666674,0.9685714285714286,26.507142857142856,-0.8744809578310394,-0.4850598461951967
2021-09-03,0.69,9.99,5.8,0,2.39698576841553,0.69,2.39698576841553,0.95,3.254242968705492,17.599999999999994,17.799999999999994,2.542857142857142,0.0,0.0,0.7766666666666665,14.960000000000008,0.9199999999999999,23.608571428571427,-0.8826787983255475,-0.4699767430273199
2021-09-04,0.87,19.88,0.0,0,3.038791763014438,0.69,2.39698576841553,0.69,2.39698576841553,10.599999999999996,17.599999999999994,2.5142857142857133,0.18000000000000005,9.889999999999999,0.7499999999999999,13.286666666666674,0.8971428571428571,22.12285714285714,-0.8906165093267404,-0.45475513555610575
2021-09-05,0.87,19.88,0.0,0,3.038791763014438,0.87,3.038791763014438,0.69,2.39698576841553,5.799999999999996,17.599999999999994,2.5142857142857133,0.0,0.0,0.8099999999999999,16.58333333333334,0.8742857142857143,20.637142857142855,-0.8982917515547529,-0.43939950965914165
2021-09-06,0.87,19.88,0.0,0,3.038791763014438,0.87,3.038791763014438,0.87,3.038791763014438,0.0,17.599999999999994,2.5142857142857133,0.0,0.0,0.87,19.88,0.8514285714285714,19.15142857142857,-0.9057022630804714,-0.42391439070986087
2021-09-07,0.87,19.88,0.0,0,3.038791763014438,0.87,3.038791763014438,0.87,3.038791763014438,0.0,17.599999999999994,2.5142857142857133,0.0,0.0,0.87,19.88,0.83,17.77142857142857,-0.9128458599921354,-0.40830434224389367
2021-09-08,0.87,19.88,0.2,0,3.038791763014438,0.87,3.038791763014438,0.87,3.038791763014438,0.19999999999999646,10.799999999999994,1.542857142857142,0.0,0.0,0.87,19.88,0.8185714285714286,17.054285714285715,-0.9197204370389468,-0.3925739646141714
2021-09-09,0.79,14.98,5.2,0,2.7713379403381286,0.87,3.038791763014438,0.87,3.038791763014438,5.399999999999997,11.199999999999992,1.599999999999999,-0.07999999999999996,-4.899999999999999,0.8433333333333333,18.246666666666673,0.8328571428571429,17.767142857142854,-0.9263239682514951,-0.3767278936351848
2021-09-10,0.79,14.98,0.0,0,2.7713379403381286,0.79,2.7713379403381286,0.87,3.038791763014438,5.399999999999997,5.399999999999993,0.7714285714285705,0.0,0.0,0.8166666666666665,16.61333333333334,0.8471428571428572,18.479999999999997,-0.9326545075388225,-0.3607707992167831
2021-09-11,0.79,14.98,0.0,0,2.7713379403381286,0.79,2.7713379403381286,0.79,2.7713379403381286,5.199999999999997,5.399999999999993,0.7714285714285705,0.0,0.0,0.79,14.98,0.8357142857142857,17.779999999999998,-0.9387101892619443,-0.3447073839879337
2021-09-12,0.79,14.98,0.0,0,2.7713379403381286,0.79,2.7713379403381286,0.79,2.7713379403381286,0.0,5.399999999999993,0.7714285714285705,0.0,0.0,0.79,14.98,0.8242857142857144,17.080000000000002,-0.9444892287836613,-0.32854238191083474
2021-09-13,1.01,28.79,6.6,0,3.394172766725191,0.79,2.7713379403381286,0.79,2.7713379403381286,6.599999999999996,11.999999999999993,1.7142857142857133,0.21999999999999997,13.809999999999999,0.8633333333333333,19.58333333333334,0.8442857142857143,18.352857142857143,-0.9499899229945009,-0.3122805568857948
2021-09-14,0.79,14.98,0.2,0,2.7713379403381286,1.01,3.394172766725191,0.79,2.7713379403381286,6.799999999999996,12.199999999999992,1.7428571428571418,-0.21999999999999997,-13.809999999999999,0.8633333333333333,19.583333333333343,0.8328571428571429,17.65285714285714,-0.9552106508146316,-0.29592670134728966
2021-09-15,0.7,10.34,1.2,0,2.428336298299606,0.79,2.7713379403381286,1.01,3.394172766725191,7.9999999999999964,13.199999999999994,1.8857142857142848,-0.09000000000000008,-4.640000000000001,0.8333333333333334,18.036666666666672,0.8085714285714286,16.29,-0.9601498736716017,-0.2794856348516098
2021-09-16,0.7,10.34,0.0,0,2.428336298299606,0.7,2.428336298299606,0.79,2.7713379403381286,1.3999999999999964,7.999999999999993,1.142857142857142,0.0,0.0,0.73,11.886666666666676,0.7957142857142857,15.627142857142855,-0.9648061359537644,-0.2629622026565152
2021-09-17,0.62,7.5,1.8,0,2.1400661634962708,0.7,2.428336298299606,0.7,2.428336298299606,2.9999999999999964,9.799999999999992,1.3999999999999988,-0.07999999999999996,-2.84,0.6733333333333333,9.39333333333334,0.7714285714285714,14.558571428571428,-0.9691780654392534,-0.24636127429331536
2021-09-18,0.61,7.15,0.2,0,2.0980179272527715,0.62,2.1400661634962708,0.7,2.428336298299606,1.9999999999999964,9.999999999999993,1.4285714285714275,-0.010000000000000009,-0.34999999999999964,0.6433333333333333,8.330000000000007,0.7457142857142857,13.44,-0.9732643737003823,-0.2296877421317963
2021-09-19,0.61,7.15,1.4,0,2.0980179272527715,0.61,2.0980179272527715,0.62,2.1400661634962708,3.3999999999999964,11.399999999999991,1.6285714285714274,0.0,0.0,0.6133333333333333,7.266666666666674,0.72,12.321428571428571,-0.9770638564833508,-0.21294651993841573
2021-09-20,0.61,7.15,11.2,0,2.0980179272527715,0.61,2.0980179272527715,0.61,2.0980179272527715,12.799999999999995,15.999999999999991,2.2857142857142843,0.0,0.0,0.61,7.15,0.6628571428571428,9.23,-0.9805753940631429,-0.19614254142819712
2021-09-21,0.61,7.15,16.6,0,2.0980179272527715,0.61,2.0980179272527715,0.61,2.0980179272527715,29.199999999999996,32.39999999999999,4.628571428571427,0.0,0.0,0.61,7.15,0.6371428571428571,8.11142857142857,-0.9837979515735163,-0.1792807588107359
2021-09-22,0.61,7.15,0.0,0,2.0980179272527715,0.61,2.0980179272527715,0.61,2.0980179272527715,27.799999999999994,31.199999999999992,4.457142857142856,0.0,0.0,0.61,7.15,0.6242857142857142,7.655714285714285,-0.9867305793119814,-0.16236614133076413
2021-09-23,0.61,7.15,0.2,0,2.0980179272527715,0.61,2.0980179272527715,0.61,2.0980179272527715,16.799999999999994,31.39999999999999,4.485714285714285,0.0,0.0,0.61,7.15,0.6114285714285714,7.2,-0.9893724130196829,-0.14540367380369032
2021-09-24,0.55,5.31,2.4,0,1.8421356765531218,0.61,2.0980179272527715,0.61,2.0980179272527715,2.599999999999993,31.999999999999993,4.57142857142857,-0.05999999999999994,-1.8400000000000007,0.59,6.536666666666673,0.6014285714285714,6.887142857142856,-0.9917226741361014,-0.12839835514655154
2021-09-25,0.55,5.31,5.2,0,1.8421356765531218,0.55,1.8421356765531218,0.61,2.0980179272527715,7.799999999999994,36.99999999999999,5.285714285714285,0.0,0.0,0.57,5.92333333333334,0.5928571428571429,6.624285714285713,-0.9937806700284985,-0.11135519690480865
2021-09-26,0.55,5.31,0.0,0,1.8421356765531218,0.55,1.8421356765531218,0.55,1.8421356765531218,7.5999999999999925,35.599999999999994,5.0857142857142845,0.0,0.0,0.55,5.31,0.5842857142857143,6.36142857142857,-0.9955457941960382,-0.09427922177542443
2021-09-27,0.41,3.02,0.8,0,1.3912819026309295,0.55,1.8421356765531218,0.55,1.8421356765531218,5.999999999999992,25.199999999999992,3.5999999999999988,-0.14000000000000007,-2.2899999999999996,0.5033333333333333,4.546666666666674,0.5557142857142857,5.7714285714285705,-0.9970175264485267,-0.07717546212664643
2021-09-28,0.41,3.02,0.0,0,1.3912819026309295,0.41,1.3912819026309295,0.55,1.8421356765531218,0.7999999999999929,8.59999999999999,1.2285714285714273,0.0,0.0,0.4566666666666667,3.7833333333333403,0.5271428571428571,5.18142857142857,-0.998195433059714,-0.06004895851494849
2021-09-29,0.41,3.02,0.2,0,1.3912819026309295,0.41,1.3912819026309295,0.41,1.3912819026309295,0.9999999999999929,8.79999999999999,1.2571428571428558,0.0,0.0,0.41,3.02,0.4985714285714286,4.591428571428571,-0.9990791668951153,-0.04290475819955383
2021-09-30,0.41,3.02,0.0,0,1.3912819026309295,0.41,1.3912819026309295,0.41,1.3912819026309295,0.1999999999999929,8.59999999999999,1.2285714285714273,0.0,0.0,0.41,3.02,0.47000000000000003,4.00142857142857,-0.9996684675143132,-0.025747913654988113
2021-10-01,0.41,3.02,0.0,0,1.3912819026309295,0.41,1.3912819026309295,0.41,1.3912819026309295,0.1999999999999929,6.19999999999999,0.8857142857142843,0.0,0.0,0.41,3.02,0.45,3.674285714285713,-0.9999631612477099,-0.008583481082086734
2021-10-02,0.41,3.02,7.8,0,1.3912819026309295,0.41,1.3912819026309295,0.41,1.3912819026309295,7.799999999999993,8.79999999999999,1.2571428571428558,0.0,0.0,0.41,3.02,0.43,3.347142857142856,-0.9999631612477099,0.008583481082087254
2021-10-03,0.41,3.02,1.4,0,1.3912819026309295,0.41,1.3912819026309295,0.41,1.3912819026309295,9.199999999999992,10.199999999999989,1.4571428571428555,0.0,0.0,0.41,3.02,0.41,3.02,-0.999668467514313,0.025747913654988634
2021-10-04,0.41,3.02,0.0,0,1.3912819026309295,0.41,1.3912819026309295,0.41,1.3912819026309295,9.199999999999992,9.399999999999988,1.3428571428571412,0.0,0.0,0.41,3.02,0.41,3.02,-0.9990791668951153,0.04290475819955435
2021-10-05,0.41,3.02,0.0,0,1.3912819026309295,0.41,1.3912819026309295,0.41,1.3912819026309295,1.3999999999999928,9.399999999999988,1.3428571428571412,0.0,0.0,0.41,3.02,0.41,3.02,-0.998195433059714,0.06004895851494813
2021-10-06,0.41,3.02,0.2,0,1.3912819026309295,0.41,1.3912819026309295,0.41,1.3912819026309295,0.1999999999999929,9.39999999999999,1.3428571428571414,0.0,0.0,0.41,3.02,0.41,3.02,-0.9970175264485267,0.07717546212664607
2021-10-07,0.41,3.02,0.0,0,1.3912819026309295,0.41,1.3912819026309295,0.41,1.3912819026309295,0.1999999999999929,9.39999999999999,1.3428571428571414,0.0,0.0,0.41,3.02,0.41,3.02,-0.9955457941960382,0.09427922177542405
2021-10-08,0.58,6.2,0.0,0,1.9740810260220096,0.41,1.3912819026309295,0.41,1.3912819026309295,0.1999999999999929,9.39999999999999,1.3428571428571414,0.16999999999999998,3.18,0.4666666666666666,4.080000000000007,0.4342857142857143,3.4742857142857133,-0.9937806700284985,0.11135519690480827
2021-10-09,0.58,6.2,0.0,0,1.9740810260220096,0.58,1.9740810260220096,0.41,1.3912819026309295,0.0,1.5999999999999892,0.22857142857142704,0.0,0.0,0.5233333333333333,5.140000000000007,0.4585714285714285,3.9285714285714275,-0.9917226741361016,0.1283983551465503
2021-10-10,0.58,6.2,0.0,0,1.9740810260220096,0.58,1.9740810260220096,0.58,1.9740810260220096,0.0,0.19999999999998935,0.02857142857142705,0.0,0.0,0.58,6.2,0.4828571428571428,4.382857142857142,-0.9893724130196829,0.14540367380368996
2021-10-11,0.58,6.2,0.2,0,1.9740810260220096,0.58,1.9740810260220096,0.58,1.9740810260220096,0.1999999999999929,0.39999999999998936,0.05714285714285562,0.0,0.0,0.58,6.2,0.5071428571428571,4.837142857142856,-0.9867305793119814,0.16236614133076377
2021-10-12,0.58,6.2,0.0,0,1.9740810260220096,0.58,1.9740810260220096,0.58,1.9740810260220096,0.1999999999999929,0.39999999999998936,0.05714285714285562,0.0,0.0,0.58,6.2,0.5314285714285714,5.29142857142857,-0.9837979515735163,0.17928075881073555
2021-10-13,0.58,6.2,0.0,0,1.9740810260220096,0.58,1.9740810260220096,0.58,1.9740810260220096,0.1999999999999929,0.19999999999998935,0.02857142857142705,0.0,0.0,0.58,6.2,0.5557142857142857,5.7457142857142856,-0.980575394063143,0.19614254142819676
2021-10-14,0.59,6.49,0.0,0,2.0135687975291283,0.58,1.9740810260220096,0.58,1.9740810260220096,0.0,0.19999999999998935,0.02857142857142705,0.010000000000000009,0.29000000000000004,0.5833333333333331,6.296666666666674,0.5814285714285713,6.241428571428571,-0.9770638564833509,0.21294651993841537
2021-10-15,0.61,7.15,0.0,0,2.0980179272527715,0.59,2.0135687975291283,0.58,1.9740810260220096,0.0,0.19999999999998935,0.02857142857142705,0.020000000000000018,0.6600000000000001,0.5933333333333333,6.61333333333334,0.5857142857142856,6.377142857142856,-0.9732643737003827,0.22968774213179508
2021-10-16,0.59,6.49,3.2,0,2.0135687975291283,0.61,2.0980179272527715,0.59,2.0135687975291283,3.199999999999993,3.3999999999999897,0.48571428571428427,-0.020000000000000018,-0.6600000000000001,0.5966666666666666,6.710000000000008,0.5871428571428571,6.418571428571428,-0.9691780654392538,0.24636127429331414
2021-10-17,0.59,6.49,0.0,0,2.0135687975291283,0.59,2.0135687975291283,0.61,2.0980179272527715,3.199999999999993,3.3999999999999897,0.48571428571428427,0.0,0.0,0.5966666666666666,6.710000000000007,0.5885714285714286,6.459999999999999,-0.9648061359537647,0.262962202656514
2021-10-18,0.59,6.49,0.0,0,2.0135687975291283,0.59,2.0135687975291283,0.59,2.0135687975291283,3.199999999999993,3.1999999999999895,0.45714285714285563,0.0,0.0,0.59,6.49,0.59,6.50142857142857,-0.9601498736716018,0.2794856348516095
2021-10-19,0.59,6.49,0.0,0,2.0135687975291283,0.59,2.0135687975291283,0.59,2.0135687975291283,0.0,3.1999999999999895,0.45714285714285563,0.0,0.0,0.59,6.49,0.5914285714285714,6.542857142857143,-0.9552106508146317,0.2959267013472893
2021-10-20,0.59,6.49,0.0,0,2.0135687975291283,0.59,2.0135687975291283,0.59,2.0135687975291283,0.0,3.1999999999999895,0.45714285714285563,0.0,0.0,0.59,6.49,0.5928571428571429,6.584285714285714,-0.9499899229945011,0.3122805568857945
2021-10-21,0.59,6.49,0.0,0,2.0135687975291283,0.59,2.0135687975291283,0.59,2.0135687975291283,0.0,3.1999999999999895,0.45714285714285563,0.0,0.0,0.59,6.49,0.5928571428571429,6.584285714285713,-0.9444892287836614,0.3285423819108344
2021-10-22,0.59,6.49,1.2,0,2.0135687975291283,0.59,2.0135687975291283,0.59,2.0135687975291283,1.1999999999999929,4.39999999999999,0.6285714285714271,0.0,0.0,0.59,6.49,0.59,6.49,-0.938710189261944,0.3447073839879342
2021-10-23,0.59,6.49,0.0,0,2.0135687975291283,0.59,2.0135687975291283,0.59,2.0135687975291283,1.1999999999999929,1.1999999999999893,0.1714285714285699,0.0,0.0,0.59,6.49,0.59,6.49,-0.9326545075388223,0.3607707992167836
2021-10-24,0.59,6.49,0.0,0,2.0135687975291283,0.59,2.0135687975291283,0.59,2.0135687975291283,1.1999999999999929,1.1999999999999893,0.1714285714285699,0.0,0.0,0.59,6.49,0.59,6.49,-0.9263239682514949,0.3767278936351853
2021-10-25,0.59,6.49,0.0,0,2.0135687975291283,0.59,2.0135687975291283,0.59,2.0135687975291283,0.0,1.1999999999999893,0.1714285714285699,0.0,0.0,0.59,6.49,0.59,6.49,-0.9197204370389466,0.3925739646141719
2021-10-26,0.59,6.49,0.0,0,2.0135687975291283,0.59,2.0135687975291283,0.59,2.0135687975291283,0.0,1.1999999999999893,0.1714285714285699,0.0,0.0,0.59,6.49,0.59,6.49,-0.9128458599921356,0.40830434224389334
2021-10-27,0.59,6.49,0.0,0,2.0135687975291283,0.59,2.0135687975291283,0.59,2.0135687975291283,0.0,1.1999999999999893,0.1714285714285699,0.0,0.0,0.59,6.49,0.59,6.49,-0.9057022630804715,0.42391439070986053
2021-10-28,0.59,6.49,0.0,0,2.0135687975291283,0.59,2.0135687975291283,0.59,2.0135687975291283,0.0,1.1999999999999893,0.1714285714285699,0.0,0.0,0.59,6.49,0.59,6.49,-0.898291751554753,0.4393995096591413
2021-10-29,0.59,6.49,4.4,0,2.0135687975291283,0.59,2.0135687975291283,0.59,2.0135687975291283,4.399999999999993,4.39999999999999,0.6285714285714271,0.0,0.0,0.59,6.49,0.59,6.49,-0.8906165093267406,0.4547551355561054
2021-10-30,0.59,6.49,0.4,0,2.0135687975291283,0.59,2.0135687975291283,0.59,2.0135687975291283,4.799999999999994,4.79999999999999,0.6857142857142843,0.0,0.0,0.59,6.49,0.59,6.49,-0.8826787983255476,0.46997674302731957
2021-10-31,0.59,6.49,10.8,0,2.0135687975291283,0.59,2.0135687975291283,0.59,2.0135687975291283,15.599999999999994,15.59999999999999,2.2285714285714273,0.0,0.0,0.59,6.49,0.59,6.49,-0.8744809578310401,0.4850598461951956
2021-11-01,0.59,6.49,0.0,0,2.0135687975291283,0.59,2.0135687975291283,0.59,2.0135687975291283,11.199999999999994,15.59999999999999,2.2285714285714273,0.0,0.0,0.59,6.49,0.59,6.49,-0.8660254037844386,0.5000000000000001
2021-11-02,0.59,6.49,3.0,0,2.0135687975291283,0.59,2.0135687975291283,0.59,2.0135687975291283,13.799999999999994,18.59999999999999,2.6571428571428557,0.0,0.0,0.59,6.49,0.59,6.49,-0.8573146280763323,0.5147928015098306
2021-11-03,0.93,23.65,5.2,0,3.204776900488699,0.59,2.0135687975291283,0.59,2.0135687975291283,8.199999999999992,23.79999999999999,3.3999999999999986,0.3400000000000001,17.159999999999997,0.7033333333333333,12.210000000000008,0.6385714285714286,8.94142857142857,-0.848351197812304,0.5294338912181851
2021-11-04,0.59,6.49,12.0,0,2.0135687975291283,0.93,3.204776900488699,0.59,2.0135687975291283,20.199999999999992,35.79999999999999,5.114285714285713,-0.3400000000000001,-17.159999999999997,0.7033333333333333,12.210000000000006,0.6385714285714286,8.94142857142857,-0.8391377545563939,0.5439189543287245
2021-11-05,0.43,3.31,21.4,0,1.4609379041156565,0.59,2.0135687975291283,0.93,3.204776900488699,38.599999999999994,52.79999999999999,7.542857142857142,-0.15999999999999998,-3.18,0.65,11.150000000000006,0.6157142857142857,8.487142857142857,-0.8296770135526191,0.5582437220268645
2021-11-06,0.43,3.31,0.2,0,1.4609379041156565,0.43,1.4609379041156565,0.59,2.0135687975291283,33.59999999999999,52.599999999999994,7.514285714285713,0.0,0.0,0.4833333333333332,4.370000000000007,0.5928571428571429,8.032857142857143,-0.8199717629247775,0.5724039727378144
2021-11-07,0.24,1.28,1.0,0,0.8241754429663494,0.43,1.4609379041156565,0.43,1.4609379041156565,22.59999999999999,42.79999999999999,6.114285714285713,-0.19,-2.0300000000000002,0.36666666666666664,2.6333333333333404,0.5428571428571428,7.288571428571427,-0.8100248628547756,0.5863955333706952
2021-11-08,0.24,1.28,1.4,0,0.8241754429663494,0.24,0.8241754429663494,0.43,1.4609379041156565,2.5999999999999925,44.19999999999999,6.314285714285712,0.0,0.0,0.3033333333333333,1.9566666666666734,0.4928571428571429,6.544285714285713,-0.7998392447397198,0.6002142805483676
2021-11-09,0.24,1.28,0.0,0,0.8241754429663494,0.24,0.8241754429663494,0.24,0.8241754429663494,2.3999999999999924,41.19999999999999,5.885714285714284,0.0,0.0,0.24,1.28,0.4428571428571429,5.799999999999999,-0.7894179103280197,0.613856141822612
2021-11-10,0.24,1.28,0.0,0,0.8241754429663494,0.24,0.8241754429663494,0.24,0.8241754429663494,1.3999999999999928,35.999999999999986,5.142857142857141,0.0,0.0,0.24,1.28,0.3442857142857143,2.604285714285713,-0.7787639308347607,0.6273170968742937
2021-11-11,0.24,1.28,0.2,0,0.8241754429663494,0.24,0.8241754429663494,0.24,0.8241754429663494,0.1999999999999929,24.19999999999999,3.4571428571428555,0.0,0.0,0.24,1.28,0.2942857142857143,1.859999999999999,-0.7678804460366002,0.640593178698175
2021-11-12,0.24,1.28,0.0,0,0.8241754429663494,0.24,0.8241754429663494,0.24,0.8241754429663494,0.1999999999999929,2.799999999999989,0.39999999999999847,0.0,0.0,0.24,1.28,0.2671428571428571,1.569999999999999,-0.7567706633464628,0.6536804747720056
2021-11-13,0.24,1.28,0.0,0,0.8241754429663494,0.24,0.8241754429663494,0.24,0.8241754429663494,0.1999999999999929,2.599999999999989,0.37142857142856983,0.0,0.0,0.24,1.28,0.24,1.28,-0.7454378568682999,0.6665751282095634
2021-11-14,0.24,1.28,6.8,0,0.8241754429663494,0.24,0.8241754429663494,0.24,0.8241754429663494,6.799999999999993,8.39999999999999,1.1999999999999986,0.0,0.0,0.24,1.28,0.24,1.28,-0.7338853664321989,0.6792733388972934
2021-11-15,0.24,1.28,3.2,0,0.8241754429663494,0.24,0.8241754429663494,0.24,0.8241754429663494,9.999999999999993,10.199999999999989,1.4571428571428555,0.0,0.0,0.24,1.28,0.24,1.28,-0.7221165966101161,0.6917713646142221
2021-11-16,0.24,1.28,1.4,0,0.8241754429663494,0.24,0.8241754429663494,0.24,0.8241754429663494,11.399999999999993,11.599999999999989,1.6571428571428555,0.0,0.0,0.24,1.28,0.24,1.28,-0.7101350157125358,0.7040655221348057
2021-11-17,0.24,1.28,0.2,0,0.8241754429663494,0.24,0.8241754429663494,0.24,0.8241754429663494,4.799999999999993,11.799999999999988,1.685714285714284,0.0,0.0,0.24,1.28,0.24,1.28,-0.6979441547663436,0.7161521883143932
2021-11-18,0.23,1.18,0.0,0,0.7793248768009976,0.24,0.8241754429663494,0.24,0.8241754429663494,1.5999999999999928,11.599999999999989,1.6571428571428555,-0.009999999999999981,-0.10000000000000009,0.2366666666666666,1.2466666666666737,0.23857142857142857,1.2657142857142847,-0.6855476064742156,0.7280278011569846
2021-11-19,0.23,1.18,0.0,0,0.7793248768009976,0.23,0.7793248768009976,0.24,0.8241754429663494,0.1999999999999929,11.599999999999989,1.6571428571428555,0.0,0.0,0.2333333333333333,1.2133333333333403,0.23714285714285713,1.2514285714285704,-0.6729490241558331,0.7396888608649665
2021-11-20,0.23,1.18,0.0,0,0.7793248768009976,0.23,0.7793248768009976,0.23,0.7793248768009976,0.0,11.599999999999989,1.6571428571428555,0.0,0.0,0.23,1.18,0.2357142857142857,1.2371428571428562,-0.6601521206712321,0.7511319308705195
2021-11-21,0.23,1.18,3.4,0,0.7793248768009976,0.23,0.7793248768009976,0.23,0.7793248768009976,3.399999999999993,8.199999999999989,1.1714285714285697,0.0,0.0,0.23,1.18,0.2342857142857143,1.222857142857142,-0.6471606673266065,0.7623536388483899
2021-11-22,0.23,1.18,11.2,0,0.7793248768009976,0.23,0.7793248768009976,0.23,0.7793248768009976,14.599999999999993,16.19999999999999,2.3142857142857127,0.0,0.0,0.23,1.18,0.23285714285714287,1.2085714285714275,-0.6339784927628872,0.7733506777097294
2021-11-23,0.23,1.18,16.4,0,0.7793248768009976,0.23,0.7793248768009976,0.23,0.7793248768009976,30.999999999999993,31.19999999999999,4.4571428571428555,0.0,0.0,0.23,1.18,0.23142857142857146,1.1942857142857133,-0.6206094818274227,0.7841198065767104
2021-11-24,0.24,1.28,13.6,0,0.8241754429663494,0.23,0.7793248768009976,0.23,0.7793248768009976,41.199999999999996,44.59999999999999,6.371428571428569,0.009999999999999981,0.10000000000000009,0.2333333333333333,1.2133333333333405,0.23142857142857146,1.1942857142857133,-0.607057574429101,0.7946578517376245
2021-11-25,0.24,1.28,10.6,0,0.8241754429663494,0.24,0.8241754429663494,0.23,0.7793248768009976,40.599999999999994,55.19999999999999,7.885714285714284,0.0,0.0,0.23666666666666666,1.246666666666674,0.23285714285714287,1.2085714285714277,-0.5933267643772321,0.8049617075821958
2021-11-26,0.24,1.28,7.6,0,0.8241754429663494,0.24,0.8241754429663494,0.24,0.8241754429663494,31.79999999999999,62.79999999999999,8.97142857142857,0.0,0.0,0.24,1.28,0.2342857142857143,1.2228571428571418,-0.5794210982045647,0.8150283375168107
2021-11-27,0.24,1.28,3.0,0,0.8241754429663494,0.24,0.8241754429663494,0.24,0.8241754429663494,21.19999999999999,65.79999999999998,9.399999999999997,0.0,0.0,0.24,1.28,0.23571428571428574,1.2371428571428562,-0.5653446739747432,0.8248547748594242
2021-11-28,0.23,1.18,36.8,0,0.7793248768009976,0.24,0.8241754429663494,0.24,0.8241754429663494,47.39999999999999,99.19999999999999,14.171428571428569,-0.009999999999999981,-0.10000000000000009,0.2366666666666666,1.2466666666666737,0.2357142857142857,1.2371428571428562,-0.5511016400745998,0.8344381237138475
2021-11-29,0.25,1.37,3.8,0,0.8628899551470398,0.23,0.7793248768009976,0.24,0.8241754429663494,43.59999999999999,91.79999999999998,13.114285714285712,0.01999999999999999,0.19000000000000017,0.23999999999999996,1.2766666666666737,0.23857142857142857,1.2642857142857136,-0.5366961939916011,0.8437755598231853
2021-11-30,0.23,1.18,0.0,0,0.7793248768009976,0.25,0.8628899551470398,0.23,0.7793248768009976,40.59999999999999,75.39999999999998,10.771428571428569,-0.01999999999999999,-0.19000000000000017,0.2366666666666666,1.2433333333333403,0.23857142857142857,1.2642857142857131,-0.5221325810768248,0.8528643314021598
2021-12-01,0.22,1.09,9.6,0,0.7371640659767197,0.23,0.7793248768009976,0.25,0.8628899551470398,13.399999999999991,71.39999999999998,10.199999999999998,-0.010000000000000009,-0.08999999999999986,0.2333333333333333,1.2133333333333405,0.2357142857142857,1.2371428571428562,-0.5074150932938463,0.8617017599480677
2021-12-02,0.26,1.46,19.4,0,0.9001613499442714,0.22,0.7371640659767197,0.23,0.7793248768009976,28.99999999999999,80.19999999999999,11.457142857142856,0.04000000000000001,0.3699999999999999,0.23666666666666666,1.2433333333333405,0.23857142857142857,1.2628571428571418,-0.4925480679538645,0.8702852410301551
2021-12-03,0.26,1.46,0.2,0,0.9001613499442714,0.26,0.9001613499442714,0.22,0.7371640659767197,29.19999999999999,72.79999999999998,10.399999999999997,0.0,0.0,0.24666666666666667,1.3366666666666738,0.2414285714285714,1.2885714285714276,-0.47753588643748845,0.8786122450571482
2021-12-04,0.25,1.37,12.2,0,0.8628899551470398,0.26,0.9001613499442714,0.26,0.9001613499442714,31.79999999999999,81.99999999999997,11.71428571428571,-0.010000000000000009,-0.08999999999999986,0.25666666666666665,1.430000000000007,0.24285714285714285,1.3014285714285703,-0.4623829729035152,0.8866803180227398
2021-12-05,0.29,1.75,22.8,0,1.0116009116784799,0.25,0.8628899551470398,0.26,0.9001613499442714,35.19999999999999,67.99999999999999,9.714285714285712,0.03999999999999998,0.3799999999999999,0.26666666666666666,1.5266666666666737,0.25142857142857145,1.382857142857142,-0.44709379298511437,0.8944870822287954
2021-12-06,0.28,1.65,5.2,0,0.9745596399981308,0.29,1.0116009116784799,0.25,0.8628899551470398,40.19999999999999,69.39999999999999,9.914285714285713,-0.009999999999999953,-0.10000000000000009,0.27333333333333326,1.590000000000007,0.2557142857142857,1.4228571428571417,-0.43167285247378356,0.9020302369860709
2021-12-07,0.31,1.94,18.4,0,1.0784095813505903,0.28,0.9745596399981308,0.29,1.0116009116784799,46.39999999999999,87.79999999999998,12.542857142857141,0.02999999999999997,0.29000000000000004,0.2933333333333333,1.7800000000000071,0.2671428571428572,1.5314285714285703,-0.4161246959914751,0.9093075592922355
2021-12-08,0.28,1.65,9.8,0,0.9745596399981308,0.31,1.0784095813505903,0.28,0.9745596399981308,33.39999999999999,88.0,12.571428571428571,-0.02999999999999997,-0.29000000000000004,0.29,1.746666666666674,0.27571428571428575,1.6114285714285703,-0.4004539056512665,0.9163169044870048
2021-12-09,0.29,1.75,17.6,0,1.0116009116784799,0.28,0.9745596399981308,0.31,1.0784095813505903,45.8,86.19999999999999,12.314285714285713,0.009999999999999953,0.10000000000000009,0.2933333333333333,1.7800000000000071,0.27999999999999997,1.652857142857142,-0.3846650997070013,0.923056206884176
2021-12-10,0.27,1.56,3.4,0,0.9400072584914712,0.29,1.0116009116784799,0.28,0.9745596399981308,30.799999999999994,89.39999999999999,12.77142857142857,-0.019999999999999962,-0.18999999999999995,0.27999999999999997,1.6533333333333404,0.2814285714285714,1.6671428571428561,-0.3687629311922604,0.9295234803804002
2021-12-11,0.25,1.37,2.8,0,0.8628899551470398,0.27,0.9400072584914712,0.29,1.0116009116784799,23.799999999999994,79.99999999999999,11.428571428571427,-0.020000000000000018,-0.18999999999999995,0.26999999999999996,1.560000000000007,0.2814285714285714,1.6671428571428561,-0.3527520865490943,0.9357168190404939
2021-12-12,0.25,1.37,0.0,0,0.8628899551470398,0.25,0.8628899551470398,0.27,0.9400072584914712,6.199999999999992,57.19999999999999,8.171428571428569,0.0,0.0,0.25666666666666665,1.4333333333333407,0.2757142857142857,1.6128571428571419,-0.3366372842469107,0.9416343976591258
2021-12-13,0.25,1.37,0.2,0,0.8628899551470398,0.25,0.8628899551470398,0.25,0.8628899551470398,2.999999999999993,52.199999999999996,7.457142857142856,0.0,0.0,0.25,1.37,0.2714285714285714,1.5728571428571418,-0.3204232733919109,0.947274472298717
2021-12-14,0.25,1.37,0.0,0,0.8628899551470398,0.25,0.8628899551470398,0.25,0.8628899551470398,0.1999999999999929,33.8,4.828571428571428,0.0,0.0,0.25,1.37,0.26285714285714284,1.4914285714285707,-0.30411483232751857,0.9526353808033823
2021-12-15,0.25,1.37,0.0,0,0.8628899551470398,0.25,0.8628899551470398,0.25,0.8628899551470398,0.1999999999999929,23.999999999999993,3.4285714285714275,0.0,0.0,0.25,1.37,0.25857142857142856,1.4514285714285704,-0.28771676722616696,0.9577155432887803
2021-12-16,0.24,1.28,0.0,0,0.8241754429663494,0.25,0.8628899551470398,0.25,0.8628899551470398,0.0,6.399999999999992,0.9142857142857131,-0.010000000000000009,-0.09000000000000008,0.24666666666666662,1.3400000000000072,0.25142857142857145,1.3842857142857135,-0.27123391067291097,0.9625134626077079
2021-12-17,0.25,1.37,0.0,0,0.8628899551470398,0.24,0.8241754429663494,0.25,0.8628899551470398,0.0,2.999999999999993,0.42857142857142755,0.010000000000000009,0.09000000000000008,0.24666666666666662,1.3400000000000072,0.24857142857142858,1.357142857142856,-0.25467112024122895,0.9670277247913203
2021-12-18,0.25,1.37,0.0,0,0.8628899551470398,0.25,0.8628899551470398,0.24,0.8241754429663494,0.0,0.1999999999999929,0.028571428571427557,0.0,0.0,0.24666666666666662,1.3400000000000072,0.24857142857142858,1.3571428571428563,-0.23803327706148678,0.9712569994658311
2021-12-19,0.25,1.37,0.0,0,0.8628899551470398,0.25,0.8628899551470398,0.25,0.8628899551470398,0.0,0.1999999999999929,0.028571428571427557,0.0,0.0,0.25,1.37,0.24857142857142858,1.357142857142856,-0.22132528438243296,0.9752000402445824
2021-12-20,0.25,1.37,0.0,0,0.8628899551470398,0.25,0.8628899551470398,0.25,0.8628899551470398,0.0,0.0,0.0,0.0,0.0,0.25,1.37,0.24857142857142858,1.3571428571428563,-0.2045520661262005,0.9788556850953579
2021-12-21,0.24,1.28,0.0,0,0.8241754429663494,0.25,0.8628899551470398,0.25,0.8628899551470398,0.0,0.0,0.0,-0.010000000000000009,-0.09000000000000008,0.24666666666666662,1.340000000000007,0.24714285714285714,1.3442857142857132,-0.1877185654371994,0.9822228566828405
2021-12-22,0.24,1.28,0.0,0,0.8241754429663494,0.24,0.8241754429663494,0.25,0.8628899551470398,0.0,0.0,0.0,0.0,0.0,0.2433333333333333,1.310000000000007,0.24571428571428572,1.3314285714285705,-0.17082974322534408,0.985300562686109
2021-12-23,0.24,1.28,0.6,0,0.8241754429663494,0.24,0.8241754429663494,0.24,0.8241754429663494,0.5999999999999929,0.5999999999999929,0.0857142857142847,0.0,0.0,0.24,1.28,0.24571428571428572,1.3314285714285705,-0.1538905767040627,0.9880878960910771
2021-12-24,0.24,1.28,0.2,0,0.8241754429663494,0.24,0.8241754429663494,0.24,0.8241754429663494,0.7999999999999929,0.7999999999999929,0.11428571428571328,0.0,0.0,0.24,1.28,0.24428571428571427,1.3185714285714276,-0.1369060579234754,0.9905840354577969
2021-12-25,0.24,1.28,0.0,0,0.8241754429663494,0.24,0.8241754429663494,0.24,0.8241754429663494,0.7999999999999929,0.7999999999999929,0.11428571428571328,0.0,0.0,0.24,1.28,0.24285714285714285,1.3057142857142847,-0.1198811922992275,0.99278824516254
2021-12-26,0.25,1.37,8.2,0,0.8628899551470398,0.24,0.8241754429663494,0.24,0.8241754429663494,8.399999999999991,8.999999999999993,1.2857142857142847,0.010000000000000009,0.09000000000000008,0.2433333333333333,1.3100000000000072,0.24285714285714285,1.3057142857142847,-0.1028209971373608,0.9946998756145891
2021-12-27,0.25,1.37,0.2,0,0.8628899551470398,0.25,0.8628899551470398,0.24,0.8241754429663494,8.399999999999991,9.199999999999992,1.3142857142857132,0.0,0.0,0.24666666666666662,1.3400000000000072,0.24285714285714285,1.3057142857142847,-0.08573050015569487,0.9963183634476755
2021-12-28,0.25,1.37,0.0,0,0.8628899551470398,0.25,0.8628899551470398,0.25,0.8628899551470398,8.399999999999991,9.199999999999992,1.3142857142857132,0.0,0.0,0.25,1.37,0.24428571428571427,1.3185714285714276,-0.06861473800213468,0.9976432316860063
2021-12-29,0.25,1.37,0.0,0,0.8628899551470398,0.25,0.8628899551470398,0.25,0.8628899551470398,0.1999999999999929,9.199999999999992,1.3142857142857132,0.0,0.0,0.25,1.37,0.24571428571428572,1.3314285714285705,-0.05147875477034641,0.9986740898848305
2021-12-30,0.25,1.37,0.0,0,0.8628899551470398,0.25,0.8628899551470398,0.25,0.8628899551470398,0.0,8.599999999999993,1.2285714285714275,0.0,0.0,0.25,1.37,0.24714285714285714,1.3442857142857132,-0.034327600513243496,0.9994106342455052
2021-12-31,0.25,1.37,0.0,0,0.8628899551470398,0.25,0.8628899551470398,0.25,0.8628899551470398,0.0,8.399999999999991,1.1999999999999988,0.0,0.0,0.25,1.37,0.24857142857142858,1.357142857142856,-0.017166329754707492,0.9998526477050269
2022-01-01,0.25,1.37,0.0,0,0.8628899551470398,0.25,0.8628899551470398,0.25,0.8628899551470398,0.0,8.399999999999991,1.1999999999999988,0.0,0.0,0.25,1.37,0.25,1.37,0.01716632975470737,0.9998526477050269
2022-01-02,0.25,1.37,0.0,0,0.8628899551470398,0.25,0.8628899551470398,0.25,0.8628899551470398,0.0,0.1999999999999929,0.028571428571427557,0.0,0.0,0.25,1.37,0.25,1.37,0.034327600513243496,0.9994106342455052
2022-01-03,0.25,1.37,0.0,0,0.8628899551470398,0.25,0.8628899551470398,0.25,0.8628899551470398,0.0,0.0,0.0,0.0,0.0,0.25,1.37,0.25,1.37,0.05147875477034653,0.9986740898848305
2022-01-04,0.25,1.37,14.2,0,0.8628899551470398,0.25,0.8628899551470398,0.25,0.8628899551470398,14.199999999999992,14.199999999999992,2.0285714285714276,0.0,0.0,0.25,1.37,0.25,1.37,0.06861473800213404,0.9976432316860063
2022-01-05,0.24,1.28,1.2,0,0.8241754429663494,0.25,0.8628899551470398,0.25,0.8628899551470398,15.399999999999991,15.399999999999991,2.199999999999999,-0.010000000000000009,-0.09000000000000008,0.24666666666666662,1.3400000000000072,0.24857142857142858,1.357142857142856,0.08573050015569435,0.9963183634476755
2022-01-06,0.24,1.28,8.4,0,0.8241754429663494,0.24,0.8241754429663494,0.25,0.8628899551470398,23.79999999999999,23.79999999999999,3.3999999999999986,0.0,0.0,0.2433333333333333,1.3100000000000072,0.24714285714285714,1.3442857142857132,0.1028209971373604,0.9946998756145891
2022-01-07,0.24,1.28,1.0,0,0.8241754429663494,0.24,0.8241754429663494,0.24,0.8241754429663494,10.599999999999993,24.79999999999999,3.5428571428571414,0.0,0.0,0.24,1.28,0.24571428571428572,1.3314285714285705,0.11988119229922722,0.99278824516254
2022-01-08,0.24,1.28,0.0,0,0.8241754429663494,0.24,0.8241754429663494,0.24,0.8241754429663494,9.399999999999993,24.79999999999999,3.5428571428571414,0.0,0.0,0.24,1.28,0.24428571428571427,1.3185714285714276,0.13690605792347524,0.990584035457797
2022-01-09,0.24,1.28,6.0,0,0.8241754429663494,0.24,0.8241754429663494,0.24,0.8241754429663494,6.999999999999993,30.79999999999999,4.399999999999999,0.0,0.0,0.24,1.28,0.24285714285714285,1.3057142857142847,0.15389057670406178,0.9880878960910772
2022-01-10,0.24,1.28,2.2,0,0.8241754429663494,0.24,0.8241754429663494,0.24,0.8241754429663494,8.199999999999992,32.99999999999999,4.7142857142857135,0.0,0.0,0.24,1.28,0.2414285714285714,1.292857142857142,0.17082974322534417,0.985300562686109
2022-01-11,0.24,1.28,1.2,0,0.8241754429663494,0.24,0.8241754429663494,0.24,0.8241754429663494,9.399999999999993,19.999999999999993,2.8571428571428563,0.0,0.0,0.24,1.28,0.24,1.28,0.1877185654371987,0.9822228566828407
2022-01-12,0.24,1.28,0.0,0,0.8241754429663494,0.24,0.8241754429663494,0.24,0.8241754429663494,3.3999999999999932,18.799999999999994,2.6857142857142846,0.0,0.0,0.24,1.28,0.24,1.28,0.2045520661262008,0.9788556850953578
2022-01-13,0.24,1.28,0.0,0,0.8241754429663494,0.24,0.8241754429663494,0.24,0.8241754429663494,1.1999999999999929,10.399999999999993,1.4857142857142847,0.0,0.0,0.24,1.28,0.24,1.28,0.22132528438243257,0.9752000402445825
2022-01-14,0.24,1.28,0.0,0,0.8241754429663494,0.24,0.8241754429663494,0.24,0.8241754429663494,0.0,9.399999999999993,1.3428571428571419,0.0,0.0,0.24,1.28,0.24,1.28,0.2380332770614856,0.9712569994658314
2022-01-15,0.24,1.28,0.0,0,0.8241754429663494,0.24,0.8241754429663494,0.24,0.8241754429663494,0.0,9.399999999999993,1.3428571428571419,0.0,0.0,0.24,1.28,0.24,1.28,0.2546711202412287,0.9670277247913204
2022-01-16,0.24,1.28,0.0,0,0.8241754429663494,0.24,0.8241754429663494,0.24,0.8241754429663494,0.0,3.3999999999999932,0.48571428571428477,0.0,0.0,0.24,1.28,0.24,1.28,0.27123391067291003,0.9625134626077081
2022-01-17,0.24,1.28,0.0,0,0.8241754429663494,0.24,0.8241754429663494,0.24,0.8241754429663494,0.0,1.1999999999999929,0.1714285714285704,0.0,0.0,0.24,1.28,0.24,1.28,0.287716767226167,0.9577155432887803
2022-01-18,0.24,1.28,0.0,0,0.8241754429663494,0.24,0.8241754429663494,0.24,0.8241754429663494,0.0,0.0,0.0,0.0,0.0,0.24,1.28,0.24,1.28,0.30411483232751785,0.9526353808033826
2022-01-19,0.24,1.28,0.0,0,0.8241754429663494,0.24,0.8241754429663494,0.24,0.8241754429663494,0.0,0.0,0.0,0.0,0.0,0.24,1.28,0.24,1.28,0.3204232733919111,0.9472744722987169
2022-01-20,0.24,1.28,2.6,0,0.8241754429663494,0.24,0.8241754429663494,0.24,0.8241754429663494,2.599999999999993,2.599999999999993,0.37142857142857044,0.0,0.0,0.24,1.28,0.24,1.28,0.33663728424691025,0.9416343976591259
2022-01-21,0.24,1.28,0.0,0,0.8241754429663494,0.24,0.8241754429663494,0.24,0.8241754429663494,2.599999999999993,2.599999999999993,0.37142857142857044,0.0,0.0,0.24,1.28,0.24,1.28,0.3527520865490948,0.9357168190404936
2022-01-22,0.24,1.28,0.0,0,0.8241754429663494,0.24,0.8241754429663494,0.24,0.8241754429663494,2.599999999999993,2.599999999999993,0.37142857142857044,0.0,0.0,0.24,1.28,0.24,1.28,0.3687629311922601,0.9295234803804003
2022-01-23,0.24,1.28,0.0,0,0.8241754429663494,0.24,0.8241754429663494,0.24,0.8241754429663494,0.0,2.599999999999993,0.37142857142857044,0.0,0.0,0.24,1.28,0.24,1.28,0.3846650997070012,0.9230562068841761
2022-01-24,0.24,1.28,0.0,0,0.8241754429663494,0.24,0.8241754429663494,0.24,0.8241754429663494,0.0,2.599999999999993,0.37142857142857044,0.0,0.0,0.24,1.28,0.24,1.28,0.40045390565126643,0.9163169044870048
2022-01-25,0.24,1.28,0.0,0,0.8241754429663494,0.24,0.8241754429663494,0.24,0.8241754429663494,0.0,2.599999999999993,0.37142857142857044,0.0,0.0,0.24,1.28,0.24,1.28,0.41612469599147445,0.9093075592922358
2022-01-26,0.24,1.28,0.0,0,0.8241754429663494,0.24,0.8241754429663494,0.24,0.8241754429663494,0.0,2.599999999999993,0.37142857142857044,0.0,0.0,0.24,1.28,0.24,1.28,0.43167285247378384,0.9020302369860707
2022-01-27,0.24,1.28,0.0,0,0.8241754429663494,0.24,0.8241754429663494,0.24,0.8241754429663494,0.0,0.0,0.0,0.0,0.0,0.24,1.28,0.24,1.28,0.44709379298511387,0.8944870822287956
2022-01-28,0.24,1.28,0.0,0,0.8241754429663494,0.24,0.8241754429663494,0.24,0.8241754429663494,0.0,0.0,0.0,0.0,0.0,0.24,1.28,0.24,1.28,0.4623829729035149,0.88668031802274
2022-01-29,0.24,1.28,0.0,0,0.8241754429663494,0.24,0.8241754429663494,0.24,0.8241754429663494,0.0,0.0,0.0,0.0,0.0,0.24,1.28,0.24,1.28,0.47753588643748823,0.8786122450571483
2022-01-30,0.24,1.28,0.0,0,0.8241754429663494,0.24,0.8241754429663494,0.24,0.8241754429663494,0.0,0.0,0.0,0.0,0.0,0.24,1.28,0.24,1.28,0.4925480679538643,0.8702852410301553
2022-01-31,0.24,1.28,4.6,0,0.8241754429663494,0.24,0.8241754429663494,0.24,0.8241754429663494,4.5999999999999925,4.5999999999999925,0.657142857142856,0.0,0.0,0.24,1.28,0.24,1.28,0.5074150932938455,0.8617017599480682
2022-02-01,0.24,1.28,0.2,0,0.8241754429663494,0.24,0.8241754429663494,0.24,0.8241754429663494,4.799999999999993,4.799999999999993,0.6857142857142847,0.0,0.0,0.24,1.28,0.24,1.28,0.5221325810768248,0.8528643314021597
2022-02-02,0.24,1.28,0.0,0,0.8241754429663494,0.24,0.8241754429663494,0.24,0.8241754429663494,4.799999999999993,4.799999999999993,0.6857142857142847,0.0,0.0,0.24,1.28,0.24,1.28,0.5366961939916004,0.8437755598231856
2022-02-03,0.24,1.28,0.0,0,0.8241754429663494,0.24,0.8241754429663494,0.24,0.8241754429663494,0.1999999999999929,4.799999999999993,0.6857142857142847,0.0,0.0,0.24,1.28,0.24,1.28,0.5511016400746002,0.8344381237138473
2022-02-04,0.24,1.28,1.2,0,0.8241754429663494,0.24,0.8241754429663494,0.24,0.8241754429663494,1.1999999999999929,5.999999999999993,0.8571428571428561,0.0,0.0,0.24,1.28,0.24,1.28,0.5653446739747429,0.8248547748594244
2022-02-05,0.24,1.28,0.2,0,0.8241754429663494,0.24,0.8241754429663494,0.24,0.8241754429663494,1.3999999999999928,6.199999999999992,0.8857142857142846,0.0,0.0,0.24,1.28,0.24,1.28,0.5794210982045637,0.8150283375168114
2022-02-06,0.24,1.28,0.2,0,0.8241754429663494,0.24,0.8241754429663494,0.24,0.8241754429663494,1.599999999999993,6.399999999999992,0.9142857142857131,0.0,0.0,0.24,1.28,0.24,1.28,0.593326764377232,0.8049617075821959
2022-02-07,0.27,1.56,0.0,0,0.9400072584914712,0.24,0.8241754429663494,0.24,0.8241754429663494,0.3999999999999929,1.7999999999999927,0.2571428571428561,0.030000000000000027,0.28,0.24999999999999997,1.3733333333333404,0.24428571428571427,1.319999999999999,0.6070575744291002,0.7946578517376252
2022-02-08,0.25,1.37,0.0,0,0.8628899551470398,0.27,0.9400072584914712,0.24,0.8241754429663494,0.1999999999999929,1.599999999999993,0.22857142857142757,-0.020000000000000018,-0.18999999999999995,0.2533333333333333,1.4033333333333404,0.24571428571428572,1.3328571428571419,0.6206094818274227,0.7841198065767104
2022-02-09,0.24,1.28,0.0,0,0.8241754429663494,0.25,0.8628899551470398,0.27,0.9400072584914712,0.0,1.599999999999993,0.22857142857142757,-0.010000000000000009,-0.09000000000000008,0.2533333333333333,1.4033333333333404,0.24571428571428572,1.332857142857142,0.6339784927628866,0.7733506777097299
2022-02-10,0.24,1.28,0.6,0,0.8241754429663494,0.24,0.8241754429663494,0.25,0.8628899551470398,0.5999999999999929,2.199999999999993,0.3142857142857133,0.0,0.0,0.2433333333333333,1.3100000000000074,0.24571428571428572,1.3328571428571419,0.647160667326606,0.7623536388483904
2022-02-11,0.24,1.28,0.0,0,0.8241754429663494,0.24,0.8241754429663494,0.24,0.8241754429663494,0.5999999999999929,0.9999999999999929,0.14285714285714185,0.0,0.0,0.24,1.28,0.24571428571428572,1.3328571428571419,0.6601521206712317,0.7511319308705199
2022-02-12,0.24,1.28,0.0,0,0.8241754429663494,0.24,0.8241754429663494,0.24,0.8241754429663494,0.5999999999999929,0.7999999999999929,0.11428571428571328,0.0,0.0,0.24,1.28,0.24571428571428572,1.332857142857142,0.6729490241558329,0.7396888608649668
2022-02-13,0.24,1.28,4.4,0,0.8241754429663494,0.24,0.8241754429663494,0.24,0.8241754429663494,4.399999999999993,4.999999999999993,0.7142857142857133,0.0,0.0,0.24,1.28,0.24571428571428572,1.3328571428571419,0.6855476064742154,0.7280278011569848
2022-02-14,0.24,1.28,1.2,0,0.8241754429663494,0.24,0.8241754429663494,0.24,0.8241754429663494,5.599999999999993,6.199999999999993,0.8857142857142847,0.0,0.0,0.24,1.28,0.2414285714285714,1.292857142857142,0.6979441547663435,0.7161521883143933
2022-02-15,0.24,1.28,0.0,0,0.8241754429663494,0.24,0.8241754429663494,0.24,0.8241754429663494,5.599999999999993,6.199999999999993,0.8857142857142847,0.0,0.0,0.24,1.28,0.24,1.28,0.7101350157125358,0.7040655221348057
2022-02-16,0.24,1.28,0.0,0,0.8241754429663494,0.24,0.8241754429663494,0.24,0.8241754429663494,1.1999999999999929,6.199999999999993,0.8857142857142847,0.0,0.0,0.24,1.28,0.24,1.28,0.7221165966101162,0.6917713646142218
2022-02-17,0.24,1.28,0.0,0,0.8241754429663494,0.24,0.8241754429663494,0.24,0.8241754429663494,0.0,5.599999999999993,0.799999999999999,0.0,0.0,0.24,1.28,0.24,1.28,0.733885366432199,0.6792733388972931
2022-02-18,0.25,1.37,1.0,0,0.8628899551470398,0.24,0.8241754429663494,0.24,0.8241754429663494,0.9999999999999929,6.599999999999993,0.942857142857142,0.010000000000000009,0.09000000000000008,0.2433333333333333,1.3100000000000072,0.2414285714285714,1.292857142857142,0.7454378568683001,0.6665751282095632
2022-02-19,0.25,1.37,0.4,0,0.8628899551470398,0.25,0.8628899551470398,0.24,0.8241754429663494,1.3999999999999928,6.999999999999993,0.999999999999999,0.0,0.0,0.24666666666666662,1.3400000000000072,0.24285714285714285,1.3057142857142847,0.7567706633464626,0.653680474772006
2022-02-20,0.25,1.37,0.0,0,0.8628899551470398,0.25,0.8628899551470398,0.25,0.8628899551470398,1.3999999999999928,2.599999999999993,0.37142857142857044,0.0,0.0,0.25,1.37,0.24428571428571427,1.3185714285714276,0.7678804460366,0.6405931786981751
2022-02-21,0.25,1.37,0.0,0,0.8628899551470398,0.25,0.8628899551470398,0.25,0.8628899551470398,0.3999999999999929,1.3999999999999928,0.19999999999999898,0.0,0.0,0.25,1.37,0.24571428571428572,1.3314285714285705,0.7787639308347607,0.6273170968742937
2022-02-22,0.25,1.37,0.0,0,0.8628899551470398,0.25,0.8628899551470398,0.25,0.8628899551470398,0.0,1.3999999999999928,0.19999999999999898,0.0,0.0,0.25,1.37,0.24714285714285714,1.3442857142857132,0.7894179103280197,0.613856141822612
2022-02-23,0.24,1.28,0.0,0,0.8241754429663494,0.25,0.8628899551470398,0.25,0.8628899551470398,0.0,1.3999999999999928,0.19999999999999898,-0.010000000000000009,-0.09000000000000008,0.24666666666666662,1.3400000000000072,0.24714285714285714,1.3442857142857132,0.7998392447397193,0.6002142805483682
2022-02-24,0.24,1.28,0.4,0,0.8241754429663494,0.24,0.8241754429663494,0.25,0.8628899551470398,0.3999999999999929,1.799999999999993,0.2571428571428561,0.0,0.0,0.2433333333333333,1.3100000000000072,0.24714285714285714,1.3442857142857132,0.8100248628547753,0.5863955333706956
2022-02-25,0.24,1.28,0.2,0,0.8241754429663494,0.24,0.8241754429663494,0.24,0.8241754429663494,0.599999999999993,0.9999999999999929,0.14285714285714185,0.0,0.0,0.24,1.28,0.24571428571428572,1.3314285714285705,0.8199717629247771,0.5724039727378148
2022-02-26,0.24,1.28,0.0,0,0.8241754429663494,0.24,0.8241754429663494,0.24,0.8241754429663494,0.599999999999993,0.599999999999993,0.08571428571428472,0.0,0.0,0.24,1.28,0.24428571428571427,1.3185714285714276,0.8296770135526188,0.5582437220268648
2022-02-27,0.24,1.28,0.0,0,0.8241754429663494,0.24,0.8241754429663494,0.24,0.8241754429663494,0.1999999999999929,0.599999999999993,0.08571428571428472,0.0,0.0,0.24,1.28,0.24285714285714285,1.3057142857142847,0.8391377545563938,0.5439189543287247
2022-02-28,0.24,1.28,0.0,0,0.8241754429663494,0.24,0.8241754429663494,0.24,0.8241754429663494,0.0,0.599999999999993,0.08571428571428472,0.0,0.0,0.24,1.28,0.2414285714285714,1.292857142857142,0.8483511978123038,0.5294338912181853
2022-03-01,0.24,1.28,2.2,0,0.8241754429663494,0.24,0.8241754429663494,0.24,0.8241754429663494,2.199999999999993,2.799999999999993,0.399999999999999,0.0,0.0,0.24,1.28,0.24,1.28,0.8573146280763322,0.5147928015098309
2022-03-02,0.24,1.28,5.2,0,0.8241754429663494,0.24,0.8241754429663494,0.24,0.8241754429663494,7.399999999999993,7.999999999999993,1.142857142857142,0.0,0.0,0.24,1.28,0.24,1.28,0.8660254037844386,0.5000000000000001
2022-03-03,0.27,1.56,25.4,0,0.9400072584914712,0.24,0.8241754429663494,0.24,0.8241754429663494,32.79999999999999,32.99999999999999,4.7142857142857135,0.030000000000000027,0.28,0.24999999999999997,1.3733333333333404,0.24428571428571427,1.319999999999999,0.8744809578310397,0.4850598461951962
2022-03-04,0.25,1.37,2.2,0,0.8628899551470398,0.27,0.9400072584914712,0.24,0.8241754429663494,32.79999999999999,34.99999999999999,4.999999999999999,-0.020000000000000018,-0.18999999999999995,0.2533333333333333,1.4033333333333404,0.24571428571428572,1.3328571428571419,0.8826787983255474,0.46997674302731995
2022-03-05,0.25,1.37,0.2,0,0.8628899551470398,0.25,0.8628899551470398,0.27,0.9400072584914712,27.799999999999986,35.19999999999999,5.028571428571427,0.0,0.0,0.25666666666666665,1.4333333333333407,0.24714285714285714,1.345714285714285,0.8906165093267404,0.4547551355561058
2022-03-06,0.25,1.37,1.2,0,0.8628899551470398,0.25,0.8628899551470398,0.25,0.8628899551470398,3.5999999999999894,36.39999999999999,5.199999999999998,0.0,0.0,0.25,1.37,0.24857142857142858,1.3585714285714274,0.8982917515547528,0.4393995096591417
2022-03-07,0.25,1.37,0.6,0,0.8628899551470398,0.25,0.8628899551470398,0.25,0.8628899551470398,1.9999999999999893,36.99999999999999,5.285714285714285,0.0,0.0,0.25,1.37,0.25,1.3714285714285706,0.9057022630804714,0.42391439070986076
2022-03-08,0.25,1.37,0.0,0,0.8628899551470398,0.25,0.8628899551470398,0.25,0.8628899551470398,1.7999999999999892,34.8,4.971428571428571,0.0,0.0,0.25,1.37,0.25142857142857145,1.3842857142857132,0.9128458599921356,0.40830434224389334
2022-03-09,0.25,1.37,6.8,0,0.8628899551470398,0.25,0.8628899551470398,0.25,0.8628899551470398,7.399999999999989,36.39999999999999,5.199999999999998,0.0,0.0,0.25,1.37,0.25285714285714284,1.3971428571428564,0.9197204370389467,0.3925739646141717
2022-03-10,0.25,1.37,2.4,0,0.8628899551470398,0.25,0.8628899551470398,0.25,0.8628899551470398,9.199999999999989,13.399999999999993,1.9142857142857133,0.0,0.0,0.25,1.37,0.25,1.37,0.926323968251495,0.3767278936351851
2022-03-11,0.25,1.37,1.6,0,0.8628899551470398,0.25,0.8628899551470398,0.25,0.8628899551470398,10.79999999999999,12.799999999999992,1.8285714285714274,0.0,0.0,0.25,1.37,0.25,1.37,0.9326545075388224,0.36077079921678346
2022-03-12,0.25,1.37,6.8,0,0.8628899551470398,0.25,0.8628899551470398,0.25,0.8628899551470398,10.79999999999999,19.39999999999999,2.77142857142857,0.0,0.0,0.25,1.37,0.25,1.37,0.9387101892619443,0.3447073839879338
2022-03-13,0.25,1.37,0.4,0,0.8628899551470398,0.25,0.8628899551470398,0.25,0.8628899551470398,8.799999999999988,18.599999999999994,2.657142857142856,0.0,0.0,0.25,1.37,0.25,1.37,0.9444892287836613,0.32854238191083485
2022-03-14,0.26,1.46,6.0,0,0.9001613499442714,0.25,0.8628899551470398,0.25,0.8628899551470398,13.199999999999989,23.999999999999993,3.4285714285714275,0.010000000000000009,0.08999999999999986,0.2533333333333333,1.4000000000000072,0.25142857142857145,1.382857142857142,0.949989922994501,0.3122805568857947
2022-03-15,0.26,1.46,0.0,0,0.9001613499442714,0.26,0.9001613499442714,0.25,0.8628899551470398,6.39999999999999,23.999999999999993,3.4285714285714275,0.0,0.0,0.25666666666666665,1.430000000000007,0.25285714285714284,1.3957142857142848,0.9552106508146316,0.2959267013472893
2022-03-16,0.25,1.37,1.2,0,0.8628899551470398,0.26,0.9001613499442714,0.26,0.9001613499442714,7.1999999999999895,18.399999999999995,2.6285714285714277,-0.010000000000000009,-0.08999999999999986,0.25666666666666665,1.430000000000007,0.25285714285714284,1.3957142857142846,0.9601498736716018,0.2794856348516095
2022-03-17,0.25,1.37,0.0,0,0.8628899551470398,0.25,0.8628899551470398,0.26,0.9001613499442714,1.1999999999999893,15.999999999999993,2.2857142857142847,0.0,0.0,0.2533333333333333,1.4000000000000072,0.25285714285714284,1.3957142857142848,0.9648061359537645,0.2629622026565149
2022-03-18,0.25,1.37,0.0,0,0.8628899551470398,0.25,0.8628899551470398,0.25,0.8628899551470398,1.1999999999999893,14.399999999999993,2.057142857142856,0.0,0.0,0.25,1.37,0.25285714285714284,1.3957142857142846,0.9691780654392536,0.2463612742933148
2022-03-19,0.25,1.37,0.0,0,0.8628899551470398,0.25,0.8628899551470398,0.25,0.8628899551470398,0.0,7.599999999999993,1.0857142857142847,0.0,0.0,0.25,1.37,0.25285714285714284,1.3957142857142848,0.9732643737003824,0.22968774213179574
2022-03-20,0.25,1.37,0.0,0,0.8628899551470398,0.25,0.8628899551470398,0.25,0.8628899551470398,0.0,7.199999999999993,1.0285714285714276,0.0,0.0,0.25,1.37,0.25285714285714284,1.3957142857142846,0.9770638564833508,0.21294651993841582
2022-03-21,0.25,1.37,1.6,0,0.8628899551470398,0.25,0.8628899551470398,0.25,0.8628899551470398,1.5999999999999894,2.7999999999999927,0.39999999999999897,0.0,0.0,0.25,1.37,0.25142857142857145,1.3828571428571421,0.9805753940631429,0.19614254142819698
2022-03-22,0.25,1.37,0.8,0,0.8628899551470398,0.25,0.8628899551470398,0.25,0.8628899551470398,2.3999999999999897,3.599999999999993,0.5142857142857132,0.0,0.0,0.25,1.37,0.25,1.37,0.9837979515735163,0.17928075881073577
2022-03-23,0.25,1.37,0.0,0,0.8628899551470398,0.25,0.8628899551470398,0.25,0.8628899551470398,2.3999999999999897,2.3999999999999932,0.3428571428571419,0.0,0.0,0.25,1.37,0.25,1.37,0.9867305793119814,0.162366141330764
2022-03-24,0.25,1.37,0.2,0,0.8628899551470398,0.25,0.8628899551470398,0.25,0.8628899551470398,0.9999999999999893,2.5999999999999934,0.3714285714285705,0.0,0.0,0.25,1.37,0.25,1.37,0.989372413019683,0.14540367380368976
2022-03-25,0.25,1.37,0.0,0,0.8628899551470398,0.25,0.8628899551470398,0.25,0.8628899551470398,0.19999999999998935,2.5999999999999934,0.3714285714285705,0.0,0.0,0.25,1.37,0.25,1.37,0.9917226741361015,0.12839835514655099
2022-03-26,0.25,1.37,0.0,0,0.8628899551470398,0.25,0.8628899551470398,0.25,0.8628899551470398,0.19999999999998935,2.5999999999999934,0.3714285714285705,0.0,0.0,0.25,1.37,0.25,1.37,0.9937806700284985,0.11135519690480875
2022-03-27,0.25,1.37,0.0,0,0.8628899551470398,0.25,0.8628899551470398,0.25,0.8628899551470398,0.0,2.5999999999999934,0.3714285714285705,0.0,0.0,0.25,1.37,0.25,1.37,0.9955457941960382,0.09427922177542453
2022-03-28,0.25,1.37,0.0,0,0.8628899551470398,0.25,0.8628899551470398,0.25,0.8628899551470398,0.0,0.9999999999999929,0.14285714285714185,0.0,0.0,0.25,1.37,0.25,1.37,0.9970175264485267,0.07717546212664653
2022-03-29,0.25,1.37,1.8,0,0.8628899551470398,0.25,0.8628899551470398,0.25,0.8628899551470398,1.7999999999999894,1.999999999999993,0.2857142857142847,0.0,0.0,0.25,1.37,0.25,1.37,0.998195433059714,0.0600489585149486
2022-03-30,0.25,1.37,2.0,0,0.8628899551470398,0.25,0.8628899551470398,0.25,0.8628899551470398,3.799999999999989,3.999999999999993,0.5714285714285704,0.0,0.0,0.25,1.37,0.25,1.37,0.9990791668951153,0.042904758199554374
2022-03-31,0.64,8.21,4.2,0,2.2202898502672155,0.25,0.8628899551470398,0.25,0.8628899551470398,7.999999999999989,7.999999999999993,1.142857142857142,0.39,6.840000000000001,0.37999999999999995,3.6500000000000075,0.3057142857142857,2.347142857142856,0.999668467514313,0.025747913654988658
2022-04-01,0.25,1.37,7.4,0,0.8628899551470398,0.64,2.2202898502672155,0.25,0.8628899551470398,13.59999999999999,15.399999999999993,2.199999999999999,-0.39,-6.840000000000001,0.37999999999999995,3.650000000000008,0.3057142857142857,2.347142857142856,0.9999631612477099,0.008583481082087055
2022-04-02,0.25,1.37,10.0,0,0.8628899551470398,0.25,0.8628899551470398,0.64,2.2202898502672155,21.59999999999999,25.39999999999999,3.6285714285714272,0.0,0.0,0.37999999999999995,3.6500000000000075,0.3057142857142857,2.347142857142856,0.9999631612477099,-0.008583481082086933
2022-04-03,0.25,1.37,4.2,0,0.8628899551470398,0.25,0.8628899551470398,0.25,0.8628899551470398,21.59999999999999,29.599999999999994,4.228571428571428,0.0,0.0,0.25,1.37,0.3057142857142857,2.347142857142856,0.9996684675143132,-0.025747913654988314
2022-04-04,0.25,1.37,0.0,0,0.8628899551470398,0.25,0.8628899551470398,0.25,0.8628899551470398,14.199999999999989,29.599999999999994,4.228571428571428,0.0,0.0,0.25,1.37,0.3057142857142857,2.347142857142856,0.9990791668951153,-0.04290475819955447
2022-04-05,0.25,1.37,0.0,0,0.8628899551470398,0.25,0.8628899551470398,0.25,0.8628899551470398,4.1999999999999895,27.799999999999994,3.9714285714285706,0.0,0.0,0.25,1.37,0.3057142857142857,2.347142857142856,0.998195433059714,-0.06004895851494825
2022-04-06,0.25,1.37,0.0,0,0.8628899551470398,0.25,0.8628899551470398,0.25,0.8628899551470398,0.0,25.799999999999994,3.6857142857142846,0.0,0.0,0.25,1.37,0.3057142857142857,2.347142857142856,0.9970175264485267,-0.07717546212664618
2022-04-07,0.25,1.37,0.0,0,0.8628899551470398,0.25,0.8628899551470398,0.25,0.8628899551470398,0.0,21.599999999999994,3.085714285714285,0.0,0.0,0.25,1.37,0.25,1.37,0.9955457941960382,-0.0942792217754244
2022-04-08,0.25,1.37,5.2,0,0.8628899551470398,0.25,0.8628899551470398,0.25,0.8628899551470398,5.1999999999999895,19.39999999999999,2.77142857142857,0.0,0.0,0.25,1.37,0.25,1.37,0.9937806700284985,-0.11135519690480862
2022-04-09,0.24,1.28,0.2,0,0.8241754429663494,0.25,0.8628899551470398,0.25,0.8628899551470398,5.39999999999999,9.599999999999993,1.3714285714285703,-0.010000000000000009,-0.09000000000000008,0.24666666666666662,1.3400000000000072,0.24857142857142858,1.357142857142856,0.9917226741361015,-0.12839835514655107
2022-04-10,0.24,1.28,0.0,0,0.8241754429663494,0.24,0.8241754429663494,0.25,0.8628899551470398,5.39999999999999,5.399999999999993,0.7714285714285705,0.0,0.0,0.2433333333333333,1.3100000000000072,0.24714285714285714,1.3442857142857132,0.9893724130196829,-0.14540367380368988
2022-04-11,0.24,1.28,3.8,0,0.8241754429663494,0.24,0.8241754429663494,0.24,0.8241754429663494,3.9999999999999893,9.199999999999992,1.3142857142857132,0.0,0.0,0.24,1.28,0.24571428571428572,1.3314285714285705,0.9867305793119814,-0.16236614133076366
2022-04-12,0.24,1.28,1.2,0,0.8241754429663494,0.24,0.8241754429663494,0.24,0.8241754429663494,4.999999999999989,10.399999999999993,1.4857142857142847,0.0,0.0,0.24,1.28,0.24428571428571427,1.3185714285714276,0.9837979515735163,-0.17928075881073566
2022-04-13,0.24,1.28,0.0,0,0.8241754429663494,0.24,0.8241754429663494,0.24,0.8241754429663494,4.999999999999989,10.399999999999993,1.4857142857142847,0.0,0.0,0.24,1.28,0.24285714285714285,1.3057142857142847,0.980575394063143,-0.19614254142819687
2022-04-14,0.24,1.28,0.0,0,0.8241754429663494,0.24,0.8241754429663494,0.24,0.8241754429663494,1.1999999999999893,10.399999999999993,1.4857142857142847,0.0,0.0,0.24,1.28,0.2414285714285714,1.292857142857142,0.9770638564833507,-0.21294651993841593
2022-04-15,0.24,1.28,0.0,0,0.8241754429663494,0.24,0.8241754429663494,0.24,0.8241754429663494,0.0,5.199999999999993,0.7428571428571419,0.0,0.0,0.24,1.28,0.24,1.28,0.9732643737003824,-0.22968774213179563
2022-04-16,0.24,1.28,0.0,0,0.8241754429663494,0.24,0.8241754429663494,0.24,0.8241754429663494,0.0,4.999999999999993,0.7142857142857133,0.0,0.0,0.24,1.28,0.24,1.28,0.9691780654392537,-0.2463612742933147
2022-04-17,0.23,1.18,0.0,0,0.7793248768009976,0.24,0.8241754429663494,0.24,0.8241754429663494,0.0,4.999999999999993,0.7142857142857133,-0.009999999999999981,-0.10000000000000009,0.2366666666666666,1.246666666666674,0.23857142857142857,1.265714285714285,0.9648061359537646,-0.26296220265651454
2022-04-18,0.23,1.18,5.2,0,0.7793248768009976,0.23,0.7793248768009976,0.24,0.8241754429663494,5.1999999999999895,6.399999999999993,0.9142857142857134,0.0,0.0,0.2333333333333333,1.2133333333333403,0.23714285714285713,1.2514285714285704,0.9601498736716018,-0.2794856348516094
2022-04-19,0.23,1.18,7.2,0,0.7793248768009976,0.23,0.7793248768009976,0.23,0.7793248768009976,12.39999999999999,12.399999999999993,1.7714285714285705,0.0,0.0,0.23,1.18,0.2357142857142857,1.2371428571428562,0.9552106508146317,-0.2959267013472892
2022-04-20,0.24,1.28,8.2,0,0.8241754429663494,0.23,0.7793248768009976,0.23,0.7793248768009976,20.599999999999987,20.599999999999994,2.942857142857142,0.009999999999999981,0.10000000000000009,0.2333333333333333,1.2133333333333405,0.2357142857142857,1.2371428571428562,0.949989922994501,-0.31228055688579476
2022-04-21,0.22,1.09,0.0,0,0.7371640659767197,0.24,0.8241754429663494,0.23,0.7793248768009976,15.39999999999999,20.599999999999994,2.942857142857142,-0.01999999999999999,-0.18999999999999995,0.22999999999999998,1.1833333333333405,0.23285714285714285,1.209999999999999,0.9444892287836613,-0.32854238191083474
2022-04-22,0.22,1.09,3.4,0,0.7371640659767197,0.22,0.7371640659767197,0.24,0.8241754429663494,11.599999999999989,23.999999999999993,3.4285714285714275,0.0,0.0,0.22666666666666666,1.1533333333333406,0.23,1.182857142857142,0.9387101892619443,-0.3447073839879337
2022-04-23,0.24,1.28,18.6,0,0.8241754429663494,0.22,0.7371640659767197,0.22,0.7371640659767197,21.999999999999993,42.599999999999994,6.0857142857142845,0.01999999999999999,0.18999999999999995,0.22666666666666666,1.1533333333333404,0.23,1.1828571428571417,0.9326545075388225,-0.3607707992167831
2022-04-24,0.23,1.18,0.0,0,0.7793248768009976,0.24,0.8241754429663494,0.22,0.7371640659767197,21.999999999999993,42.599999999999994,6.0857142857142845,-0.009999999999999981,-0.10000000000000009,0.22999999999999998,1.1833333333333405,0.23,1.182857142857142,0.926323968251495,-0.376727893635185
2022-04-25,0.22,1.09,0.0,0,0.7371640659767197,0.23,0.7793248768009976,0.24,0.8241754429663494,18.599999999999994,37.39999999999999,5.342857142857142,-0.010000000000000009,-0.08999999999999986,0.22999999999999998,1.1833333333333405,0.2285714285714286,1.1699999999999993,0.9197204370389467,-0.39257396461417177
2022-04-26,0.22,1.09,0.2,0,0.7371640659767197,0.22,0.7371640659767197,0.23,0.7793248768009976,0.1999999999999929,30.399999999999995,4.3428571428571425,0.0,0.0,0.2233333333333333,1.120000000000007,0.22714285714285715,1.1571428571428561,0.9128458599921355,-0.40830434224389345
2022-04-27,0.22,1.09,5.2,0,0.7371640659767197,0.22,0.7371640659767197,0.22,0.7371640659767197,5.399999999999993,27.4,3.914285714285714,0.0,0.0,0.22,1.09,0.22428571428571428,1.1299999999999992,0.9057022630804715,-0.42391439070986064
2022-04-28,0.58,6.2,0.2,0,1.9740810260220096,0.22,0.7371640659767197,0.22,0.7371640659767197,5.599999999999993,27.599999999999998,3.9428571428571426,0.36,5.11,0.34,2.7933333333333406,0.27571428571428575,1.859999999999999,0.898291751554753,-0.43939950965914143
2022-04-29,0.22,1.09,0.0,0,0.7371640659767197,0.58,1.9740810260220096,0.22,0.7371640659767197,5.399999999999993,24.199999999999996,3.4571428571428564,-0.36,-5.11,0.34,2.7933333333333406,0.2757142857142857,1.8599999999999992,0.8906165093267405,-0.4547551355561055
2022-04-30,0.22,1.09,0.0,0,0.7371640659767197,0.22,0.7371640659767197,0.58,1.9740810260220096,0.1999999999999929,5.599999999999993,0.799999999999999,0.0,0.0,0.3399999999999999,2.7933333333333406,0.27285714285714285,1.832857142857142,0.8826787983255476,-0.4699767430273197
2022-05-01,0.22,1.09,0.2,0,0.7371640659767197,0.22,0.7371640659767197,0.22,0.7371640659767197,0.1999999999999929,5.799999999999994,0.8285714285714276,0.0,0.0,0.22,1.09,0.2714285714285714,1.8199999999999992,0.8744809578310397,-0.4850598461951961
2022-05-02,0.22,1.09,1.6,0,0.7371640659767197,0.22,0.7371640659767197,0.22,0.7371640659767197,1.799999999999993,7.399999999999993,1.0571428571428563,0.0,0.0,0.22,1.09,0.2714285714285714,1.819999999999999,0.8660254037844387,-0.4999999999999998
2022-05-03,0.22,1.09,0.8,0,0.7371640659767197,0.22,0.7371640659767197,0.22,0.7371640659767197,2.599999999999993,7.999999999999993,1.142857142857142,0.0,0.0,0.22,1.09,0.2714285714285714,1.819999999999999,0.8573146280763323,-0.5147928015098308
2022-05-04,0.25,1.37,0.0,0,0.8628899551470398,0.22,0.7371640659767197,0.22,0.7371640659767197,2.399999999999993,2.7999999999999927,0.39999999999999897,0.03,0.28,0.22999999999999998,1.1833333333333407,0.2757142857142857,1.8599999999999992,0.848351197812304,-0.5294338912181852
2022-05-05,0.23,1.18,0.0,0,0.7793248768009976,0.25,0.8628899551470398,0.22,0.7371640659767197,0.7999999999999929,2.5999999999999925,0.3714285714285704,-0.01999999999999999,-0.19000000000000017,0.2333333333333333,1.2133333333333405,0.22571428571428573,1.142857142857142,0.8391377545563939,-0.5439189543287246
2022-05-06,0.23,1.18,0.0,0,0.7793248768009976,0.23,0.7793248768009976,0.25,0.8628899551470398,0.0,2.5999999999999925,0.3714285714285704,0.0,0.0,0.23666666666666666,1.2433333333333403,0.22714285714285712,1.1557142857142846,0.8296770135526188,-0.5582437220268649
2022-05-07,0.23,1.18,0.0,0,0.7793248768009976,0.23,0.7793248768009976,0.23,0.7793248768009976,0.0,2.5999999999999925,0.3714285714285704,0.0,0.0,0.23,1.18,0.22857142857142856,1.1685714285714275,0.8199717629247771,-0.5724039727378148
2022-05-08,0.23,1.18,0.0,0,0.7793248768009976,0.23,0.7793248768009976,0.23,0.7793248768009976,0.0,2.3999999999999932,0.3428571428571419,0.0,0.0,0.23,1.18,0.22999999999999998,1.1814285714285704,0.8100248628547752,-0.5863955333706956
2022-05-09,0.23,1.18,0.0,0,0.7793248768009976,0.23,0.7793248768009976,0.23,0.7793248768009976,0.0,0.7999999999999929,0.11428571428571328,0.0,0.0,0.23,1.18,0.23142857142857146,1.1942857142857133,0.7998392447397195,-0.600214280548368
2022-05-10,0.23,1.18,0.0,0,0.7793248768009976,0.23,0.7793248768009976,0.23,0.7793248768009976,0.0,0.0,0.0,0.0,0.0,0.23,1.18,0.23285714285714287,1.207142857142856,0.7894179103280199,-0.6138561418226116
2022-05-11,0.23,1.18,0.0,0,0.7793248768009976,0.23,0.7793248768009976,0.23,0.7793248768009976,0.0,0.0,0.0,0.0,0.0,0.23,1.18,0.23,1.18,0.7787639308347607,-0.6273170968742938
2022-05-12,0.23,1.18,0.2,0,0.7793248768009976,0.23,0.7793248768009976,0.23,0.7793248768009976,0.1999999999999929,0.1999999999999929,0.028571428571427557,0.0,0.0,0.23,1.18,0.23,1.18,0.7678804460366001,-0.6405931786981751
2022-05-13,0.23,1.18,0.0,0,0.7793248768009976,0.23,0.7793248768009976,0.23,0.7793248768009976,0.1999999999999929,0.1999999999999929,0.028571428571427557,0.0,0.0,0.23,1.18,0.23,1.18,0.7567706633464627,-0.6536804747720057
2022-05-14,0.23,1.18,0.4,0,0.7793248768009976,0.23,0.7793248768009976,0.23,0.7793248768009976,0.599999999999993,0.599999999999993,0.08571428571428472,0.0,0.0,0.23,1.18,0.23,1.18,0.7454378568683001,-0.6665751282095632
2022-05-15,0.23,1.18,0.0,0,0.7793248768009976,0.23,0.7793248768009976,0.23,0.7793248768009976,0.3999999999999929,0.599999999999993,0.08571428571428472,0.0,0.0,0.23,1.18,0.23,1.18,0.7338853664321991,-0.6792733388972931
2022-05-16,0.23,1.18,0.0,0,0.7793248768009976,0.23,0.7793248768009976,0.23,0.7793248768009976,0.3999999999999929,0.599999999999993,0.08571428571428472,0.0,0.0,0.23,1.18,0.23,1.18,0.722116596610116,-0.6917713646142222
2022-05-17,0.23,1.18,0.0,0,0.7793248768009976,0.23,0.7793248768009976,0.23,0.7793248768009976,0.0,0.599999999999993,0.08571428571428472,0.0,0.0,0.23,1.18,0.23,1.18,0.7101350157125358,-0.7040655221348058
2022-05-18,0.23,1.18,0.0,0,0.7793248768009976,0.23,0.7793248768009976,0.23,0.7793248768009976,0.0,0.599999999999993,0.08571428571428472,0.0,0.0,0.23,1.18,0.23,1.18,0.6979441547663435,-0.7161521883143933
2022-05-19,0.23,1.18,0.0,0,0.7793248768009976,0.23,0.7793248768009976,0.23,0.7793248768009976,0.0,0.3999999999999929,0.05714285714285613,0.0,0.0,0.23,1.18,0.23,1.18,0.6855476064742155,-0.7280278011569847
2022-05-20,0.23,1.18,0.0,0,0.7793248768009976,0.23,0.7793248768009976,0.23,0.7793248768009976,0.0,0.3999999999999929,0.05714285714285613,0.0,0.0,0.23,1.18,0.23,1.18,0.672949024155833,-0.7396888608649667
2022-05-21,0.22,1.09,1.4,0,0.7371640659767197,0.23,0.7793248768009976,0.23,0.7793248768009976,1.3999999999999928,1.3999999999999928,0.19999999999999898,-0.010000000000000009,-0.08999999999999986,0.22666666666666666,1.1500000000000072,0.2285714285714286,1.1671428571428561,0.660152120671232,-0.7511319308705197
2022-05-22,0.22,1.09,0.2,0,0.7371640659767197,0.22,0.7371640659767197,0.23,0.7793248768009976,1.5999999999999928,1.5999999999999928,0.22857142857142754,0.0,0.0,0.2233333333333333,1.1200000000000072,0.22714285714285715,1.1542857142857132,0.647160667326606,-0.7623536388483902
2022-05-23,0.23,1.18,0.0,0,0.7793248768009976,0.22,0.7371640659767197,0.22,0.7371640659767197,1.5999999999999928,1.5999999999999928,0.22857142857142754,0.010000000000000009,0.08999999999999986,0.2233333333333333,1.1200000000000072,0.22714285714285712,1.1542857142857132,0.6339784927628868,-0.7733506777097298
2022-05-24,0.23,1.18,0.4,0,0.7793248768009976,0.23,0.7793248768009976,0.22,0.7371640659767197,0.599999999999993,1.999999999999993,0.2857142857142847,0.0,0.0,0.22666666666666666,1.1500000000000072,0.22714285714285712,1.1542857142857132,0.620609481827423,-0.7841198065767103
2022-05-25,0.23,1.18,0.2,0,0.7793248768009976,0.23,0.7793248768009976,0.23,0.7793248768009976,0.599999999999993,2.199999999999993,0.3142857142857133,0.0,0.0,0.23,1.18,0.22714285714285715,1.1542857142857132,0.6070575744291006,-0.7946578517376249
2022-05-26,0.23,1.18,0.0,0,0.7793248768009976,0.23,0.7793248768009976,0.23,0.7793248768009976,0.599999999999993,2.199999999999993,0.3142857142857133,0.0,0.0,0.23,1.18,0.22714285714285715,1.1542857142857132,0.593326764377232,-0.8049617075821959
2022-05-27,0.22,1.09,0.0,0,0.7371640659767197,0.23,0.7793248768009976,0.23,0.7793248768009976,0.1999999999999929,2.199999999999993,0.3142857142857133,-0.010000000000000009,-0.08999999999999986,0.22666666666666666,1.1500000000000072,0.22571428571428573,1.1414285714285703,0.5794210982045638,-0.8150283375168113
2022-05-28,0.22,1.09,0.0,0,0.7371640659767197,0.22,0.7371640659767197,0.23,0.7793248768009976,0.0,0.7999999999999929,0.11428571428571328,0.0,0.0,0.2233333333333333,1.1200000000000072,0.22571428571428573,1.1414285714285703,0.5653446739747428,-0.8248547748594245
2022-05-29,0.22,1.09,0.0,0,0.7371640659767197,0.22,0.7371640659767197,0.22,0.7371640659767197,0.0,0.599999999999993,0.08571428571428472,0.0,0.0,0.22,1.09,0.22571428571428573,1.1414285714285703,0.5511016400746,-0.8344381237138473
2022-05-30,0.23,1.18,0.0,0,0.7793248768009976,0.22,0.7371640659767197,0.22,0.7371640659767197,0.0,0.599999999999993,0.08571428571428472,0.010000000000000009,0.08999999999999986,0.2233333333333333,1.1200000000000072,0.22571428571428573,1.1414285714285703,0.5366961939916005,-0.8437755598231856
2022-05-31,0.26,1.46,0.2,0,0.9001613499442714,0.23,0.7793248768009976,0.22,0.7371640659767197,0.1999999999999929,0.3999999999999929,0.05714285714285613,0.03,0.28,0.23666666666666666,1.2433333333333405,0.23,1.1814285714285704,0.522132581076825,-0.8528643314021596
2022-06-01,0.23,1.18,0.0,0,0.7793248768009976,0.26,0.9001613499442714,0.23,0.7793248768009976,0.1999999999999929,0.1999999999999929,0.028571428571427557,-0.03,-0.28,0.24,1.2733333333333403,0.22999999999999998,1.1814285714285704,0.5074150932938458,-0.861701759948068
2022-06-02,0.55,5.31,0.0,0,1.8421356765531218,0.23,0.7793248768009976,0.26,0.9001613499442714,0.1999999999999929,0.1999999999999929,0.028571428571427557,0.32000000000000006,4.13,0.3466666666666667,2.650000000000007,0.27571428571428575,1.7714285714285702,0.4925480679538644,-0.8702852410301553
2022-06-03,0.23,1.18,0.0,0,0.7793248768009976,0.55,1.8421356765531218,0.23,0.7793248768009976,0.0,0.1999999999999929,0.028571428571427557,-0.32000000000000006,-4.13,0.33666666666666667,2.5566666666666733,0.2771428571428572,1.7842857142857134,0.47753588643748834,-0.8786122450571482
2022-06-04,0.24,1.28,3.8,0,0.8241754429663494,0.23,0.7793248768009976,0.55,1.8421356765531218,3.7999999999999927,3.999999999999993,0.5714285714285704,0.009999999999999981,0.10000000000000009,0.34,2.590000000000007,0.28,1.8114285714285703,0.4623829729035151,-0.8866803180227399
2022-06-05,0.23,1.18,0.0,0,0.7793248768009976,0.24,0.8241754429663494,0.23,0.7793248768009976,3.7999999999999927,3.999999999999993,0.5714285714285704,-0.009999999999999981,-0.10000000000000009,0.2333333333333333,1.2133333333333403,0.2814285714285715,1.8242857142857132,0.44709379298511426,-0.8944870822287954
2022-06-06,0.8,15.49,0.0,0,2.8027541365715076,0.23,0.7793248768009976,0.24,0.8241754429663494,3.7999999999999927,3.999999999999993,0.5714285714285704,0.5700000000000001,14.31,0.42333333333333334,5.9833333333333405,0.3628571428571429,3.8685714285714274,0.43167285247378384,-0.9020302369860707
2022-06-07,0.8,15.49,0.0,0,2.8027541365715076,0.8,2.8027541365715076,0.23,0.7793248768009976,0.0,3.7999999999999927,0.5428571428571418,0.0,0.0,0.61,10.720000000000008,0.44,5.872857142857142,0.4161246959914746,-0.9093075592922357
2022-06-08,0.8,15.49,0.0,0,2.8027541365715076,0.8,2.8027541365715076,0.8,2.8027541365715076,0.0,3.7999999999999927,0.5428571428571418,0.0,0.0,0.8,15.49,0.5214285714285715,7.917142857142856,0.4004539056512664,-0.9163169044870048
2022-06-09,0.8,15.49,0.0,0,2.8027541365715076,0.8,2.8027541365715076,0.8,2.8027541365715076,0.0,3.7999999999999927,0.5428571428571418,0.0,0.0,0.8,15.49,0.5571428571428572,9.37142857142857,0.3846650997070012,-0.923056206884176
2022-06-10,0.8,15.49,0.0,0,2.8027541365715076,0.8,2.8027541365715076,0.8,2.8027541365715076,0.0,3.7999999999999927,0.5428571428571418,0.0,0.0,0.8,15.49,0.6385714285714287,11.415714285714285,0.3687629311922603,-0.9295234803804002
2022-06-11,0.8,15.49,3.2,0,2.8027541365715076,0.8,2.8027541365715076,0.8,2.8027541365715076,3.199999999999993,3.199999999999993,0.45714285714285613,0.0,0.0,0.8,15.49,0.7185714285714286,13.445714285714287,0.352752086549095,-0.9357168190404935
2022-06-12,0.8,15.49,0.0,0,2.8027541365715076,0.8,2.8027541365715076,0.8,2.8027541365715076,3.199999999999993,3.199999999999993,0.45714285714285613,0.0,0.0,0.8,15.49,0.8,15.49,0.3366372842469106,-0.9416343976591258
2022-06-13,0.8,15.49,0.0,0,2.8027541365715076,0.8,2.8027541365715076,0.8,2.8027541365715076,3.199999999999993,3.199999999999993,0.45714285714285613,0.0,0.0,0.8,15.49,0.8,15.49,0.3204232733919116,-0.9472744722987168
2022-06-14,0.8,15.49,0.0,0,2.8027541365715076,0.8,2.8027541365715076,0.8,2.8027541365715076,0.0,3.199999999999993,0.45714285714285613,0.0,0.0,0.8,15.49,0.8,15.49,0.30411483232751846,-0.9526353808033824
2022-06-15,0.8,15.49,0.0,0,2.8027541365715076,0.8,2.8027541365715076,0.8,2.8027541365715076,0.0,3.199999999999993,0.45714285714285613,0.0,0.0,0.8,15.49,0.8,15.49,0.2877167672261668,-0.9577155432887804
2022-06-16,0.8,15.49,0.0,0,2.8027541365715076,0.8,2.8027541365715076,0.8,2.8027541365715076,0.0,3.199999999999993,0.45714285714285613,0.0,0.0,0.8,15.49,0.8,15.49,0.27123391067291,-0.9625134626077081
2022-06-17,0.96,25.53,1.2,0,3.2782761681496484,0.8,2.8027541365715076,0.8,2.8027541365715076,1.1999999999999929,4.399999999999993,0.6285714285714276,0.15999999999999992,10.040000000000001,0.8533333333333334,18.836666666666673,0.8228571428571428,16.924285714285713,0.2546711202412288,-0.9670277247913204
2022-06-18,1.02,29.54,4.0,0,3.4190372997904865,0.96,3.2782761681496484,0.8,2.8027541365715076,5.199999999999993,5.199999999999993,0.7428571428571419,0.06000000000000005,4.009999999999998,0.9266666666666667,23.52000000000001,0.8542857142857143,18.93142857142857,0.2380332770614858,-0.9712569994658313
2022-06-19,0.91,22.39,0.0,0,3.1523085805960878,1.02,3.4190372997904865,0.96,3.2782761681496484,5.199999999999993,5.199999999999993,0.7428571428571419,-0.10999999999999999,-7.149999999999999,0.9633333333333334,25.820000000000007,0.8700000000000001,19.91714285714286,0.22132528438243243,-0.9752000402445825
2022-06-20,0.91,22.39,5.2,0,3.1523085805960878,0.91,3.1523085805960878,1.02,3.4190372997904865,9.199999999999992,10.399999999999993,1.4857142857142847,0.0,0.0,0.9466666666666667,24.77333333333334,0.8857142857142859,20.90285714285714,0.2045520661262008,-0.9788556850953578
2022-06-21,0.88,20.51,0.6,0,3.068517943279639,0.91,3.1523085805960878,0.91,3.1523085805960878,5.799999999999993,10.999999999999993,1.5714285714285705,-0.030000000000000027,-1.879999999999999,0.9,21.76333333333334,0.8971428571428571,21.619999999999997,0.18771856543719884,-0.9822228566828406
2022-06-22,0.88,20.51,0.6,0,3.068517943279639,0.88,3.068517943279639,0.91,3.1523085805960878,6.399999999999993,11.599999999999993,1.6571428571428561,0.0,0.0,0.89,21.136666666666674,0.9085714285714286,22.337142857142858,0.17082974322534442,-0.985300562686109
2022-06-23,0.88,20.51,2.2,0,3.068517943279639,0.88,3.068517943279639,0.88,3.068517943279639,3.3999999999999932,13.799999999999994,1.9714285714285704,0.0,0.0,0.88,20.51,0.92,23.054285714285715,0.15389057670406214,-0.9880878960910771
2022-06-24,0.88,20.51,0.0,0,3.068517943279639,0.88,3.068517943279639,0.88,3.068517943279639,2.799999999999993,12.599999999999994,1.7999999999999992,0.0,0.0,0.88,20.51,0.9085714285714286,22.337142857142858,0.13690605792347574,-0.9905840354577969
2022-06-25,0.88,20.51,7.4,0,3.068517943279639,0.88,3.068517943279639,0.88,3.068517943279639,9.599999999999994,15.999999999999995,2.285714285714285,0.0,0.0,0.88,20.51,0.8885714285714286,21.04714285714286,0.11988119229922782,-0.9927882451625399
2022-06-26,0.88,20.51,0.0,0,3.068517943279639,0.88,3.068517943279639,0.88,3.068517943279639,7.399999999999993,15.999999999999993,2.2857142857142847,0.0,0.0,0.88,20.51,0.8842857142857142,20.77857142857143,0.10282099713736025,-0.9946998756145891
2022-06-27,0.88,20.51,0.0,0,3.068517943279639,0.88,3.068517943279639,0.88,3.068517943279639,7.399999999999993,10.799999999999994,1.542857142857142,0.0,0.0,0.88,20.51,0.88,20.51,0.0857305001556943,-0.9963183634476755
2022-06-28,0.88,20.51,0.0,0,3.068517943279639,0.88,3.068517943279639,0.88,3.068517943279639,0.0,10.199999999999994,1.4571428571428562,0.0,0.0,0.88,20.51,0.88,20.51,0.0686147380021341,-0.9976432316860063
2022-06-29,0.88,20.51,0.0,0,3.068517943279639,0.88,3.068517943279639,0.88,3.068517943279639,0.0,9.599999999999994,1.3714285714285706,0.0,0.0,0.88,20.51,0.88,20.51,0.05147875477034673,-0.9986740898848305
2022-06-30,0.96,25.53,0.0,0,3.2782761681496484,0.88,3.068517943279639,0.88,3.068517943279639,0.0,7.399999999999993,1.0571428571428563,0.07999999999999996,5.02,0.9066666666666667,22.18333333333334,0.8914285714285715,21.22714285714286,0.03432760051324382,-0.9994106342455052
2022-07-01,0.96,25.53,0.0,0,3.2782761681496484,0.96,3.2782761681496484,0.88,3.068517943279639,0.0,7.399999999999993,1.0571428571428563,0.0,0.0,0.9333333333333332,23.856666666666673,0.9028571428571429,21.944285714285716,0.01716632975470737,-0.9998526477050269
2022-07-02,0.96,25.53,0.0,0,3.2782761681496484,0.96,3.2782761681496484,0.96,3.2782761681496484,0.0,0.0,0.0,0.0,0.0,0.96,25.53,0.9142857142857144,22.66142857142857,1.2246467991473532e-16,-1.0
2022-07-03,0.96,25.53,1.6,0,3.2782761681496484,0.96,3.2782761681496484,0.96,3.2782761681496484,1.599999999999993,1.599999999999993,0.22857142857142757,0.0,0.0,0.96,25.53,0.9257142857142858,23.37857142857143,-0.017166329754707124,-0.9998526477050269
2022-07-04,0.96,25.53,0.0,0,3.2782761681496484,0.96,3.2782761681496484,0.96,3.2782761681496484,1.599999999999993,1.599999999999993,0.22857142857142757,0.0,0.0,0.96,25.53,0.9371428571428572,24.095714285714287,-0.03432760051324313,-0.9994106342455054
2022-07-05,0.96,25.53,0.6,0,3.2782761681496484,0.96,3.2782761681496484,0.96,3.2782761681496484,2.199999999999993,2.199999999999993,0.3142857142857133,0.0,0.0,0.96,25.53,0.9485714285714285,24.812857142857144,-0.051478754770346045,-0.9986740898848305
2022-07-06,0.96,25.53,0.0,0,3.2782761681496484,0.96,3.2782761681496484,0.96,3.2782761681496484,0.5999999999999929,2.199999999999993,0.3142857142857133,0.0,0.0,0.96,25.53,0.96,25.53,-0.06861473800213432,-0.9976432316860063
2022-07-07,0.79,14.98,0.0,0,2.7713379403381286,0.96,3.2782761681496484,0.96,3.2782761681496484,0.5999999999999929,2.199999999999993,0.3142857142857133,-0.16999999999999993,-10.55,0.9033333333333333,22.01333333333334,0.9357142857142857,24.02285714285714,-0.0857305001556945,-0.9963183634476755
2022-07-08,0.8,15.49,0.0,0,2.8027541365715076,0.79,2.7713379403381286,0.96,3.2782761681496484,0.0,2.199999999999993,0.3142857142857133,0.010000000000000009,0.5099999999999998,0.8500000000000001,18.666666666666675,0.9128571428571428,22.58857142857143,-0.10282099713736044,-0.9946998756145891
2022-07-09,0.8,15.49,0.0,0,2.8027541365715076,0.8,2.8027541365715076,0.79,2.7713379403381286,0.0,2.199999999999993,0.3142857142857133,0.0,0.0,0.7966666666666667,15.320000000000007,0.8899999999999999,21.154285714285717,-0.11988119229922714,-0.99278824516254
2022-07-10,0.88,20.51,0.0,0,3.068517943279639,0.8,2.8027541365715076,0.8,2.8027541365715076,0.0,0.5999999999999929,0.0857142857142847,0.07999999999999996,5.020000000000001,0.8266666666666668,17.16333333333334,0.8785714285714284,20.437142857142856,-0.13690605792347504,-0.990584035457797
2022-07-11,0.96,25.53,0.0,0,3.2782761681496484,0.88,3.068517943279639,0.8,2.8027541365715076,0.0,0.5999999999999929,0.0857142857142847,0.07999999999999996,5.02,0.8799999999999999,20.51000000000001,0.8785714285714284,20.437142857142856,-0.15389057670406148,-0.9880878960910772
2022-07-12,0.96,25.53,0.0,0,3.2782761681496484,0.96,3.2782761681496484,0.88,3.068517943279639,0.0,0.0,0.0,0.0,0.0,0.9333333333333332,23.856666666666673,0.8785714285714284,20.437142857142856,-0.17082974322534417,-0.985300562686109
2022-07-13,1.1,35.52,0.0,0,3.597860055726768,0.96,3.2782761681496484,0.96,3.2782761681496484,0.0,0.0,0.0,0.14000000000000012,9.990000000000002,1.0066666666666666,28.86000000000001,0.8985714285714286,21.864285714285717,-0.1877185654371986,-0.9822228566828407
2022-07-14,1.1,35.52,0.0,0,3.597860055726768,1.1,3.597860055726768,0.96,3.2782761681496484,0.0,0.0,0.0,0.0,0.0,1.0533333333333335,32.190000000000005,0.9428571428571428,24.798571428571424,-0.20455206612620058,-0.9788556850953579
2022-07-15,1.03,30.28,0.0,0,3.4429789156771102,1.1,3.597860055726768,1.1,3.597860055726768,0.0,0.0,0.0,-0.07000000000000006,-5.240000000000002,1.0766666666666669,33.77333333333334,0.9757142857142858,26.91142857142857,-0.22132528438243218,-0.9752000402445826
2022-07-16,1.22,44.65,0.0,0,3.8210036070409776,1.03,3.4429789156771102,1.1,3.597860055726768,0.0,0.0,0.0,0.18999999999999995,14.369999999999997,1.1166666666666667,36.81666666666667,1.0357142857142858,31.077142857142857,-0.23803327706148514,-0.9712569994658315
2022-07-17,1.22,44.65,0.4,0,3.8210036070409776,1.22,3.8210036070409776,1.03,3.4429789156771102,0.3999999999999929,0.3999999999999929,0.05714285714285613,0.0,0.0,1.1566666666666665,39.86000000000001,1.0842857142857143,34.52571428571429,-0.254671120241229,-0.9670277247913203
2022-07-18,1.22,44.65,0.0,0,3.8210036070409776,1.22,3.8210036070409776,1.22,3.8210036070409776,0.3999999999999929,0.3999999999999929,0.05714285714285613,0.0,0.0,1.22,44.65,1.1214285714285714,37.25714285714286,-0.2712339106729102,-0.9625134626077081
2022-07-19,1.16,40.01,0.6,0,3.713815939403968,1.22,3.8210036070409776,1.22,3.8210036070409776,0.9999999999999929,0.9999999999999929,0.14285714285714185,-0.06000000000000005,-4.640000000000001,1.2,43.10333333333333,1.1500000000000001,39.325714285714284,-0.287716767226167,-0.9577155432887803
2022-07-20,1.16,40.01,0.0,0,3.713815939403968,1.16,3.713815939403968,1.22,3.8210036070409776,0.5999999999999929,0.9999999999999929,0.14285714285714185,0.0,0.0,1.18,41.55666666666667,1.1585714285714286,39.96714285714285,-0.3041148323275178,-0.9526353808033826
2022-07-21,1.16,40.01,0.0,0,3.713815939403968,1.16,3.713815939403968,1.16,3.713815939403968,0.5999999999999929,0.9999999999999929,0.14285714285714185,0.0,0.0,1.16,40.01,1.167142857142857,40.60857142857143,-0.32042327339191096,-0.947274472298717
2022-07-22,1.1,35.52,0.2,0,3.597860055726768,1.16,3.713815939403968,1.16,3.713815939403968,0.1999999999999929,1.1999999999999929,0.1714285714285704,-0.05999999999999983,-4.489999999999995,1.14,38.51333333333334,1.1771428571428573,41.357142857142854,-0.3366372842469099,-0.941634397659126
2022-07-23,1.1,35.52,0.0,0,3.597860055726768,1.1,3.597860055726768,1.16,3.713815939403968,0.1999999999999929,1.1999999999999929,0.1714285714285704,0.0,0.0,1.12,37.01666666666668,1.1600000000000001,40.05285714285714,-0.35275208654909473,-0.9357168190404936
2022-07-24,1.05,31.78,0.0,0,3.4898185733156835,1.1,3.597860055726768,1.1,3.597860055726768,0.1999999999999929,0.7999999999999929,0.11428571428571328,-0.050000000000000044,-3.740000000000002,1.0833333333333333,34.27333333333334,1.1357142857142857,38.214285714285715,-0.36876293119226006,-0.9295234803804003
2022-07-25,1.03,30.28,2.8,0,3.4429789156771102,1.05,3.4898185733156835,1.1,3.597860055726768,2.7999999999999927,3.5999999999999925,0.5142857142857132,-0.020000000000000018,-1.5,1.0600000000000003,32.52666666666667,1.1085714285714285,36.16142857142857,-0.38466509970700097,-0.9230562068841761
2022-07-26,1.03,30.28,0.0,0,3.4429789156771102,1.03,3.4429789156771102,1.05,3.4898185733156835,2.7999999999999927,2.9999999999999925,0.4285714285714275,0.0,0.0,1.0366666666666666,30.780000000000012,1.09,34.77142857142857,-0.40045390565126615,-0.9163169044870049
2022-07-27,1.03,30.28,0.0,0,3.4429789156771102,1.03,3.4429789156771102,1.03,3.4429789156771102,2.7999999999999927,2.9999999999999925,0.4285714285714275,0.0,0.0,1.03,30.28,1.0714285714285714,33.38142857142857,-0.4161246959914748,-0.9093075592922356
2022-07-28,1.03,30.28,0.0,0,3.4429789156771102,1.03,3.4429789156771102,1.03,3.4429789156771102,0.0,2.9999999999999925,0.4285714285714275,0.0,0.0,1.03,30.28,1.052857142857143,31.99142857142857,-0.431672852473784,-0.9020302369860707
2022-07-29,1.09,34.77,0.0,0,3.5771095532709265,1.03,3.4429789156771102,1.03,3.4429789156771102,0.0,2.7999999999999927,0.39999999999999897,0.06000000000000005,4.490000000000002,1.05,31.776666666666674,1.0514285714285714,31.884285714285717,-0.44709379298511404,-0.8944870822287955
2022-07-30,1.09,34.77,0.0,0,3.5771095532709265,1.09,3.5771095532709265,1.03,3.4429789156771102,0.0,2.7999999999999927,0.39999999999999897,0.0,0.0,1.07,33.27333333333334,1.05,31.777142857142856,-0.4623829729035149,-0.88668031802274
2022-07-31,1.09,34.77,0.0,0,3.5771095532709265,1.09,3.5771095532709265,1.09,3.5771095532709265,0.0,2.7999999999999927,0.39999999999999897,0.0,0.0,1.09,34.77,1.0557142857142858,32.20428571428572,-0.4775358864374881,-0.8786122450571483
2022-08-01,1.1,35.52,0.2,0,3.597860055726768,1.09,3.5771095532709265,1.09,3.5771095532709265,0.1999999999999929,0.1999999999999929,0.028571428571427557,0.010000000000000009,0.75,1.0933333333333335,35.02000000000001,1.0657142857142858,32.95285714285715,-0.4925480679538642,-0.8702852410301554
2022-08-02,1.1,35.52,0.4,0,3.597860055726768,1.1,3.597860055726768,1.09,3.5771095532709265,0.599999999999993,0.599999999999993,0.08571428571428472,0.0,0.0,1.0966666666666667,35.27000000000001,1.0757142857142858,33.70142857142857,-0.5074150932938452,-0.8617017599480683
2022-08-03,1.1,35.52,3.4,0,3.597860055726768,1.1,3.597860055726768,1.1,3.597860055726768,3.999999999999993,3.999999999999993,0.5714285714285704,0.0,0.0,1.1,35.52,1.0857142857142856,34.45,-0.5221325810768248,-0.8528643314021597
2022-08-04,1.1,35.52,0.0,0,3.597860055726768,1.1,3.597860055726768,1.1,3.597860055726768,3.7999999999999927,3.999999999999993,0.5714285714285704,0.0,0.0,1.1,35.52,1.0957142857142859,35.198571428571434,-0.5366961939916003,-0.8437755598231858
2022-08-05,1.1,35.52,0.2,0,3.597860055726768,1.1,3.597860055726768,1.1,3.597860055726768,3.599999999999993,4.199999999999993,0.599999999999999,0.0,0.0,1.1,35.52,1.0971428571428572,35.30571428571429,-0.5511016400745998,-0.8344381237138474
2022-08-06,1.1,35.52,0.0,0,3.597860055726768,1.1,3.597860055726768,1.1,3.597860055726768,0.1999999999999929,4.199999999999993,0.599999999999999,0.0,0.0,1.1,35.52,1.0985714285714285,35.41285714285714,-0.5653446739747425,-0.8248547748594246
2022-08-07,1.1,35.52,0.0,0,3.597860055726768,1.1,3.597860055726768,1.1,3.597860055726768,0.1999999999999929,4.199999999999993,0.599999999999999,0.0,0.0,1.1,35.52,1.1,35.52,-0.5794210982045637,-0.8150283375168114
2022-08-08,1.1,35.52,0.4,0,3.597860055726768,1.1,3.597860055726768,1.1,3.597860055726768,0.3999999999999929,4.399999999999992,0.6285714285714274,0.0,0.0,1.1,35.52,1.1,35.52,-0.5933267643772321,-0.8049617075821958
2022-08-09,1.1,35.52,0.0,0,3.597860055726768,1.1,3.597860055726768,1.1,3.597860055726768,0.3999999999999929,3.999999999999993,0.5714285714285704,0.0,0.0,1.1,35.52,1.1,35.52,-0.6070575744291004,-0.794657851737625
2022-08-10,1.1,35.52,0.0,0,3.597860055726768,1.1,3.597860055726768,1.1,3.597860055726768,0.3999999999999929,0.599999999999993,0.08571428571428472,0.0,0.0,1.1,35.52,1.1,35.52,-0.6206094818274228,-0.7841198065767104
2022-08-11,1.1,35.52,0.0,0,3.597860055726768,1.1,3.597860055726768,1.1,3.597860055726768,0.0,0.599999999999993,0.08571428571428472,0.0,0.0,1.1,35.52,1.1,35.52,-0.6339784927628865,-0.77335067770973
2022-08-12,1.1,35.52,0.0,0,3.597860055726768,1.1,3.597860055726768,1.1,3.597860055726768,0.0,0.3999999999999929,0.05714285714285613,0.0,0.0,1.1,35.52,1.1,35.52,-0.6471606673266059,-0.7623536388483905
2022-08-13,1.1,35.52,0.8,0,3.597860055726768,1.1,3.597860055726768,1.1,3.597860055726768,0.7999999999999929,1.199999999999993,0.17142857142857043,0.0,0.0,1.1,35.52,1.1,35.52,-0.6601521206712315,-0.7511319308705201
2022-08-14,1.1,35.52,0.0,0,3.597860055726768,1.1,3.597860055726768,1.1,3.597860055726768,0.7999999999999929,1.199999999999993,0.17142857142857043,0.0,0.0,1.1,35.52,1.1,35.52,-0.6729490241558326,-0.7396888608649671
2022-08-15,1.1,35.52,0.0,0,3.597860055726768,1.1,3.597860055726768,1.1,3.597860055726768,0.7999999999999929,0.7999999999999929,0.11428571428571328,0.0,0.0,1.1,35.52,1.1,35.52,-0.6855476064742154,-0.7280278011569848
2022-08-16,1.1,35.52,0.0,0,3.597860055726768,1.1,3.597860055726768,1.1,3.597860055726768,0.0,0.7999999999999929,0.11428571428571328,0.0,0.0,1.1,35.52,1.1,35.52,-0.6979441547663433,-0.7161521883143935
2022-08-17,1.1,35.52,0.4,0,3.597860055726768,1.1,3.597860055726768,1.1,3.597860055726768,0.3999999999999929,1.199999999999993,0.17142857142857043,0.0,0.0,1.1,35.52,1.1,35.52,-0.7101350157125356,-0.7040655221348059
2022-08-18,1.1,35.52,0.2,0,3.597860055726768,1.1,3.597860055726768,1.1,3.597860055726768,0.599999999999993,1.399999999999993,0.199999999999999,0.0,0.0,1.1,35.52,1.1,35.52,-0.7221165966101161,-0.691771364614222
2022-08-19,1.1,35.52,0.0,0,3.597860055726768,1.1,3.597860055726768,1.1,3.597860055726768,0.599999999999993,1.399999999999993,0.199999999999999,0.0,0.0,1.1,35.52,1.1,35.52,-0.7338853664321993,-0.6792733388972929
2022-08-20,1.1,35.52,0.0,0,3.597860055726768,1.1,3.597860055726768,1.1,3.597860055726768,0.1999999999999929,0.599999999999993,0.08571428571428472,0.0,0.0,1.1,35.52,1.1,35.52,-0.7454378568683003,-0.6665751282095631
2022-08-21,1.1,35.52,0.0,0,3.597860055726768,1.1,3.597860055726768,1.1,3.597860055726768,0.0,0.599999999999993,0.08571428571428472,0.0,0.0,1.1,35.52,1.1,35.52,-0.7567706633464625,-0.653680474772006
2022-08-22,1.1,35.52,0.0,0,3.597860055726768,1.1,3.597860055726768,1.1,3.597860055726768,0.0,0.599999999999993,0.08571428571428472,0.0,0.0,1.1,35.52,1.1,35.52,-0.7678804460366,-0.6405931786981752
2022-08-23,1.1,35.52,0.0,0,3.597860055726768,1.1,3.597860055726768,1.1,3.597860055726768,0.0,0.599999999999993,0.08571428571428472,0.0,0.0,1.1,35.52,1.1,35.52,-0.7787639308347605,-0.627317096874294
2022-08-24,1.08,34.02,2.4,0,3.555919326857706,1.1,3.597860055726768,1.1,3.597860055726768,2.399999999999993,2.599999999999993,0.37142857142857044,-0.020000000000000018,-1.5,1.0933333333333335,35.02000000000001,1.0971428571428574,35.30571428571429,-0.7894179103280194,-0.6138561418226122
2022-08-25,1.08,34.02,0.2,0,3.555919326857706,1.08,3.555919326857706,1.1,3.597860055726768,2.599999999999993,2.599999999999993,0.37142857142857044,0.0,0.0,1.086666666666667,34.52000000000001,1.0942857142857143,35.09142857142857,-0.7998392447397191,-0.6002142805483686
2022-08-26,1.07,33.28,0.2,0,3.534562093729579,1.08,3.555919326857706,1.08,3.555919326857706,2.7999999999999927,2.7999999999999927,0.39999999999999897,-0.010000000000000009,-0.740000000000002,1.0766666666666667,33.77333333333334,1.09,34.77142857142857,-0.8100248628547748,-0.5863955333706962
2022-08-27,1.04,31.03,0.4,0,3.466672963621067,1.07,3.534562093729579,1.08,3.555919326857706,0.7999999999999929,3.199999999999993,0.45714285714285613,-0.030000000000000027,-2.25,1.0633333333333335,32.77666666666667,1.0814285714285714,34.13,-0.8199717629247767,-0.5724039727378154
2022-08-28,1.03,30.28,1.2,0,3.4429789156771102,1.04,3.466672963621067,1.07,3.534562093729579,1.799999999999993,4.399999999999993,0.6285714285714276,-0.010000000000000009,-0.75,1.0466666666666669,31.530000000000012,1.0714285714285716,33.38142857142857,-0.8296770135526185,-0.5582437220268655
2022-08-29,1.03,30.28,0.0,0,3.4429789156771102,1.03,3.4429789156771102,1.04,3.466672963621067,1.599999999999993,4.399999999999993,0.6285714285714276,0.0,0.0,1.0333333333333334,30.530000000000012,1.0614285714285716,32.63285714285714,-0.8391377545563938,-0.5439189543287248
2022-08-30,0.95,24.9,0.0,0,3.254242968705492,1.03,3.4429789156771102,1.03,3.4429789156771102,1.1999999999999929,4.399999999999993,0.6285714285714276,-0.08000000000000007,-5.380000000000003,1.0033333333333332,28.486666666666675,1.0399999999999998,31.115714285714287,-0.8483511978123038,-0.5294338912181854
2022-08-31,0.88,20.51,0.0,0,3.068517943279639,0.95,3.254242968705492,1.03,3.4429789156771102,0.0,1.999999999999993,0.2857142857142847,-0.06999999999999995,-4.389999999999997,0.9533333333333333,25.230000000000008,1.0114285714285713,29.185714285714287,-0.8573146280763322,-0.514792801509831
2022-09-01,0.88,20.51,0.0,0,3.068517943279639,0.88,3.068517943279639,0.95,3.254242968705492,0.0,1.799999999999993,0.2571428571428561,0.0,0.0,0.9033333333333333,21.97333333333334,0.9828571428571429,27.255714285714287,-0.8660254037844385,-0.5000000000000004
2022-09-02,0.88,20.51,0.0,0,3.068517943279639,0.88,3.068517943279639,0.88,3.068517943279639,0.0,1.599999999999993,0.22857142857142757,0.0,0.0,0.88,20.51,0.9557142857142857,25.431428571428572,-0.8744809578310394,-0.4850598461951967
2022-09-03,0.96,25.53,0.0,0,3.2782761681496484,0.88,3.068517943279639,0.88,3.068517943279639,0.0,1.1999999999999929,0.1714285714285704,0.07999999999999996,5.02,0.9066666666666667,22.18333333333334,0.9442857142857143,24.645714285714288,-0.8826787983255475,-0.4699767430273199
2022-09-04,0.96,25.53,0.0,0,3.2782761681496484,0.96,3.2782761681496484,0.88,3.068517943279639,0.0,0.0,0.0,0.0,0.0,0.9333333333333332,23.856666666666673,0.9342857142857143,23.967142857142857,-0.8906165093267404,-0.45475513555610575
2022-09-05,0.96,25.53,0.0,0,3.2782761681496484,0.96,3.2782761681496484,0.96,3.2782761681496484,0.0,0.0,0.0,0.0,0.0,0.96,25.53,0.9242857142857143,23.28857142857143,-0.8982917515547529,-0.43939950965914165
2022-09-06,0.96,25.53,0.0,0,3.2782761681496484,0.96,3.2782761681496484,0.96,3.2782761681496484,0.0,0.0,0.0,0.0,0.0,0.96,25.53,0.9257142857142856,23.37857142857143,-0.9057022630804714,-0.42391439070986087
2022-09-07,0.96,25.53,0.0,0,3.2782761681496484,0.96,3.2782761681496484,0.96,3.2782761681496484,0.0,0.0,0.0,0.0,0.0,0.96,25.53,0.937142857142857,24.095714285714287,-0.9128458599921354,-0.40830434224389367
2022-09-08,0.96,25.53,0.0,0,3.2782761681496484,0.96,3.2782761681496484,0.96,3.2782761681496484,0.0,0.0,0.0,0.0,0.0,0.96,25.53,0.9485714285714285,24.812857142857144,-0.9197204370389468,-0.3925739646141714
2022-09-09,0.96,25.53,0.0,0,3.2782761681496484,0.96,3.2782761681496484,0.96,3.2782761681496484,0.0,0.0,0.0,0.0,0.0,0.96,25.53,0.96,25.53,-0.9263239682514951,-0.3767278936351848
2022-09-10,0.96,25.53,0.0,0,3.2782761681496484,0.96,3.2782761681496484,0.96,3.2782761681496484,0.0,0.0,0.0,0.0,0.0,0.96,25.53,0.96,25.53,-0.9326545075388225,-0.3607707992167831
2022-09-11,0.96,25.53,0.0,0,3.2782761681496484,0.96,3.2782761681496484,0.96,3.2782761681496484,0.0,0.0,0.0,0.0,0.0,0.96,25.53,0.96,25.53,-0.9387101892619443,-0.3447073839879337
2022-09-12,0.96,25.53,0.0,0,3.2782761681496484,0.96,3.2782761681496484,0.96,3.2782761681496484,0.0,0.0,0.0,0.0,0.0,0.96,25.53,0.96,25.53,-0.9444892287836613,-0.32854238191083474
2022-09-13,0.96,25.53,18.6,0,3.2782761681496484,0.96,3.2782761681496484,0.96,3.2782761681496484,18.599999999999994,18.599999999999994,2.657142857142856,0.0,0.0,0.96,25.53,0.96,25.53,-0.9499899229945009,-0.3122805568857948
2022-09-14,0.88,20.51,0.8,0,3.068517943279639,0.96,3.2782761681496484,0.96,3.2782761681496484,19.399999999999995,19.399999999999995,2.771428571428571,-0.07999999999999996,-5.02,0.9333333333333332,23.856666666666673,0.9485714285714285,24.812857142857144,-0.9552106508146316,-0.29592670134728966
2022-09-15,0.69,9.99,0.4,0,2.39698576841553,0.88,3.068517943279639,0.96,3.2782761681496484,19.799999999999994,19.799999999999994,2.828571428571428,-0.19000000000000006,-10.520000000000001,0.8433333333333334,18.676666666666673,0.9099999999999999,22.592857142857145,-0.9601498736716017,-0.2794856348516098
2022-09-16,0.69,9.99,0.0,0,2.39698576841553,0.69,2.39698576841553,0.88,3.068517943279639,1.199999999999993,19.799999999999994,2.828571428571428,0.0,0.0,0.7533333333333333,13.496666666666675,0.8714285714285713,20.372857142857146,-0.9648061359537644,-0.2629622026565152
2022-09-17,0.84,18.0,0.0,0,2.9444389791664403,0.69,2.39698576841553,0.69,2.39698576841553,0.3999999999999929,19.799999999999994,2.828571428571428,0.15000000000000002,8.01,0.7399999999999999,12.660000000000005,0.8542857142857142,19.29714285714286,-0.9691780654392534,-0.24636127429331536
2022-09-18,0.8,15.49,0.0,0,2.8027541365715076,0.84,2.9444389791664403,0.69,2.39698576841553,0.0,19.799999999999994,2.828571428571428,-0.039999999999999925,-2.51,0.7766666666666667,14.49333333333334,0.8314285714285713,17.862857142857145,-0.9732643737003823,-0.2296877421317963
2022-09-19,0.79,14.98,0.0,0,2.7713379403381286,0.8,2.8027541365715076,0.84,2.9444389791664403,0.0,19.799999999999994,2.828571428571428,-0.010000000000000009,-0.5099999999999998,0.81,16.156666666666677,0.807142857142857,16.355714285714285,-0.9770638564833508,-0.21294651993841573
2022-09-20,0.79,14.98,0.0,0,2.7713379403381286,0.79,2.7713379403381286,0.8,2.8027541365715076,0.0,1.199999999999993,0.17142857142857043,0.0,0.0,0.7933333333333334,15.150000000000007,0.7828571428571428,14.848571428571429,-0.9805753940631429,-0.19614254142819712
2022-09-21,0.79,14.98,0.0,0,2.7713379403381286,0.79,2.7713379403381286,0.79,2.7713379403381286,0.0,0.3999999999999929,0.05714285714285613,0.0,0.0,0.79,14.98,0.7699999999999999,14.058571428571428,-0.9837979515735163,-0.1792807588107359
2022-09-22,0.79,14.98,0.0,0,2.7713379403381286,0.79,2.7713379403381286,0.79,2.7713379403381286,0.0,0.0,0.0,0.0,0.0,0.79,14.98,0.7842857142857141,14.771428571428572,-0.9867305793119814,-0.16236614133076413
2022-09-23,0.79,14.98,0.0,0,2.7713379403381286,0.79,2.7713379403381286,0.79,2.7713379403381286,0.0,0.0,0.0,0.0,0.0,0.79,14.98,0.7985714285714286,15.484285714285713,-0.9893724130196829,-0.14540367380369032
2022-09-24,0.79,14.98,0.2,0,2.7713379403381286,0.79,2.7713379403381286,0.79,2.7713379403381286,0.1999999999999929,0.1999999999999929,0.028571428571427557,0.0,0.0,0.79,14.98,0.7914285714285715,15.05285714285714,-0.9917226741361014,-0.12839835514655154
2022-09-25,0.79,14.98,3.2,0,2.7713379403381286,0.79,2.7713379403381286,0.79,2.7713379403381286,3.3999999999999932,3.3999999999999932,0.48571428571428477,0.0,0.0,0.79,14.98,0.79,14.98,-0.9937806700284985,-0.11135519690480865
2022-09-26,0.79,14.98,0.2,0,2.7713379403381286,0.79,2.7713379403381286,0.79,2.7713379403381286,3.5999999999999934,3.5999999999999934,0.5142857142857133,0.0,0.0,0.79,14.98,0.79,14.98,-0.9955457941960382,-0.09427922177542443
2022-09-27,0.79,14.98,0.0,0,2.7713379403381286,0.79,2.7713379403381286,0.79,2.7713379403381286,3.3999999999999932,3.5999999999999934,0.5142857142857133,0.0,0.0,0.79,14.98,0.79,14.98,-0.9970175264485267,-0.07717546212664643
2022-09-28,0.79,14.98,1.2,0,2.7713379403381286,0.79,2.7713379403381286,0.79,2.7713379403381286,1.3999999999999928,4.799999999999994,0.6857142857142848,0.0,0.0,0.79,14.98,0.79,14.98,-0.998195433059714,-0.06004895851494849
2022-09-29,0.79,14.98,8.8,0,2.7713379403381286,0.79,2.7713379403381286,0.79,2.7713379403381286,9.999999999999993,13.599999999999994,1.942857142857142,0.0,0.0,0.79,14.98,0.79,14.98,-0.9990791668951153,-0.04290475819955383
2022-09-30,0.79,14.98,0.0,0,2.7713379403381286,0.79,2.7713379403381286,0.79,2.7713379403381286,9.999999999999993,13.599999999999994,1.942857142857142,0.0,0.0,0.79,14.98,0.79,14.98,-0.9996684675143132,-0.025747913654988113
2022-10-01,0.74,12.4,0.2,0,2.5952547069568657,0.79,2.7713379403381286,0.79,2.7713379403381286,8.999999999999993,13.599999999999994,1.942857142857142,-0.050000000000000044,-2.58,0.7733333333333333,14.120000000000006,0.7828571428571429,14.61142857142857,-0.9999631612477099,-0.008583481082086734
2022-10-02,0.74,12.4,0.0,0,2.5952547069568657,0.74,2.5952547069568657,0.79,2.7713379403381286,0.1999999999999929,10.399999999999993,1.4857142857142847,0.0,0.0,0.7566666666666667,13.260000000000007,0.7757142857142858,14.242857142857144,-0.9999631612477099,0.008583481082087254
2022-10-03,0.74,12.4,0.0,0,2.5952547069568657,0.74,2.5952547069568657,0.74,2.5952547069568657,0.1999999999999929,10.199999999999994,1.4571428571428562,0.0,0.0,0.74,12.4,0.7685714285714287,13.874285714285715,-0.999668467514313,0.025747913654988634
2022-10-04,0.69,9.99,0.0,0,2.39698576841553,0.74,2.5952547069568657,0.74,2.5952547069568657,0.0,10.199999999999994,1.4571428571428562,-0.050000000000000044,-2.41,0.7233333333333333,11.596666666666673,0.7542857142857143,13.161428571428571,-0.9990791668951153,0.04290475819955435
2022-10-05,0.69,9.99,0.0,0,2.39698576841553,0.69,2.39698576841553,0.74,2.5952547069568657,0.0,8.999999999999993,1.2857142857142847,0.0,0.0,0.7066666666666666,10.793333333333342,0.7400000000000001,12.448571428571427,-0.998195433059714,0.06004895851494813
2022-10-06,0.69,9.99,0.0,0,2.39698576841553,0.69,2.39698576841553,0.69,2.39698576841553,0.0,0.1999999999999929,0.028571428571427557,0.0,0.0,0.69,9.99,0.7257142857142858,11.735714285714286,-0.9970175264485267,0.07717546212664607
2022-10-07,0.69,9.99,0.0,0,2.39698576841553,0.69,2.39698576841553,0.69,2.39698576841553,0.0,0.1999999999999929,0.028571428571427557,0.0,0.0,0.69,9.99,0.7114285714285715,11.022857142857143,-0.9955457941960382,0.09427922177542405
2022-10-08,0.69,9.99,0.0,0,2.39698576841553,0.69,2.39698576841553,0.69,2.39698576841553,0.0,0.0,0.0,0.0,0.0,0.69,9.99,0.7042857142857143,10.678571428571427,-0.9937806700284985,0.11135519690480827
2022-10-09,0.69,9.99,0.0,0,2.39698576841553,0.69,2.39698576841553,0.69,2.39698576841553,0.0,0.0,0.0,0.0,0.0,0.69,9.99,0.6971428571428572,10.334285714285713,-0.9917226741361016,0.1283983551465503
2022-10-10,0.69,9.99,1.0,0,2.39698576841553,0.69,2.39698576841553,0.69,2.39698576841553,0.9999999999999929,0.9999999999999929,0.14285714285714185,0.0,0.0,0.69,9.99,0.69,9.99,-0.9893724130196829,0.14540367380368996
2022-10-11,0.69,9.99,0.2,0,2.39698576841553,0.69,2.39698576841553,0.69,2.39698576841553,1.1999999999999929,1.1999999999999929,0.1714285714285704,0.0,0.0,0.69,9.99,0.69,9.99,-0.9867305793119814,0.16236614133076377
2022-10-12,0.69,9.99,0.2,0,2.39698576841553,0.69,2.39698576841553,0.69,2.39698576841553,1.3999999999999928,1.3999999999999928,0.19999999999999898,0.0,0.0,0.69,9.99,0.69,9.99,-0.9837979515735163,0.17928075881073555
2022-10-13,0.69,9.99,0.0,0,2.39698576841553,0.69,2.39698576841553,0.69,2.39698576841553,0.3999999999999929,1.3999999999999928,0.19999999999999898,0.0,0.0,0.69,9.99,0.69,9.99,-0.980575394063143,0.19614254142819676
2022-10-14,0.69,9.99,0.0,0,2.39698576841553,0.69,2.39698576841553,0.69,2.39698576841553,0.1999999999999929,1.3999999999999928,0.19999999999999898,0.0,0.0,0.69,9.99,0.69,9.99,-0.9770638564833509,0.21294651993841537
2022-10-15,0.69,9.99,0.0,0,2.39698576841553,0.69,2.39698576841553,0.69,2.39698576841553,0.0,1.3999999999999928,0.19999999999999898,0.0,0.0,0.69,9.99,0.69,9.99,-0.9732643737003827,0.22968774213179508
2022-10-16,0.69,9.99,4.2,0,2.39698576841553,0.69,2.39698576841553,0.69,2.39698576841553,4.199999999999993,5.5999999999999925,0.7999999999999989,0.0,0.0,0.69,9.99,0.69,9.99,-0.9691780654392538,0.24636127429331414
2022-10-17,0.69,9.99,3.4,0,2.39698576841553,0.69,2.39698576841553,0.69,2.39698576841553,7.5999999999999925,7.999999999999993,1.142857142857142,0.0,0.0,0.69,9.99,0.69,9.99,-0.9648061359537647,0.262962202656514
2022-10-18,0.63,7.86,0.0,0,2.1815467646169897,0.69,2.39698576841553,0.69,2.39698576841553,7.5999999999999925,7.799999999999994,1.1142857142857134,-0.05999999999999994,-2.13,0.6699999999999999,9.280000000000006,0.6814285714285714,9.685714285714285,-0.9601498736716018,0.2794856348516095
2022-10-19,0.63,7.86,16.0,0,2.1815467646169897,0.63,2.1815467646169897,0.69,2.39698576841553,19.39999999999999,23.599999999999994,3.3714285714285706,0.0,0.0,0.65,8.570000000000007,0.6728571428571428,9.38142857142857,-0.9552106508146317,0.2959267013472893
2022-10-20,0.63,7.86,2.0,0,2.1815467646169897,0.63,2.1815467646169897,0.63,2.1815467646169897,17.999999999999993,25.599999999999994,3.657142857142856,0.0,0.0,0.63,7.86,0.6642857142857143,9.077142857142857,-0.9499899229945011,0.3122805568857945
2022-10-21,0.63,7.86,0.0,0,2.1815467646169897,0.63,2.1815467646169897,0.63,2.1815467646169897,17.999999999999993,25.599999999999994,3.657142857142856,0.0,0.0,0.63,7.86,0.6557142857142857,8.772857142857143,-0.9444892287836614,0.3285423819108344
2022-10-22,0.63,7.86,11.2,0,2.1815467646169897,0.63,2.1815467646169897,0.63,2.1815467646169897,13.19999999999999,36.8,5.257142857142857,0.0,0.0,0.63,7.86,0.6471428571428571,8.468571428571428,-0.938710189261944,0.3447073839879342
2022-10-23,0.63,7.86,0.4,0,2.1815467646169897,0.63,2.1815467646169897,0.63,2.1815467646169897,11.59999999999999,32.99999999999999,4.7142857142857135,0.0,0.0,0.63,7.86,0.6385714285714286,8.164285714285713,-0.9326545075388223,0.3607707992167836
2022-10-24,0.63,7.86,0.0,0,2.1815467646169897,0.63,2.1815467646169897,0.63,2.1815467646169897,11.59999999999999,29.59999999999999,4.228571428571427,0.0,0.0,0.63,7.86,0.63,7.86,-0.9263239682514949,0.3767278936351853
2022-10-25,0.63,7.86,10.4,0,2.1815467646169897,0.63,2.1815467646169897,0.63,2.1815467646169897,10.799999999999992,39.99999999999999,5.7142857142857135,0.0,0.0,0.63,7.86,0.63,7.86,-0.9197204370389466,0.3925739646141719
2022-10-26,0.76,13.43,0.0,0,2.6693093727857793,0.63,2.1815467646169897,0.63,2.1815467646169897,10.399999999999991,23.999999999999993,3.4285714285714275,0.13,5.569999999999999,0.6733333333333333,9.716666666666674,0.6485714285714286,8.655714285714284,-0.9128458599921356,0.40830434224389334
2022-10-27,0.95,24.9,0.0,0,3.254242968705492,0.76,2.6693093727857793,0.63,2.1815467646169897,10.399999999999991,21.999999999999993,3.142857142857142,0.18999999999999995,11.469999999999999,0.7799999999999999,15.396666666666674,0.6942857142857143,11.09,-0.9057022630804715,0.42391439070986053
2022-10-28,0.62,7.5,0.0,0,2.1400661634962708,0.95,3.254242968705492,0.76,2.6693093727857793,0.0,21.999999999999993,3.142857142857142,-0.32999999999999996,-17.4,0.7766666666666667,15.276666666666673,0.6928571428571428,11.038571428571428,-0.898291751554753,0.4393995096591413
2022-10-29,0.62,7.5,3.4,0,2.1400661634962708,0.62,2.1400661634962708,0.95,3.254242968705492,3.399999999999991,14.199999999999996,2.028571428571428,0.0,0.0,0.73,13.300000000000006,0.6914285714285714,10.987142857142857,-0.8906165093267406,0.4547551355561054
2022-10-30,0.63,7.86,2.8,0,2.1815467646169897,0.62,2.1400661634962708,0.62,2.1400661634962708,6.19999999999999,16.599999999999994,2.3714285714285706,0.010000000000000009,0.3600000000000003,0.6233333333333334,7.620000000000007,0.6914285714285714,10.987142857142857,-0.8826787983255476,0.46997674302731957
2022-10-31,0.63,7.86,3.2,0,2.1815467646169897,0.63,2.1815467646169897,0.62,2.1400661634962708,9.399999999999991,19.799999999999994,2.828571428571428,0.0,0.0,0.6266666666666666,7.740000000000006,0.6914285714285714,10.987142857142857,-0.8744809578310401,0.4850598461951956
2022-11-01,0.63,7.86,0.0,0,2.1815467646169897,0.63,2.1815467646169897,0.63,2.1815467646169897,5.999999999999991,9.399999999999995,1.342857142857142,0.0,0.0,0.63,7.86,0.6914285714285714,10.987142857142857,-0.8660254037844386,0.5000000000000001
2022-11-02,0.64,8.21,0.0,0,2.2202898502672155,0.63,2.1815467646169897,0.63,2.1815467646169897,3.1999999999999913,9.399999999999995,1.342857142857142,0.010000000000000009,0.35000000000000053,0.6333333333333333,7.976666666666675,0.6742857142857143,10.241428571428571,-0.8573146280763323,0.5147928015098306
2022-11-03,0.64,8.21,3.0,0,2.2202898502672155,0.64,2.2202898502672155,0.63,2.1815467646169897,2.999999999999991,12.399999999999995,1.7714285714285707,0.0,0.0,0.6366666666666667,8.09333333333334,0.63,7.857142857142857,-0.848351197812304,0.5294338912181851
2022-11-04,0.64,8.21,0.2,0,2.2202898502672155,0.64,2.2202898502672155,0.64,2.2202898502672155,3.1999999999999913,12.599999999999994,1.7999999999999992,0.0,0.0,0.64,8.21,0.6328571428571428,7.958571428571429,-0.8391377545563939,0.5439189543287245
2022-11-05,0.64,8.21,0.0,0,2.2202898502672155,0.64,2.2202898502672155,0.64,2.2202898502672155,3.1999999999999913,9.199999999999994,1.3142857142857134,0.0,0.0,0.64,8.21,0.6357142857142858,8.059999999999999,-0.8296770135526191,0.5582437220268645
2022-11-06,0.68,9.63,0.0,0,2.363680192353857,0.64,2.2202898502672155,0.64,2.2202898502672155,0.19999999999999113,6.399999999999995,0.9142857142857136,0.040000000000000036,1.42,0.6533333333333333,8.683333333333342,0.6428571428571429,8.312857142857142,-0.8199717629247775,0.5724039727378144
2022-11-07,0.64,8.21,0.0,0,2.2202898502672155,0.68,2.363680192353857,0.64,2.2202898502672155,0.0,3.199999999999995,0.4571428571428564,-0.040000000000000036,-1.42,0.6533333333333333,8.683333333333342,0.6442857142857142,8.362857142857143,-0.8100248628547756,0.5863955333706952
2022-11-08,0.64,8.21,1.6,0,2.2202898502672155,0.64,2.2202898502672155,0.68,2.363680192353857,1.5999999999999912,4.7999999999999945,0.6857142857142849,0.0,0.0,0.6533333333333333,8.683333333333342,0.6457142857142858,8.412857142857144,-0.7998392447397198,0.6002142805483676
2022-11-09,0.64,8.21,0.4,0,2.2202898502672155,0.64,2.2202898502672155,0.64,2.2202898502672155,1.9999999999999911,5.199999999999995,0.7428571428571421,0.0,0.0,0.64,8.21,0.6457142857142858,8.412857142857144,-0.7894179103280197,0.613856141822612
2022-11-10,0.58,6.2,0.2,0,1.9740810260220096,0.64,2.2202898502672155,0.64,2.2202898502672155,2.1999999999999913,2.3999999999999946,0.3428571428571421,-0.06000000000000005,-2.0100000000000007,0.62,7.540000000000007,0.6371428571428571,8.125714285714285,-0.7787639308347607,0.6273170968742937
2022-11-11,0.59,6.49,0.0,0,2.0135687975291283,0.58,1.9740810260220096,0.64,2.2202898502672155,0.5999999999999912,2.1999999999999944,0.3142857142857135,0.010000000000000009,0.29000000000000004,0.6033333333333333,6.966666666666675,0.63,7.88,-0.7678804460366002,0.640593178698175
2022-11-12,0.59,6.49,0.0,0,2.0135687975291283,0.59,2.0135687975291283,0.58,1.9740810260220096,0.19999999999999113,2.1999999999999944,0.3142857142857135,0.0,0.0,0.5866666666666666,6.393333333333341,0.6228571428571429,7.634285714285714,-0.7567706633464628,0.6536804747720056
2022-11-13,0.59,6.49,0.6,0,2.0135687975291283,0.59,2.0135687975291283,0.59,2.0135687975291283,0.5999999999999911,2.7999999999999945,0.3999999999999992,0.0,0.0,0.59,6.49,0.61,7.185714285714285,-0.7454378568682999,0.6665751282095634
2022-11-14,0.63,7.86,0.0,0,2.1815467646169897,0.59,2.0135687975291283,0.59,2.0135687975291283,0.5999999999999911,2.7999999999999945,0.3999999999999992,0.040000000000000036,1.37,0.6033333333333334,6.946666666666673,0.6085714285714285,7.135714285714285,-0.7338853664321989,0.6792733388972934
2022-11-15,0.58,6.2,2.8,0,1.9740810260220096,0.63,2.1815467646169897,0.59,2.0135687975291283,3.399999999999991,3.9999999999999947,0.5714285714285706,-0.050000000000000044,-1.6600000000000001,0.6,6.850000000000008,0.5999999999999999,6.848571428571427,-0.7221165966101161,0.6917713646142221
2022-11-16,0.58,6.2,1.0,0,1.9740810260220096,0.58,1.9740810260220096,0.63,2.1815467646169897,3.799999999999991,4.599999999999994,0.6571428571428564,0.0,0.0,0.5966666666666667,6.75333333333334,0.5914285714285714,6.5614285714285705,-0.7101350157125358,0.7040655221348057
2022-11-17,0.58,6.2,0.6,0,1.9740810260220096,0.58,1.9740810260220096,0.58,1.9740810260220096,4.399999999999991,4.999999999999995,0.7142857142857135,0.0,0.0,0.58,6.2,0.5914285714285714,6.561428571428571,-0.6979441547663436,0.7161521883143932
2022-11-18,0.59,6.49,5.2,0,2.0135687975291283,0.58,1.9740810260220096,0.58,1.9740810260220096,6.799999999999991,10.199999999999996,1.4571428571428566,0.010000000000000009,0.29000000000000004,0.5833333333333334,6.296666666666674,0.5914285714285714,6.5614285714285705,-0.6855476064742156,0.7280278011569846
2022-11-19,0.59,6.49,9.6,0,2.0135687975291283,0.59,2.0135687975291283,0.58,1.9740810260220096,15.399999999999991,19.799999999999994,2.828571428571428,0.0,0.0,0.5866666666666666,6.393333333333341,0.5914285714285714,6.5614285714285705,-0.6729490241558331,0.7396888608649665
2022-11-20,0.59,6.49,3.8,0,2.0135687975291283,0.59,2.0135687975291283,0.59,2.0135687975291283,18.59999999999999,22.999999999999993,3.2857142857142847,0.0,0.0,0.59,6.49,0.5914285714285714,6.5614285714285705,-0.6601521206712321,0.7511319308705195
2022-11-21,0.59,6.49,17.0,0,2.0135687975291283,0.59,2.0135687975291283,0.59,2.0135687975291283,30.39999999999999,39.99999999999999,5.7142857142857135,0.0,0.0,0.59,6.49,0.5857142857142856,6.365714285714285,-0.6471606673266065,0.7623536388483899
2022-11-22,0.53,4.91,0.8,0,1.776645831418007,0.59,2.0135687975291283,0.59,2.0135687975291283,21.59999999999999,37.99999999999999,5.428571428571428,-0.05999999999999994,-1.58,0.57,5.963333333333341,0.5785714285714285,6.181428571428571,-0.6339784927628872,0.7733506777097294
2022-11-23,0.24,1.28,0.2,0,0.8241754429663494,0.53,1.776645831418007,0.59,2.0135687975291283,17.99999999999999,37.199999999999996,5.314285714285714,-0.29000000000000004,-3.63,0.45333333333333337,4.226666666666674,0.53,5.478571428571428,-0.6206094818274227,0.7841198065767104
2022-11-24,0.24,1.28,5.4,0,0.8241754429663494,0.24,0.8241754429663494,0.53,1.776645831418007,6.39999999999999,41.99999999999999,5.999999999999999,0.0,0.0,0.33666666666666667,2.4900000000000073,0.4814285714285714,4.775714285714285,-0.607057574429101,0.7946578517376245
2022-11-25,0.24,1.28,0.0,0,0.8241754429663494,0.24,0.8241754429663494,0.24,0.8241754429663494,5.59999999999999,36.8,5.257142857142857,0.0,0.0,0.24,1.28,0.4314285714285714,4.03142857142857,-0.5933267643772321,0.8049617075821958
2022-11-26,0.24,1.28,0.0,0,0.8241754429663494,0.24,0.8241754429663494,0.24,0.8241754429663494,5.39999999999999,27.199999999999996,3.8857142857142852,0.0,0.0,0.24,1.28,0.3814285714285714,3.2871428571428565,-0.5794210982045647,0.8150283375168107
2022-11-27,0.24,1.28,4.0,0,0.8241754429663494,0.24,0.8241754429663494,0.24,0.8241754429663494,3.9999999999999893,27.4,3.914285714285714,0.0,0.0,0.24,1.28,0.33142857142857146,2.542857142857142,-0.5653446739747432,0.8248547748594242
2022-11-28,0.24,1.28,0.8,0,0.8241754429663494,0.24,0.8241754429663494,0.24,0.8241754429663494,4.799999999999989,11.199999999999998,1.5999999999999996,0.0,0.0,0.24,1.28,0.2814285714285714,1.7985714285714278,-0.5511016400745998,0.8344381237138475
2022-11-29,0.25,1.37,0.0,0,0.8628899551470398,0.24,0.8241754429663494,0.24,0.8241754429663494,4.799999999999989,10.399999999999997,1.4857142857142853,0.010000000000000009,0.09000000000000008,0.24333333333333332,1.3100000000000072,0.2414285714285714,1.292857142857142,-0.5366961939916011,0.8437755598231853
2022-11-30,0.25,1.37,0.0,0,0.8628899551470398,0.25,0.8628899551470398,0.24,0.8241754429663494,0.7999999999999894,10.199999999999998,1.4571428571428569,0.0,0.0,0.24666666666666667,1.3400000000000072,0.24285714285714285,1.3057142857142847,-0.5221325810768248,0.8528643314021598
2022-12-01,0.25,1.37,0.0,0,0.8628899551470398,0.25,0.8628899551470398,0.25,0.8628899551470398,0.0,4.799999999999996,0.6857142857142852,0.0,0.0,0.25,1.37,0.24428571428571427,1.3185714285714276,-0.5074150932938463,0.8617017599480677
2022-12-02,0.25,1.37,0.2,0,0.8628899551470398,0.25,0.8628899551470398,0.25,0.8628899551470398,0.19999999999998935,4.9999999999999964,0.7142857142857137,0.0,0.0,0.25,1.37,0.24571428571428572,1.3314285714285705,-0.4925480679538645,0.8702852410301551
2022-12-03,0.25,1.37,1.0,0,0.8628899551470398,0.25,0.8628899551470398,0.25,0.8628899551470398,1.1999999999999893,5.9999999999999964,0.8571428571428567,0.0,0.0,0.25,1.37,0.24714285714285714,1.3442857142857132,-0.47753588643748845,0.8786122450571482
2022-12-04,0.25,1.37,0.0,0,0.8628899551470398,0.25,0.8628899551470398,0.25,0.8628899551470398,1.1999999999999893,1.9999999999999964,0.2857142857142852,0.0,0.0,0.25,1.37,0.24857142857142858,1.357142857142856,-0.4623829729035152,0.8866803180227398
2022-12-05,0.25,1.37,0.0,0,0.8628899551470398,0.25,0.8628899551470398,0.25,0.8628899551470398,0.9999999999999893,1.1999999999999964,0.1714285714285709,0.0,0.0,0.25,1.37,0.25,1.37,-0.44709379298511437,0.8944870822287954
2022-12-06,0.25,1.37,0.4,0,0.8628899551470398,0.25,0.8628899551470398,0.25,0.8628899551470398,0.39999999999998936,1.5999999999999965,0.22857142857142806,0.0,0.0,0.25,1.37,0.25,1.37,-0.43167285247378356,0.9020302369860709
2022-12-07,0.25,1.37,0.4,0,0.8628899551470398,0.25,0.8628899551470398,0.25,0.8628899551470398,0.7999999999999894,1.9999999999999964,0.2857142857142852,0.0,0.0,0.25,1.37,0.25,1.37,-0.4161246959914751,0.9093075592922355
2022-12-08,0.26,1.46,3.6,0,0.9001613499442714,0.25,0.8628899551470398,0.25,0.8628899551470398,4.39999999999999,5.599999999999996,0.7999999999999995,0.010000000000000009,0.08999999999999986,0.25333333333333335,1.4000000000000072,0.25142857142857145,1.382857142857142,-0.4004539056512665,0.9163169044870048
2022-12-09,0.27,1.56,3.0,0,0.9400072584914712,0.26,0.9001613499442714,0.25,0.8628899551470398,6.999999999999989,8.399999999999997,1.1999999999999995,0.010000000000000009,0.10000000000000009,0.26,1.4633333333333407,0.2542857142857143,1.409999999999999,-0.3846650997070013,0.923056206884176
2022-12-10,0.25,1.37,0.0,0,0.8628899551470398,0.27,0.9400072584914712,0.26,0.9001613499442714,6.599999999999989,7.399999999999997,1.0571428571428567,-0.020000000000000018,-0.18999999999999995,0.26,1.4633333333333407,0.2542857142857143,1.409999999999999,-0.3687629311922604,0.9295234803804002
2022-12-11,0.25,1.37,0.4,0,0.8628899551470398,0.25,0.8628899551470398,0.27,0.9400072584914712,3.3999999999999893,7.799999999999996,1.1142857142857137,0.0,0.0,0.25666666666666665,1.4333333333333407,0.2542857142857143,1.409999999999999,-0.3527520865490943,0.9357168190404939
2022-12-12,0.25,1.37,10.8,0,0.8628899551470398,0.25,0.8628899551470398,0.25,0.8628899551470398,11.19999999999999,18.599999999999998,2.657142857142857,0.0,0.0,0.25,1.37,0.2542857142857143,1.409999999999999,-0.3366372842469107,0.9416343976591258
2022-12-13,0.25,1.37,2.2,0,0.8628899551470398,0.25,0.8628899551470398,0.25,0.8628899551470398,13.399999999999991,20.4,2.914285714285714,0.0,0.0,0.25,1.37,0.2542857142857143,1.409999999999999,-0.3204232733919109,0.947274472298717
2022-12-14,0.25,1.37,9.2,0,0.8628899551470398,0.25,0.8628899551470398,0.25,0.8628899551470398,22.19999999999999,29.199999999999996,4.171428571428571,0.0,0.0,0.25,1.37,0.2542857142857143,1.409999999999999,-0.30411483232751857,0.9526353808033823
2022-12-15,0.25,1.37,6.4,0,0.8628899551470398,0.25,0.8628899551470398,0.25,0.8628899551470398,17.79999999999999,32.0,4.571428571428571,0.0,0.0,0.25,1.37,0.25285714285714284,1.3971428571428564,-0.28771676722616696,0.9577155432887803
2022-12-16,0.25,1.37,0.0,0,0.8628899551470398,0.25,0.8628899551470398,0.25,0.8628899551470398,15.59999999999999,29.0,4.142857142857143,0.0,0.0,0.25,1.37,0.25,1.37,-0.27123391067291097,0.9625134626077079
2022-12-17,0.25,1.37,0.2,0,0.8628899551470398,0.25,0.8628899551470398,0.25,0.8628899551470398,6.599999999999992,29.2,4.171428571428572,0.0,0.0,0.25,1.37,0.25,1.37,-0.25467112024122895,0.9670277247913203
2022-12-18,0.25,1.37,0.0,0,0.8628899551470398,0.25,0.8628899551470398,0.25,0.8628899551470398,0.19999999999999113,28.799999999999997,4.114285714285714,0.0,0.0,0.25,1.37,0.25,1.37,-0.23803327706148678,0.9712569994658311
2022-12-19,0.25,1.37,0.2,0,0.8628899551470398,0.25,0.8628899551470398,0.25,0.8628899551470398,0.39999999999999114,18.199999999999996,2.599999999999999,0.0,0.0,0.25,1.37,0.25,1.37,-0.22132528438243296,0.9752000402445824
2022-12-20,0.25,1.37,4.6,0,0.8628899551470398,0.25,0.8628899551470398,0.25,0.8628899551470398,4.799999999999991,20.599999999999994,2.942857142857142,0.0,0.0,0.25,1.37,0.25,1.37,-0.2045520661262005,0.9788556850953579
2022-12-21,0.62,7.5,0.0,0,2.1400661634962708,0.25,0.8628899551470398,0.25,0.8628899551470398,4.799999999999991,11.399999999999997,1.6285714285714281,0.37,6.13,0.37333333333333335,3.4133333333333407,0.3028571428571429,2.2457142857142847,-0.1877185654371994,0.9822228566828405
2022-12-22,0.24,1.28,0.0,0,0.8241754429663494,0.62,2.1400661634962708,0.25,0.8628899551470398,4.599999999999991,4.9999999999999964,0.7142857142857137,-0.38,-6.22,0.36999999999999994,3.3833333333333404,0.30142857142857143,2.2328571428571418,-0.17082974322534408,0.985300562686109
2022-12-23,0.24,1.28,0.0,0,0.8241754429663494,0.24,0.8241754429663494,0.62,2.1400661634962708,0.0,4.9999999999999964,0.7142857142857137,0.0,0.0,0.3666666666666667,3.3533333333333406,0.3,2.2199999999999993,-0.1538905767040627,0.9880878960910771
2022-12-24,0.24,1.28,0.0,0,0.8241754429663494,0.24,0.8241754429663494,0.24,0.8241754429663494,0.0,4.799999999999996,0.6857142857142852,0.0,0.0,0.24,1.28,0.29857142857142854,2.2071428571428564,-0.1369060579234754,0.9905840354577969
2022-12-25,0.24,1.28,0.2,0,0.8241754429663494,0.24,0.8241754429663494,0.24,0.8241754429663494,0.19999999999999113,4.9999999999999964,0.7142857142857137,0.0,0.0,0.24,1.28,0.29714285714285715,2.1942857142857135,-0.1198811922992275,0.99278824516254
2022-12-26,0.24,1.28,0.0,0,0.8241754429663494,0.24,0.8241754429663494,0.24,0.8241754429663494,0.19999999999999113,4.799999999999996,0.6857142857142852,0.0,0.0,0.24,1.28,0.2957142857142857,2.18142857142857,-0.1028209971373608,0.9946998756145891
2022-12-27,0.24,1.28,0.0,0,0.8241754429663494,0.24,0.8241754429663494,0.24,0.8241754429663494,0.19999999999999113,0.19999999999999646,0.028571428571428064,0.0,0.0,0.24,1.28,0.2942857142857143,2.1685714285714277,-0.08573050015569487,0.9963183634476755
2022-12-28,0.24,1.28,0.4,0,0.8241754429663494,0.24,0.8241754429663494,0.24,0.8241754429663494,0.39999999999999114,0.5999999999999965,0.08571428571428522,0.0,0.0,0.24,1.28,0.24,1.28,-0.06861473800213468,0.9976432316860063
2022-12-29,0.24,1.28,5.0,0,0.8241754429663494,0.24,0.8241754429663494,0.24,0.8241754429663494,5.3999999999999915,5.599999999999996,0.7999999999999995,0.0,0.0,0.24,1.28,0.24,1.28,-0.05147875477034641,0.9986740898848305
2022-12-30,0.24,1.28,0.0,0,0.8241754429663494,0.24,0.8241754429663494,0.24,0.8241754429663494,5.3999999999999915,5.599999999999996,0.7999999999999995,0.0,0.0,0.24,1.28,0.24,1.28,-0.034327600513243496,0.9994106342455052
2022-12-31,0.26,1.46,2.6,0,0.9001613499442714,0.24,0.8241754429663494,0.24,0.8241754429663494,7.599999999999991,8.199999999999996,1.1714285714285708,0.020000000000000018,0.17999999999999994,0.24666666666666667,1.340000000000007,0.24285714285714288,1.3057142857142847,-0.017166329754707492,0.9998526477050269
2023-01-01,0.25,1.37,8.2,0,0.8628899551470398,0.26,0.9001613499442714,0.24,0.8241754429663494,10.79999999999999,16.199999999999996,2.3142857142857136,-0.010000000000000009,-0.08999999999999986,0.25,1.3700000000000072,0.24428571428571427,1.3185714285714276,0.01716632975470737,0.9998526477050269
2023-01-02,0.25,1.37,0.0,0,0.8628899551470398,0.25,0.8628899551470398,0.26,0.9001613499442714,10.79999999999999,16.199999999999996,2.3142857142857136,0.0,0.0,0.25333333333333335,1.4000000000000072,0.24571428571428575,1.3314285714285705,0.034327600513243496,0.9994106342455052
2023-01-03,0.24,1.28,0.0,0,0.8241754429663494,0.25,0.8628899551470398,0.25,0.8628899551470398,8.19999999999999,16.199999999999996,2.3142857142857136,-0.010000000000000009,-0.09000000000000008,0.24666666666666667,1.340000000000007,0.2457142857142857,1.3314285714285705,0.05147875477034653,0.9986740898848305
2023-01-04,0.24,1.28,0.2,0,0.8241754429663494,0.24,0.8241754429663494,0.25,0.8628899551470398,0.19999999999999113,15.999999999999995,2.285714285714285,0.0,0.0,0.24333333333333332,1.310000000000007,0.24571428571428575,1.3314285714285705,0.06861473800213404,0.9976432316860063
2023-01-05,0.26,1.46,0.0,0,0.9001613499442714,0.24,0.8241754429663494,0.24,0.8241754429663494,0.19999999999999113,10.999999999999996,1.571428571428571,0.020000000000000018,0.17999999999999994,0.24666666666666667,1.340000000000007,0.24857142857142853,1.357142857142856,0.08573050015569435,0.9963183634476755
2023-01-06,0.25,1.37,0.0,0,0.8628899551470398,0.26,0.9001613499442714,0.24,0.8241754429663494,0.19999999999999113,10.999999999999996,1.571428571428571,-0.010000000000000009,-0.08999999999999986,0.25,1.3700000000000072,0.25,1.3699999999999992,0.1028209971373604,0.9946998756145891
2023-01-07,0.25,1.37,2.6,0,0.8628899551470398,0.25,0.8628899551470398,0.26,0.9001613499442714,2.599999999999991,10.999999999999996,1.571428571428571,0.0,0.0,0.25333333333333335,1.4000000000000072,0.24857142857142853,1.357142857142856,0.11988119229922722,0.99278824516254
2023-01-08,0.27,1.56,3.2,0,0.9400072584914712,0.25,0.8628899551470398,0.25,0.8628899551470398,5.799999999999992,5.9999999999999964,0.8571428571428567,0.020000000000000018,0.18999999999999995,0.25666666666666665,1.4333333333333405,0.2514285714285714,1.3842857142857135,0.13690605792347524,0.990584035457797
2023-01-09,0.25,1.37,0.0,0,0.8628899551470398,0.27,0.9400072584914712,0.25,0.8628899551470398,5.799999999999992,5.9999999999999964,0.8571428571428567,-0.020000000000000018,-0.18999999999999995,0.25666666666666665,1.4333333333333405,0.2514285714285714,1.3842857142857132,0.15389057670406178,0.9880878960910772
2023-01-10,0.25,1.37,5.8,0,0.8628899551470398,0.25,0.8628899551470398,0.27,0.9400072584914712,8.999999999999991,11.799999999999997,1.6857142857142853,0.0,0.0,0.25666666666666665,1.4333333333333405,0.25285714285714284,1.3971428571428564,0.17082974322534417,0.985300562686109
2023-01-11,0.26,1.46,0.4,0,0.9001613499442714,0.25,0.8628899551470398,0.25,0.8628899551470398,6.199999999999991,11.999999999999998,1.714285714285714,0.010000000000000009,0.08999999999999986,0.25333333333333335,1.4000000000000072,0.2557142857142857,1.4228571428571417,0.1877185654371987,0.9822228566828407
2023-01-12,0.32,2.05,0.0,0,1.1151415906193203,0.26,0.9001613499442714,0.25,0.8628899551470398,6.199999999999991,11.999999999999998,1.714285714285714,0.06,0.5899999999999999,0.27666666666666667,1.6266666666666738,0.2642857142857143,1.5071428571428562,0.2045520661262008,0.9788556850953578
2023-01-13,0.25,1.37,0.0,0,0.8628899551470398,0.32,1.1151415906193203,0.26,0.9001613499442714,0.39999999999999114,11.999999999999998,1.714285714285714,-0.07,-0.6799999999999997,0.27666666666666667,1.6266666666666738,0.2642857142857143,1.5071428571428562,0.22132528438243257,0.9752000402445825
2023-01-14,0.25,1.37,5.4,0,0.8628899551470398,0.25,0.8628899551470398,0.32,1.1151415906193203,5.3999999999999915,14.799999999999997,2.114285714285714,0.0,0.0,0.2733333333333334,1.5966666666666738,0.2642857142857143,1.5071428571428562,0.2380332770614856,0.9712569994658314
2023-01-15,0.25,1.37,3.0,0,0.8628899551470398,0.25,0.8628899551470398,0.25,0.8628899551470398,8.399999999999991,14.599999999999998,2.0857142857142854,0.0,0.0,0.25,1.37,0.26142857142857145,1.4799999999999989,0.2546711202412287,0.9670277247913204
2023-01-16,0.26,1.46,12.4,0,0.9001613499442714,0.25,0.8628899551470398,0.25,0.8628899551470398,20.79999999999999,27.0,3.857142857142857,0.010000000000000009,0.08999999999999986,0.25333333333333335,1.4000000000000072,0.26285714285714284,1.492857142857142,0.27123391067291003,0.9625134626077081
2023-01-17,0.25,1.37,0.4,0,0.8628899551470398,0.26,0.9001613499442714,0.25,0.8628899551470398,15.799999999999992,21.599999999999998,3.0857142857142854,-0.010000000000000009,-0.08999999999999986,0.25333333333333335,1.4000000000000072,0.26285714285714284,1.4928571428571418,0.287716767226167,0.9577155432887803
2023-01-18,0.25,1.37,0.4,0,0.8628899551470398,0.25,0.8628899551470398,0.26,0.9001613499442714,13.199999999999992,21.599999999999998,3.0857142857142854,0.0,0.0,0.25333333333333335,1.4000000000000072,0.26142857142857145,1.479999999999999,0.30411483232751785,0.9526353808033826
2023-01-19,0.26,1.46,3.0,0,0.9001613499442714,0.25,0.8628899551470398,0.25,0.8628899551470398,3.799999999999991,24.599999999999998,3.514285714285714,0.010000000000000009,0.08999999999999986,0.25333333333333335,1.4000000000000072,0.25285714285714284,1.3957142857142846,0.3204232733919111,0.9472744722987169
2023-01-20,0.27,1.56,0.0,0,0.9400072584914712,0.26,0.9001613499442714,0.25,0.8628899551470398,3.399999999999991,24.599999999999998,3.514285714285714,0.010000000000000009,0.10000000000000009,0.26,1.4633333333333407,0.2557142857142857,1.4228571428571417,0.33663728424691025,0.9416343976591259
2023-01-21,0.26,1.46,0.2,0,0.9001613499442714,0.27,0.9400072584914712,0.26,0.9001613499442714,3.1999999999999913,19.399999999999995,2.771428571428571,-0.010000000000000009,-0.10000000000000009,0.26333333333333336,1.4933333333333405,0.2571428571428572,1.4357142857142848,0.3527520865490948,0.9357168190404936
2023-01-22,0.26,1.46,0.0,0,0.9001613499442714,0.26,0.9001613499442714,0.27,0.9400072584914712,0.19999999999999113,16.399999999999995,2.342857142857142,0.0,0.0,0.26333333333333336,1.4933333333333405,0.25857142857142856,1.4485714285714273,0.3687629311922601,0.9295234803804003
2023-01-23,0.25,1.37,0.0,0,0.8628899551470398,0.26,0.9001613499442714,0.26,0.9001613499442714,0.19999999999999113,3.9999999999999964,0.571428571428571,-0.010000000000000009,-0.08999999999999986,0.25666666666666665,1.430000000000007,0.2571428571428572,1.4357142857142848,0.3846650997070012,0.9230562068841761
2023-01-24,0.25,1.37,3.4,0,0.8628899551470398,0.25,0.8628899551470398,0.26,0.9001613499442714,3.399999999999991,6.9999999999999964,0.9999999999999994,0.0,0.0,0.25333333333333335,1.4000000000000072,0.2571428571428572,1.4357142857142846,0.40045390565126643,0.9163169044870048
2023-01-25,0.25,1.37,5.8,0,0.8628899551470398,0.25,0.8628899551470398,0.25,0.8628899551470398,9.19999999999999,12.399999999999995,1.7714285714285707,0.0,0.0,0.25,1.37,0.2571428571428572,1.4357142857142848,0.41612469599147445,0.9093075592922358
2023-01-26,0.26,1.46,4.4,0,0.9001613499442714,0.25,0.8628899551470398,0.25,0.8628899551470398,13.59999999999999,13.799999999999997,1.971428571428571,0.010000000000000009,0.08999999999999986,0.25333333333333335,1.4000000000000072,0.2571428571428572,1.4357142857142846,0.43167285247378384,0.9020302369860707
2023-01-27,0.26,1.46,6.0,0,0.9001613499442714,0.26,0.9001613499442714,0.25,0.8628899551470398,16.199999999999992,19.799999999999997,2.8285714285714283,0.0,0.0,0.25666666666666665,1.430000000000007,0.2557142857142857,1.4214285714285706,0.44709379298511387,0.8944870822287956
2023-01-28,0.26,1.46,5.0,0,0.9001613499442714,0.26,0.9001613499442714,0.26,0.9001613499442714,15.399999999999991,24.599999999999998,3.514285714285714,0.0,0.0,0.26,1.46,0.2557142857142857,1.4214285714285704,0.4623829729035149,0.88668031802274
2023-01-29,0.25,1.37,3.2,0,0.8628899551470398,0.26,0.9001613499442714,0.26,0.9001613499442714,14.199999999999992,27.799999999999997,3.971428571428571,-0.010000000000000009,-0.08999999999999986,0.25666666666666665,1.430000000000007,0.2542857142857143,1.4085714285714277,0.47753588643748823,0.8786122450571483
2023-01-30,0.25,1.37,1.6,0,0.8628899551470398,0.25,0.8628899551470398,0.26,0.9001613499442714,9.799999999999992,29.4,4.2,0.0,0.0,0.25333333333333335,1.4000000000000072,0.2542857142857143,1.4085714285714275,0.4925480679538643,0.8702852410301553
2023-01-31,0.25,1.37,0.2,0,0.8628899551470398,0.25,0.8628899551470398,0.25,0.8628899551470398,4.999999999999992,26.199999999999996,3.7428571428571424,0.0,0.0,0.25,1.37,0.2542857142857143,1.4085714285714277,0.5074150932938455,0.8617017599480682
2023-02-01,0.25,1.37,0.4,0,0.8628899551470398,0.25,0.8628899551470398,0.25,0.8628899551470398,2.199999999999992,20.799999999999997,2.971428571428571,0.0,0.0,0.25,1.37,0.2542857142857143,1.4085714285714275,0.5221325810768248,0.8528643314021597
2023-02-02,0.26,1.46,0.0,0,0.9001613499442714,0.25,0.8628899551470398,0.25,0.8628899551470398,0.5999999999999921,16.399999999999995,2.342857142857142,0.010000000000000009,0.08999999999999986,0.25333333333333335,1.4000000000000072,0.2542857142857143,1.4085714285714277,0.5366961939916004,0.8437755598231856
2023-02-03,0.26,1.46,0.0,0,0.9001613499442714,0.26,0.9001613499442714,0.25,0.8628899551470398,0.39999999999999203,10.399999999999995,1.485714285714285,0.0,0.0,0.25666666666666665,1.430000000000007,0.2542857142857143,1.4085714285714275,0.5511016400746002,0.8344381237138473
2023-02-04,0.25,1.37,0.0,0,0.8628899551470398,0.26,0.9001613499442714,0.26,0.9001613499442714,0.0,5.399999999999996,0.7714285714285708,-0.010000000000000009,-0.08999999999999986,0.25666666666666665,1.430000000000007,0.25285714285714284,1.3957142857142848,0.5653446739747429,0.8248547748594244
2023-02-05,0.25,1.37,0.0,0,0.8628899551470398,0.25,0.8628899551470398,0.26,0.9001613499442714,0.0,2.1999999999999957,0.31428571428571367,0.0,0.0,0.25333333333333335,1.4000000000000072,0.25285714285714284,1.3957142857142846,0.5794210982045637,0.8150283375168114
2023-02-06,0.25,1.37,0.0,0,0.8628899551470398,0.25,0.8628899551470398,0.25,0.8628899551470398,0.0,0.5999999999999956,0.08571428571428509,0.0,0.0,0.25,1.37,0.25285714285714284,1.3957142857142848,0.593326764377232,0.8049617075821959
2023-02-07,0.25,1.37,1.8,0,0.8628899551470398,0.25,0.8628899551470398,0.25,0.8628899551470398,1.799999999999992,2.1999999999999957,0.31428571428571367,0.0,0.0,0.25,1.37,0.25285714285714284,1.3957142857142846,0.6070575744291002,0.7946578517376252
2023-02-08,0.26,1.46,0.0,0,0.9001613499442714,0.25,0.8628899551470398,0.25,0.8628899551470398,1.799999999999992,1.7999999999999958,0.25714285714285656,0.010000000000000009,0.08999999999999986,0.25333333333333335,1.4000000000000072,0.2542857142857143,1.4085714285714277,0.6206094818274227,0.7841198065767104
2023-02-09,0.25,1.37,0.0,0,0.8628899551470398,0.26,0.9001613499442714,0.25,0.8628899551470398,1.799999999999992,1.7999999999999958,0.25714285714285656,-0.010000000000000009,-0.08999999999999986,0.25333333333333335,1.4000000000000072,0.25285714285714284,1.3957142857142846,0.6339784927628866,0.7733506777097299
2023-02-10,0.25,1.37,0.2,0,0.8628899551470398,0.25,0.8628899551470398,0.26,0.9001613499442714,0.19999999999999202,1.9999999999999958,0.2857142857142851,0.0,0.0,0.25333333333333335,1.4000000000000072,0.25142857142857145,1.3828571428571421,0.647160667326606,0.7623536388483904
2023-02-11,0.25,1.37,0.0,0,0.8628899551470398,0.25,0.8628899551470398,0.25,0.8628899551470398,0.19999999999999202,1.9999999999999956,0.2857142857142851,0.0,0.0,0.25,1.37,0.25142857142857145,1.382857142857142,0.6601521206712317,0.7511319308705199
2023-02-12,0.25,1.37,0.0,0,0.8628899551470398,0.25,0.8628899551470398,0.25,0.8628899551470398,0.19999999999999202,1.9999999999999956,0.2857142857142851,0.0,0.0,0.25,1.37,0.25142857142857145,1.3828571428571421,0.6729490241558329,0.7396888608649668
2023-02-13,0.25,1.37,0.0,0,0.8628899551470398,0.25,0.8628899551470398,0.25,0.8628899551470398,0.0,1.9999999999999956,0.2857142857142851,0.0,0.0,0.25,1.37,0.25142857142857145,1.382857142857142,0.6855476064742154,0.7280278011569848
2023-02-14,0.25,1.37,0.0,0,0.8628899551470398,0.25,0.8628899551470398,0.25,0.8628899551470398,0.0,0.1999999999999958,0.02857142857142797,0.0,0.0,0.25,1.37,0.25142857142857145,1.3828571428571421,0.6979441547663435,0.7161521883143933
2023-02-15,0.25,1.37,0.0,0,0.8628899551470398,0.25,0.8628899551470398,0.25,0.8628899551470398,0.0,0.1999999999999958,0.02857142857142797,0.0,0.0,0.25,1.37,0.25,1.37,0.7101350157125358,0.7040655221348057
2023-02-16,0.25,1.37,0.0,0,0.8628899551470398,0.25,0.8628899551470398,0.25,0.8628899551470398,0.0,0.1999999999999958,0.02857142857142797,0.0,0.0,0.25,1.37,0.25,1.37,0.7221165966101162,0.6917713646142218
2023-02-17,0.25,1.37,0.0,0,0.8628899551470398,0.25,0.8628899551470398,0.25,0.8628899551470398,0.0,0.0,0.0,0.0,0.0,0.25,1.37,0.25,1.37,0.733885366432199,0.6792733388972931
2023-02-18,0.25,1.37,0.0,0,0.8628899551470398,0.25,0.8628899551470398,0.25,0.8628899551470398,0.0,0.0,0.0,0.0,0.0,0.25,1.37,0.25,1.37,0.7454378568683001,0.6665751282095632
2023-02-19,0.25,1.37,0.0,0,0.8628899551470398,0.25,0.8628899551470398,0.25,0.8628899551470398,0.0,0.0,0.0,0.0,0.0,0.25,1.37,0.25,1.37,0.7567706633464626,0.653680474772006
2023-02-20,0.25,1.37,0.0,0,0.8628899551470398,0.25,0.8628899551470398,0.25,0.8628899551470398,0.0,0.0,0.0,0.0,0.0,0.25,1.37,0.25,1.37,0.7678804460366,0.6405931786981751
2023-02-21,0.25,1.37,0.0,0,0.8628899551470398,0.25,0.8628899551470398,0.25,0.8628899551470398,0.0,0.0,0.0,0.0,0.0,0.25,1.37,0.25,1.37,0.7787639308347607,0.6273170968742937
2023-02-22,0.25,1.37,11.6,0,0.8628899551470398,0.25,0.8628899551470398,0.25,0.8628899551470398,11.59999999999999,11.599999999999996,1.6571428571428566,0.0,0.0,0.25,1.37,0.25,1.37,0.7894179103280197,0.613856141822612
2023-02-23,0.25,1.37,3.6,0,0.8628899551470398,0.25,0.8628899551470398,0.25,0.8628899551470398,15.199999999999992,15.199999999999996,2.171428571428571,0.0,0.0,0.25,1.37,0.25,1.37,0.7998392447397193,0.6002142805483682
2023-02-24,0.25,1.37,5.2,0,0.8628899551470398,0.25,0.8628899551470398,0.25,0.8628899551470398,20.39999999999999,20.4,2.914285714285714,0.0,0.0,0.25,1.37,0.25,1.37,0.8100248628547753,0.5863955333706956
2023-02-25,0.25,1.37,1.0,0,0.8628899551470398,0.25,0.8628899551470398,0.25,0.8628899551470398,9.799999999999994,21.4,3.057142857142857,0.0,0.0,0.25,1.37,0.25,1.37,0.8199717629247771,0.5724039727378148
2023-02-26,0.25,1.37,0.4,0,0.8628899551470398,0.25,0.8628899551470398,0.25,0.8628899551470398,6.599999999999994,21.799999999999997,3.114285714285714,0.0,0.0,0.25,1.37,0.25,1.37,0.8296770135526188,0.5582437220268648
2023-02-27,0.26,1.46,0.0,0,0.9001613499442714,0.25,0.8628899551470398,0.25,0.8628899551470398,1.3999999999999928,21.799999999999997,3.114285714285714,0.010000000000000009,0.08999999999999986,0.25333333333333335,1.4000000000000072,0.25142857142857145,1.382857142857142,0.8391377545563938,0.5439189543287247
2023-02-28,0.25,1.37,0.2,0,0.8628899551470398,0.26,0.9001613499442714,0.25,0.8628899551470398,0.599999999999993,21.999999999999996,3.1428571428571423,-0.010000000000000009,-0.08999999999999986,0.25333333333333335,1.4000000000000072,0.25142857142857145,1.3828571428571421,0.8483511978123038,0.5294338912181853
2023-03-01,0.25,1.37,0.2,0,0.8628899551470398,0.25,0.8628899551470398,0.26,0.9001613499442714,0.3999999999999929,10.599999999999998,1.514285714285714,0.0,0.0,0.25333333333333335,1.4000000000000072,0.25142857142857145,1.382857142857142,0.8573146280763322,0.5147928015098309
2023-03-02,0.25,1.37,0.0,0,0.8628899551470398,0.25,0.8628899551470398,0.25,0.8628899551470398,0.3999999999999929,6.999999999999997,0.9999999999999997,0.0,0.0,0.25,1.37,0.25142857142857145,1.3828571428571421,0.8660254037844386,0.5000000000000001
2023-03-03,0.25,1.37,1.0,0,0.8628899551470398,0.25,0.8628899551470398,0.25,0.8628899551470398,1.1999999999999929,2.7999999999999963,0.39999999999999947,0.0,0.0,0.25,1.37,0.25142857142857145,1.382857142857142,0.8744809578310397,0.4850598461951962
2023-03-04,0.25,1.37,0.0,0,0.8628899551470398,0.25,0.8628899551470398,0.25,0.8628899551470398,0.9999999999999929,1.7999999999999965,0.2571428571428566,0.0,0.0,0.25,1.37,0.25142857142857145,1.3828571428571421,0.8826787983255474,0.46997674302731995
2023-03-05,0.25,1.37,0.0,0,0.8628899551470398,0.25,0.8628899551470398,0.25,0.8628899551470398,0.9999999999999929,1.3999999999999964,0.19999999999999948,0.0,0.0,0.25,1.37,0.25142857142857145,1.382857142857142,0.8906165093267404,0.4547551355561058
2023-03-06,0.25,1.37,0.0,0,0.8628899551470398,0.25,0.8628899551470398,0.25,0.8628899551470398,0.0,1.3999999999999964,0.19999999999999948,0.0,0.0,0.25,1.37,0.25,1.37,0.8982917515547528,0.4393995096591417
2023-03-07,0.25,1.37,0.4,0,0.8628899551470398,0.25,0.8628899551470398,0.25,0.8628899551470398,0.3999999999999929,1.5999999999999965,0.22857142857142806,0.0,0.0,0.25,1.37,0.25,1.37,0.9057022630804714,0.42391439070986076
2023-03-08,0.25,1.37,4.6,0,0.8628899551470398,0.25,0.8628899551470398,0.25,0.8628899551470398,4.999999999999993,5.9999999999999964,0.8571428571428567,0.0,0.0,0.25,1.37,0.25,1.37,0.9128458599921356,0.40830434224389334
2023-03-09,0.25,1.37,0.0,0,0.8628899551470398,0.25,0.8628899551470398,0.25,0.8628899551470398,4.999999999999993,5.9999999999999964,0.8571428571428567,0.0,0.0,0.25,1.37,0.25,1.37,0.9197204370389467,0.3925739646141717
2023-03-10,0.25,1.37,0.0,0,0.8628899551470398,0.25,0.8628899551470398,0.25,0.8628899551470398,4.5999999999999925,4.9999999999999964,0.7142857142857137,0.0,0.0,0.25,1.37,0.25,1.37,0.926323968251495,0.3767278936351851
2023-03-11,0.25,1.37,2.0,0,0.8628899551470398,0.25,0.8628899551470398,0.25,0.8628899551470398,1.999999999999993,6.9999999999999964,0.9999999999999994,0.0,0.0,0.25,1.37,0.25,1.37,0.9326545075388224,0.36077079921678346
2023-03-12,0.25,1.37,0.0,0,0.8628899551470398,0.25,0.8628899551470398,0.25,0.8628899551470398,1.999999999999993,6.9999999999999964,0.9999999999999994,0.0,0.0,0.25,1.37,0.25,1.37,0.9387101892619443,0.3447073839879338
2023-03-13,0.25,1.37,0.2,0,0.8628899551470398,0.25,0.8628899551470398,0.25,0.8628899551470398,2.199999999999993,7.199999999999997,1.028571428571428,0.0,0.0,0.25,1.37,0.25,1.37,0.9444892287836613,0.32854238191083485
2023-03-14,0.25,1.37,0.0,0,0.8628899551470398,0.25,0.8628899551470398,0.25,0.8628899551470398,0.1999999999999929,6.799999999999996,0.9714285714285709,0.0,0.0,0.25,1.37,0.25,1.37,0.949989922994501,0.3122805568857947
2023-03-15,0.26,1.46,0.0,0,0.9001613499442714,0.25,0.8628899551470398,0.25,0.8628899551470398,0.1999999999999929,2.1999999999999966,0.3142857142857138,0.010000000000000009,0.08999999999999986,0.25333333333333335,1.4000000000000072,0.25142857142857145,1.382857142857142,0.9552106508146316,0.2959267013472893
2023-03-16,0.26,1.46,0.0,0,0.9001613499442714,0.26,0.9001613499442714,0.25,0.8628899551470398,0.0,2.1999999999999966,0.3142857142857138,0.0,0.0,0.25666666666666665,1.430000000000007,0.25285714285714284,1.3957142857142848,0.9601498736716018,0.2794856348516095
2023-03-17,0.26,1.46,1.6,0,0.9001613499442714,0.26,0.9001613499442714,0.26,0.9001613499442714,1.599999999999993,3.7999999999999963,0.5428571428571424,0.0,0.0,0.26,1.46,0.2542857142857143,1.4085714285714275,0.9648061359537645,0.2629622026565149
2023-03-18,0.26,1.46,3.0,0,0.9001613499442714,0.26,0.9001613499442714,0.26,0.9001613499442714,4.5999999999999925,4.799999999999996,0.6857142857142852,0.0,0.0,0.26,1.46,0.2557142857142857,1.4214285714285706,0.9691780654392536,0.2463612742933148
2023-03-19,0.26,1.46,0.0,0,0.9001613499442714,0.26,0.9001613499442714,0.26,0.9001613499442714,4.5999999999999925,4.799999999999996,0.6857142857142852,0.0,0.0,0.26,1.46,0.2571428571428572,1.434285714285713,0.9732643737003824,0.22968774213179574
2023-03-20,0.26,1.46,0.0,0,0.9001613499442714,0.26,0.9001613499442714,0.26,0.9001613499442714,2.999999999999993,4.599999999999996,0.6571428571428566,0.0,0.0,0.26,1.46,0.25857142857142856,1.4471428571428562,0.9770638564833508,0.21294651993841582
2023-03-21,0.26,1.46,0.0,0,0.9001613499442714,0.26,0.9001613499442714,0.26,0.9001613499442714,0.0,4.599999999999996,0.6571428571428566,0.0,0.0,0.26,1.46,0.26,1.46,0.9805753940631429,0.19614254142819698
2023-03-22,0.25,1.37,0.0,0,0.8628899551470398,0.26,0.9001613499442714,0.26,0.9001613499442714,0.0,4.599999999999996,0.6571428571428566,-0.010000000000000009,-0.08999999999999986,0.25666666666666665,1.430000000000007,0.25857142857142856,1.4471428571428562,0.9837979515735163,0.17928075881073577
2023-03-23,0.25,1.37,0.0,0,0.8628899551470398,0.25,0.8628899551470398,0.26,0.9001613499442714,0.0,4.599999999999996,0.6571428571428566,0.0,0.0,0.25333333333333335,1.4000000000000072,0.2571428571428572,1.434285714285713,0.9867305793119814,0.162366141330764
2023-03-24,0.25,1.37,0.2,0,0.8628899551470398,0.25,0.8628899551470398,0.25,0.8628899551470398,0.1999999999999929,3.1999999999999966,0.4571428571428567,0.0,0.0,0.25,1.37,0.2557142857142857,1.4214285714285706,0.989372413019683,0.14540367380368976
2023-03-25,0.26,1.46,0.0,0,0.9001613499442714,0.25,0.8628899551470398,0.25,0.8628899551470398,0.1999999999999929,0.19999999999999646,0.028571428571428064,0.010000000000000009,0.08999999999999986,0.25333333333333335,1.4000000000000072,0.2557142857142857,1.4214285714285704,0.9917226741361015,0.12839835514655099
2023-03-26,0.26,1.46,0.0,0,0.9001613499442714,0.26,0.9001613499442714,0.25,0.8628899551470398,0.1999999999999929,0.19999999999999646,0.028571428571428064,0.0,0.0,0.25666666666666665,1.430000000000007,0.2557142857142857,1.4214285714285706,0.9937806700284985,0.11135519690480875
2023-03-27,0.25,1.37,0.0,0,0.8628899551470398,0.26,0.9001613499442714,0.26,0.9001613499442714,0.0,0.19999999999999646,0.028571428571428064,-0.010000000000000009,-0.08999999999999986,0.25666666666666665,1.430000000000007,0.2542857142857143,1.4085714285714275,0.9955457941960382,0.09427922177542453
2023-03-28,0.25,1.37,0.0,0,0.8628899551470398,0.25,0.8628899551470398,0.26,0.9001613499442714,0.0,0.19999999999999646,0.028571428571428064,0.0,0.0,0.25333333333333335,1.4000000000000072,0.25285714285714284,1.3957142857142848,0.9970175264485267,0.07717546212664653
2023-03-29,0.26,1.46,0.0,0,0.9001613499442714,0.25,0.8628899551470398,0.25,0.8628899551470398,0.0,0.19999999999999646,0.028571428571428064,0.010000000000000009,0.08999999999999986,0.25333333333333335,1.4000000000000072,0.2542857142857143,1.4085714285714275,0.998195433059714,0.0600489585149486
2023-03-30,0.25,1.37,0.0,0,0.8628899551470398,0.26,0.9001613499442714,0.25,0.8628899551470398,0.0,0.19999999999999646,0.028571428571428064,-0.010000000000000009,-0.08999999999999986,0.25333333333333335,1.4000000000000072,0.2542857142857143,1.4085714285714277,0.9990791668951153,0.042904758199554374
2023-03-31,0.25,1.37,0.0,0,0.8628899551470398,0.25,0.8628899551470398,0.26,0.9001613499442714,0.0,0.0,0.0,0.0,0.0,0.25333333333333335,1.4000000000000072,0.2542857142857143,1.4085714285714275,0.999668467514313,0.025747913654988658
2023-04-01,0.26,1.46,0.2,0,0.9001613499442714,0.25,0.8628899551470398,0.25,0.8628899551470398,0.1999999999999929,0.19999999999999646,0.028571428571428064,0.010000000000000009,0.08999999999999986,0.25333333333333335,1.4000000000000072,0.2542857142857143,1.4085714285714277,0.9999631612477099,0.008583481082087055
2023-04-02,0.26,1.46,0.6,0,0.9001613499442714,0.26,0.9001613499442714,0.25,0.8628899551470398,0.7999999999999929,0.7999999999999965,0.11428571428571378,0.0,0.0,0.25666666666666665,1.430000000000007,0.2542857142857143,1.4085714285714275,0.9999631612477099,-0.008583481082086933
2023-04-03,0.26,1.46,0.0,0,0.9001613499442714,0.26,0.9001613499442714,0.26,0.9001613499442714,0.7999999999999928,0.7999999999999964,0.11428571428571377,0.0,0.0,0.26,1.46,0.2557142857142857,1.4214285714285706,0.9996684675143132,-0.025747913654988314
2023-04-04,0.26,1.46,0.0,0,0.9001613499442714,0.26,0.9001613499442714,0.26,0.9001613499442714,0.5999999999999928,0.7999999999999964,0.11428571428571377,0.0,0.0,0.26,1.46,0.2571428571428572,1.434285714285713,0.9990791668951153,-0.04290475819955447
2023-04-05,0.26,1.46,0.0,0,0.9001613499442714,0.26,0.9001613499442714,0.26,0.9001613499442714,0.0,0.7999999999999964,0.11428571428571377,0.0,0.0,0.26,1.46,0.2571428571428572,1.4342857142857135,0.998195433059714,-0.06004895851494825
2023-04-06,0.26,1.46,0.0,0,0.9001613499442714,0.26,0.9001613499442714,0.26,0.9001613499442714,0.0,0.7999999999999964,0.11428571428571377,0.0,0.0,0.26,1.46,0.25857142857142856,1.447142857142856,0.9970175264485267,-0.07717546212664618
2023-04-07,0.26,1.46,0.0,0,0.9001613499442714,0.26,0.9001613499442714,0.26,0.9001613499442714,0.0,0.7999999999999964,0.11428571428571377,0.0,0.0,0.26,1.46,0.26,1.46,0.9955457941960382,-0.0942792217754244
2023-04-08,0.26,1.46,0.0,0,0.9001613499442714,0.26,0.9001613499442714,0.26,0.9001613499442714,0.0,0.5999999999999963,0.08571428571428519,0.0,0.0,0.26,1.46,0.26,1.46,0.9937806700284985,-0.11135519690480862
2023-04-09,0.26,1.46,0.0,0,0.9001613499442714,0.26,0.9001613499442714,0.26,0.9001613499442714,0.0,0.0,0.0,0.0,0.0,0.26,1.46,0.26,1.46,0.9917226741361015,-0.12839835514655107
2023-04-10,0.26,1.46,0.0,0,0.9001613499442714,0.26,0.9001613499442714,0.26,0.9001613499442714,0.0,0.0,0.0,0.0,0.0,0.26,1.46,0.26,1.46,0.9893724130196829,-0.14540367380368988
2023-04-11,0.27,1.56,0.0,0,0.9400072584914712,0.26,0.9001613499442714,0.26,0.9001613499442714,0.0,0.0,0.0,0.010000000000000009,0.10000000000000009,0.26333333333333336,1.4933333333333405,0.26142857142857145,1.4742857142857133,0.9867305793119814,-0.16236614133076366
2023-04-12,0.26,1.46,6.6,0,0.9001613499442714,0.27,0.9400072584914712,0.26,0.9001613499442714,6.5999999999999925,6.599999999999996,0.9428571428571423,-0.010000000000000009,-0.10000000000000009,0.26333333333333336,1.4933333333333405,0.26142857142857145,1.4742857142857133,0.9837979515735163,-0.17928075881073566
2023-04-13,0.23,1.18,0.8,0,0.7793248768009976,0.26,0.9001613499442714,0.27,0.9400072584914712,7.399999999999992,7.399999999999996,1.0571428571428565,-0.03,-0.28,0.25333333333333335,1.4000000000000072,0.2571428571428572,1.4342857142857135,0.980575394063143,-0.19614254142819687
2023-04-14,0.23,1.18,0.0,0,0.7793248768009976,0.23,0.7793248768009976,0.26,0.9001613499442714,7.399999999999992,7.399999999999996,1.0571428571428565,0.0,0.0,0.24,1.2733333333333403,0.25285714285714284,1.3942857142857132,0.9770638564833507,-0.21294651993841593
2023-04-15,0.23,1.18,1.0,0,0.7793248768009976,0.23,0.7793248768009976,0.23,0.7793248768009976,1.799999999999993,8.399999999999997,1.1999999999999995,0.0,0.0,0.23,1.18,0.2485714285714286,1.3542857142857134,0.9732643737003824,-0.22968774213179563
2023-04-16,0.23,1.18,0.0,0,0.7793248768009976,0.23,0.7793248768009976,0.23,0.7793248768009976,0.9999999999999929,8.399999999999997,1.1999999999999995,0.0,0.0,0.23,1.18,0.2442857142857143,1.3142857142857132,0.9691780654392537,-0.2463612742933147
2023-04-17,0.24,1.28,0.0,0,0.8241754429663494,0.23,0.7793248768009976,0.23,0.7793248768009976,0.9999999999999929,8.399999999999997,1.1999999999999995,0.009999999999999981,0.10000000000000009,0.2333333333333333,1.2133333333333403,0.24142857142857146,1.2885714285714276,0.9648061359537646,-0.26296220265651454
2023-04-18,0.24,1.28,0.0,0,0.8241754429663494,0.24,0.8241754429663494,0.23,0.7793248768009976,0.0,8.399999999999997,1.1999999999999995,0.0,0.0,0.23666666666666666,1.246666666666674,0.23714285714285716,1.2485714285714276,0.9601498736716018,-0.2794856348516094
2023-04-19,0.24,1.28,0.0,0,0.8241754429663494,0.24,0.8241754429663494,0.24,0.8241754429663494,0.0,1.7999999999999965,0.2571428571428566,0.0,0.0,0.24,1.28,0.2342857142857143,1.222857142857142,0.9552106508146317,-0.2959267013472892
2023-04-20,0.24,1.28,0.0,0,0.8241754429663494,0.24,0.8241754429663494,0.24,0.8241754429663494,0.0,0.9999999999999964,0.14285714285714235,0.0,0.0,0.24,1.28,0.23571428571428574,1.2371428571428562,0.949989922994501,-0.31228055688579476
2023-04-21,0.24,1.28,0.6,0,0.8241754429663494,0.24,0.8241754429663494,0.24,0.8241754429663494,0.5999999999999929,1.5999999999999965,0.22857142857142806,0.0,0.0,0.24,1.28,0.23714285714285713,1.2514285714285704,0.9444892287836613,-0.32854238191083474
2023-04-22,0.23,1.18,0.0,0,0.7793248768009976,0.24,0.8241754429663494,0.24,0.8241754429663494,0.5999999999999929,0.5999999999999964,0.0857142857142852,-0.009999999999999981,-0.10000000000000009,0.23666666666666666,1.2466666666666737,0.23714285714285713,1.2514285714285704,0.9387101892619443,-0.3447073839879337
2023-04-23,0.23,1.18,3.0,0,0.7793248768009976,0.23,0.7793248768009976,0.24,0.8241754429663494,3.599999999999993,3.5999999999999965,0.5142857142857138,0.0,0.0,0.2333333333333333,1.2133333333333403,0.23714285714285713,1.2514285714285704,0.9326545075388225,-0.3607707992167831
2023-04-24,0.23,1.18,2.2,0,0.7793248768009976,0.23,0.7793248768009976,0.23,0.7793248768009976,5.199999999999993,5.799999999999997,0.8285714285714282,0.0,0.0,0.23,1.18,0.2357142857142857,1.2371428571428562,0.926323968251495,-0.376727893635185
2023-04-25,0.23,1.18,1.2,0,0.7793248768009976,0.23,0.7793248768009976,0.23,0.7793248768009976,6.399999999999993,6.9999999999999964,0.9999999999999994,0.0,0.0,0.23,1.18,0.23428571428571426,1.222857142857142,0.9197204370389467,-0.39257396461417177
2023-04-26,0.23,1.18,0.0,0,0.7793248768009976,0.23,0.7793248768009976,0.23,0.7793248768009976,3.3999999999999932,6.9999999999999964,0.9999999999999994,0.0,0.0,0.23,1.18,0.23285714285714285,1.2085714285714277,0.9128458599921355,-0.40830434224389345
2023-04-27,0.23,1.18,0.0,0,0.7793248768009976,0.23,0.7793248768009976,0.23,0.7793248768009976,1.1999999999999929,6.9999999999999964,0.9999999999999994,0.0,0.0,0.23,1.18,0.23142857142857146,1.1942857142857133,0.9057022630804715,-0.42391439070986064
2023-04-28,0.23,1.18,1.4,0,0.7793248768009976,0.23,0.7793248768009976,0.23,0.7793248768009976,1.3999999999999928,7.799999999999997,1.1142857142857139,0.0,0.0,0.23,1.18,0.23,1.18,0.898291751554753,-0.43939950965914143
2023-04-29,0.23,1.18,1.6,0,0.7793248768009976,0.23,0.7793248768009976,0.23,0.7793248768009976,2.999999999999993,9.399999999999997,1.3428571428571423,0.0,0.0,0.23,1.18,0.23,1.18,0.8906165093267405,-0.4547551355561055
2023-04-30,0.23,1.18,2.0,0,0.7793248768009976,0.23,0.7793248768009976,0.23,0.7793248768009976,4.999999999999993,8.399999999999997,1.1999999999999995,0.0,0.0,0.23,1.18,0.23,1.18,0.8826787983255476,-0.4699767430273197
2023-05-01,0.23,1.18,0.0,0,0.7793248768009976,0.23,0.7793248768009976,0.23,0.7793248768009976,3.599999999999993,6.199999999999996,0.8857142857142851,0.0,0.0,0.23,1.18,0.23,1.18,0.8744809578310397,-0.4850598461951961
2023-05-02,0.23,1.18,0.0,0,0.7793248768009976,0.23,0.7793248768009976,0.23,0.7793248768009976,1.999999999999993,4.9999999999999964,0.7142857142857137,0.0,0.0,0.23,1.18,0.23,1.18,0.8660254037844387,-0.4999999999999998
2023-05-03,0.23,1.18,0.4,0,0.7793248768009976,0.23,0.7793248768009976,0.23,0.7793248768009976,0.3999999999999929,5.399999999999997,0.771428571428571,0.0,0.0,0.23,1.18,0.23,1.18,0.8573146280763323,-0.5147928015098308
2023-05-04,0.23,1.18,0.0,0,0.7793248768009976,0.23,0.7793248768009976,0.23,0.7793248768009976,0.3999999999999929,5.399999999999997,0.771428571428571,0.0,0.0,0.23,1.18,0.23,1.18,0.848351197812304,-0.5294338912181852
2023-05-05,0.23,1.18,0.0,0,0.7793248768009976,0.23,0.7793248768009976,0.23,0.7793248768009976,0.3999999999999929,3.999999999999996,0.5714285714285708,0.0,0.0,0.23,1.18,0.23,1.18,0.8391377545563939,-0.5439189543287246
2023-05-06,0.24,1.28,14.2,0,0.8241754429663494,0.23,0.7793248768009976,0.23,0.7793248768009976,14.199999999999992,16.599999999999994,2.3714285714285706,0.009999999999999981,0.10000000000000009,0.2333333333333333,1.2133333333333405,0.23142857142857146,1.1942857142857133,0.8296770135526188,-0.5582437220268649
2023-05-07,0.23,1.18,0.0,0,0.7793248768009976,0.24,0.8241754429663494,0.23,0.7793248768009976,14.199999999999992,14.599999999999994,2.085714285714285,-0.009999999999999981,-0.10000000000000009,0.23333333333333336,1.2133333333333403,0.23142857142857146,1.1942857142857133,0.8199717629247771,-0.5724039727378148
2023-05-08,0.23,1.18,0.0,0,0.7793248768009976,0.23,0.7793248768009976,0.24,0.8241754429663494,14.199999999999992,14.599999999999994,2.085714285714285,0.0,0.0,0.2333333333333333,1.2133333333333405,0.23142857142857146,1.1942857142857133,0.8100248628547752,-0.5863955333706956
2023-05-09,0.24,1.28,4.2,0,0.8241754429663494,0.23,0.7793248768009976,0.23,0.7793248768009976,4.199999999999993,18.799999999999994,2.6857142857142846,0.009999999999999981,0.10000000000000009,0.2333333333333333,1.2133333333333403,0.23285714285714287,1.2085714285714277,0.7998392447397195,-0.600214280548368
2023-05-10,0.25,1.37,0.0,0,0.8628899551470398,0.24,0.8241754429663494,0.23,0.7793248768009976,4.199999999999993,18.399999999999995,2.6285714285714277,0.010000000000000009,0.09000000000000008,0.24,1.2766666666666737,0.23571428571428574,1.2357142857142847,0.7894179103280199,-0.6138561418226116
2023-05-11,0.23,1.18,3.4,0,0.7793248768009976,0.25,0.8628899551470398,0.24,0.8241754429663494,7.5999999999999925,21.799999999999997,3.114285714285714,-0.01999999999999999,-0.19000000000000017,0.24,1.2766666666666737,0.23571428571428574,1.2357142857142847,0.7787639308347607,-0.6273170968742938
2023-05-12,0.23,1.18,11.8,0,0.7793248768009976,0.23,0.7793248768009976,0.25,0.8628899551470398,15.199999999999992,33.599999999999994,4.799999999999999,0.0,0.0,0.23666666666666666,1.2433333333333403,0.2357142857142857,1.2357142857142847,0.7678804460366001,-0.6405931786981751
2023-05-13,0.23,1.18,2.4,0,0.7793248768009976,0.23,0.7793248768009976,0.23,0.7793248768009976,17.59999999999999,21.799999999999994,3.1142857142857134,0.0,0.0,0.23,1.18,0.2342857142857143,1.2214285714285704,0.7567706633464627,-0.6536804747720057
2023-05-14,0.23,1.18,2.4,0,0.7793248768009976,0.23,0.7793248768009976,0.23,0.7793248768009976,16.59999999999999,24.199999999999996,3.4571428571428564,0.0,0.0,0.23,1.18,0.23428571428571426,1.2214285714285704,0.7454378568683001,-0.6665751282095632
2023-05-15,0.23,1.18,2.8,0,0.7793248768009976,0.23,0.7793248768009976,0.23,0.7793248768009976,7.599999999999991,26.999999999999996,3.8571428571428568,0.0,0.0,0.23,1.18,0.23428571428571426,1.2214285714285704,0.7338853664321991,-0.6792733388972931
2023-05-16,0.23,1.18,0.0,0,0.7793248768009976,0.23,0.7793248768009976,0.23,0.7793248768009976,5.19999999999999,22.799999999999994,3.2571428571428562,0.0,0.0,0.23,1.18,0.23285714285714285,1.207142857142856,0.722116596610116,-0.6917713646142222
2023-05-17,0.23,1.18,0.0,0,0.7793248768009976,0.23,0.7793248768009976,0.23,0.7793248768009976,2.799999999999991,22.799999999999994,3.2571428571428562,0.0,0.0,0.23,1.18,0.23,1.18,0.7101350157125358,-0.7040655221348058
2023-05-18,0.24,1.28,0.0,0,0.8241754429663494,0.23,0.7793248768009976,0.23,0.7793248768009976,0.0,19.399999999999995,2.771428571428571,0.009999999999999981,0.10000000000000009,0.23333333333333336,1.2133333333333403,0.23142857142857146,1.1942857142857133,0.6979441547663435,-0.7161521883143933
2023-05-19,0.23,1.18,0.4,0,0.7793248768009976,0.24,0.8241754429663494,0.23,0.7793248768009976,0.39999999999999114,7.999999999999995,1.1428571428571421,-0.009999999999999981,-0.10000000000000009,0.2333333333333333,1.2133333333333405,0.23142857142857146,1.1942857142857133,0.6855476064742155,-0.7280278011569847
2023-05-20,0.23,1.18,0.2,0,0.7793248768009976,0.23,0.7793248768009976,0.24,0.8241754429663494,0.5999999999999912,5.799999999999994,0.8285714285714276,0.0,0.0,0.23333333333333336,1.2133333333333403,0.23142857142857146,1.1942857142857133,0.672949024155833,-0.7396888608649667
2023-05-21,0.23,1.18,0.0,0,0.7793248768009976,0.23,0.7793248768009976,0.23,0.7793248768009976,0.5999999999999912,3.3999999999999946,0.48571428571428493,0.0,0.0,0.23,1.18,0.23142857142857146,1.1942857142857133,0.660152120671232,-0.7511319308705197
2023-05-22,0.23,1.18,0.6,0,0.7793248768009976,0.23,0.7793248768009976,0.23,0.7793248768009976,0.799999999999991,1.1999999999999946,0.17142857142857065,0.0,0.0,0.23,1.18,0.23142857142857146,1.1942857142857133,0.647160667326606,-0.7623536388483902
2023-05-23,0.23,1.18,10.4,0,0.7793248768009976,0.23,0.7793248768009976,0.23,0.7793248768009976,10.999999999999991,11.599999999999994,1.6571428571428564,0.0,0.0,0.23,1.18,0.23142857142857146,1.1942857142857133,0.6339784927628868,-0.7733506777097298
2023-05-24,0.22,1.09,0.0,0,0.7371640659767197,0.23,0.7793248768009976,0.23,0.7793248768009976,10.999999999999991,11.599999999999994,1.6571428571428564,-0.010000000000000009,-0.08999999999999986,0.22666666666666668,1.1500000000000072,0.22999999999999998,1.1814285714285704,0.620609481827423,-0.7841198065767103
2023-05-25,0.22,1.09,3.6,0,0.7371640659767197,0.22,0.7371640659767197,0.23,0.7793248768009976,13.999999999999991,15.199999999999994,2.1714285714285704,0.0,0.0,0.22333333333333336,1.1200000000000072,0.22714285714285712,1.1542857142857132,0.6070575744291006,-0.7946578517376249
2023-05-26,0.22,1.09,0.0,0,0.7371640659767197,0.22,0.7371640659767197,0.22,0.7371640659767197,3.599999999999991,14.799999999999994,2.1142857142857134,0.0,0.0,0.22,1.09,0.22571428571428573,1.1414285714285703,0.593326764377232,-0.8049617075821959
2023-05-27,0.22,1.09,8.8,0,0.7371640659767197,0.22,0.7371640659767197,0.22,0.7371640659767197,12.399999999999991,23.399999999999995,3.342857142857142,0.0,0.0,0.22,1.09,0.22428571428571428,1.1285714285714277,0.5794210982045638,-0.8150283375168113
2023-05-28,0.22,1.09,6.0,0,0.7371640659767197,0.22,0.7371640659767197,0.22,0.7371640659767197,14.799999999999992,29.399999999999995,4.199999999999999,0.0,0.0,0.22,1.09,0.22285714285714286,1.1157142857142848,0.5653446739747428,-0.8248547748594245
2023-05-29,0.23,1.18,8.2,0,0.7793248768009976,0.22,0.7371640659767197,0.22,0.7371640659767197,22.999999999999993,36.99999999999999,5.285714285714285,0.010000000000000009,0.08999999999999986,0.22333333333333336,1.1200000000000072,0.22285714285714286,1.1157142857142848,0.5511016400746,-0.8344381237138473
2023-05-30,0.23,1.18,1.6,0,0.7793248768009976,0.23,0.7793248768009976,0.22,0.7371640659767197,15.79999999999999,28.199999999999996,4.028571428571428,0.0,0.0,0.22666666666666668,1.1500000000000072,0.22285714285714286,1.1157142857142848,0.5366961939916005,-0.8437755598231856
2023-05-31,0.23,1.18,2.6,0,0.7793248768009976,0.23,0.7793248768009976,0.23,0.7793248768009976,12.399999999999991,30.799999999999994,4.3999999999999995,0.0,0.0,0.23,1.18,0.22428571428571428,1.1285714285714277,0.522132581076825,-0.8528643314021596
2023-06-01,0.23,1.18,0.4,0,0.7793248768009976,0.23,0.7793248768009976,0.23,0.7793248768009976,4.599999999999992,27.599999999999994,3.942857142857142,0.0,0.0,0.23,1.18,0.22571428571428573,1.1414285714285703,0.5074150932938458,-0.861701759948068
2023-06-02,0.24,1.28,2.0,0,0.8241754429663494,0.23,0.7793248768009976,0.23,0.7793248768009976,4.999999999999991,29.599999999999994,4.228571428571428,0.009999999999999981,0.10000000000000009,0.23333333333333336,1.2133333333333405,0.22857142857142856,1.1685714285714275,0.4925480679538644,-0.8702852410301553
2023-06-03,0.24,1.28,0.2,0,0.8241754429663494,0.24,0.8241754429663494,0.23,0.7793248768009976,2.599999999999991,20.999999999999996,2.9999999999999996,0.0,0.0,0.23666666666666666,1.246666666666674,0.2314285714285714,1.1957142857142846,0.47753588643748834,-0.8786122450571482
2023-06-04,0.24,1.28,0.2,0,0.8241754429663494,0.24,0.8241754429663494,0.24,0.8241754429663494,2.399999999999991,15.199999999999994,2.1714285714285704,0.0,0.0,0.24,1.28,0.23428571428571426,1.222857142857142,0.4623829729035151,-0.8866803180227399
2023-06-05,0.24,1.28,2.4,0,0.8241754429663494,0.24,0.8241754429663494,0.24,0.8241754429663494,2.799999999999991,9.399999999999995,1.342857142857142,0.0,0.0,0.24,1.28,0.2357142857142857,1.2371428571428562,0.44709379298511426,-0.8944870822287954
2023-06-06,0.24,1.28,0.0,0,0.8241754429663494,0.24,0.8241754429663494,0.24,0.8241754429663494,2.5999999999999908,7.799999999999995,1.1142857142857137,0.0,0.0,0.24,1.28,0.23714285714285713,1.2514285714285704,0.43167285247378384,-0.9020302369860707
2023-06-07,0.24,1.28,0.0,0,0.8241754429663494,0.24,0.8241754429663494,0.24,0.8241754429663494,2.399999999999991,5.199999999999994,0.742857142857142,0.0,0.0,0.24,1.28,0.23857142857142857,1.2657142857142847,0.4161246959914746,-0.9093075592922357
2023-06-08,0.24,1.28,5.8,0,0.8241754429663494,0.24,0.8241754429663494,0.24,0.8241754429663494,5.799999999999991,10.599999999999994,1.5142857142857136,0.0,0.0,0.24,1.28,0.24,1.28,0.4004539056512664,-0.9163169044870048
2023-06-09,0.24,1.28,2.2,0,0.8241754429663494,0.24,0.8241754429663494,0.24,0.8241754429663494,7.999999999999991,10.799999999999994,1.542857142857142,0.0,0.0,0.24,1.28,0.24,1.28,0.3846650997070012,-0.923056206884176
2023-06-10,0.24,1.28,0.0,0,0.8241754429663494,0.24,0.8241754429663494,0.24,0.8241754429663494,7.999999999999991,10.599999999999994,1.5142857142857136,0.0,0.0,0.24,1.28,0.24,1.28,0.3687629311922603,-0.9295234803804002
2023-06-11,0.24,1.28,6.2,0,0.8241754429663494,0.24,0.8241754429663494,0.24,0.8241754429663494,8.399999999999991,16.599999999999994,2.3714285714285706,0.0,0.0,0.24,1.28,0.24,1.28,0.352752086549095,-0.9357168190404935
2023-06-12,0.24,1.28,7.0,0,0.8241754429663494,0.24,0.8241754429663494,0.24,0.8241754429663494,13.199999999999992,21.199999999999996,3.028571428571428,0.0,0.0,0.24,1.28,0.24,1.28,0.3366372842469106,-0.9416343976591258
2023-06-13,0.24,1.28,6.2,0,0.8241754429663494,0.24,0.8241754429663494,0.24,0.8241754429663494,19.39999999999999,27.399999999999995,3.9142857142857137,0.0,0.0,0.24,1.28,0.24,1.28,0.3204232733919116,-0.9472744722987168
2023-06-14,0.24,1.28,0.0,0,0.8241754429663494,0.24,0.8241754429663494,0.24,0.8241754429663494,13.199999999999992,27.399999999999995,3.9142857142857137,0.0,0.0,0.24,1.28,0.24,1.28,0.30411483232751846,-0.9526353808033824
2023-06-15,0.25,1.37,0.0,0,0.8628899551470398,0.24,0.8241754429663494,0.24,0.8241754429663494,6.199999999999991,21.599999999999994,3.085714285714285,0.010000000000000009,0.09000000000000008,0.24333333333333332,1.3100000000000072,0.2414285714285714,1.292857142857142,0.2877167672261668,-0.9577155432887804
2023-06-16,0.24,1.28,4.0,0,0.8241754429663494,0.25,0.8628899551470398,0.24,0.8241754429663494,3.999999999999991,23.399999999999995,3.342857142857142,-0.010000000000000009,-0.09000000000000008,0.24333333333333332,1.3100000000000074,0.2414285714285714,1.292857142857142,0.27123391067291,-0.9625134626077081
2023-06-17,0.24,1.28,5.4,0,0.8241754429663494,0.24,0.8241754429663494,0.25,0.8628899551470398,9.399999999999991,28.799999999999997,4.114285714285714,0.0,0.0,0.24333333333333332,1.3100000000000072,0.2414285714285714,1.292857142857142,0.2546711202412288,-0.9670277247913204
2023-06-18,0.24,1.28,0.0,0,0.8241754429663494,0.24,0.8241754429663494,0.24,0.8241754429663494,9.399999999999991,22.599999999999994,3.2285714285714278,0.0,0.0,0.24,1.28,0.2414285714285714,1.292857142857142,0.2380332770614858,-0.9712569994658313
2023-06-19,0.24,1.28,14.2,0,0.8241754429663494,0.24,0.8241754429663494,0.24,0.8241754429663494,19.59999999999999,29.799999999999997,4.257142857142857,0.0,0.0,0.24,1.28,0.2414285714285714,1.292857142857142,0.22132528438243243,-0.9752000402445825
2023-06-20,0.23,1.18,3.2,0,0.7793248768009976,0.24,0.8241754429663494,0.24,0.8241754429663494,17.39999999999999,26.799999999999997,3.8285714285714283,-0.009999999999999981,-0.10000000000000009,0.23666666666666666,1.246666666666674,0.24000000000000002,1.2785714285714278,0.2045520661262008,-0.9788556850953578
2023-06-21,0.24,1.28,41.2,0,0.8241754429663494,0.23,0.7793248768009976,0.24,0.8241754429663494,58.599999999999994,68.0,9.714285714285714,0.009999999999999981,0.10000000000000009,0.23666666666666666,1.2466666666666737,0.24000000000000002,1.2785714285714274,0.18771856543719884,-0.9822228566828406
2023-06-22,0.24,1.28,0.0,0,0.8241754429663494,0.24,0.8241754429663494,0.23,0.7793248768009976,44.39999999999999,68.0,9.714285714285714,0.0,0.0,0.23666666666666666,1.246666666666674,0.2385714285714286,1.2657142857142847,0.17082974322534442,-0.985300562686109
2023-06-23,0.23,1.18,0.0,0,0.7793248768009976,0.24,0.8241754429663494,0.24,0.8241754429663494,41.199999999999996,64.0,9.142857142857142,-0.009999999999999981,-0.10000000000000009,0.23666666666666666,1.246666666666674,0.23714285714285716,1.2514285714285704,0.15389057670406214,-0.9880878960910771
2023-06-24,0.23,1.18,0.0,0,0.7793248768009976,0.23,0.7793248768009976,0.24,0.8241754429663494,0.0,58.6,8.371428571428572,0.0,0.0,0.23333333333333336,1.2133333333333403,0.2357142857142857,1.2371428571428562,0.13690605792347574,-0.9905840354577969
2023-06-25,0.23,1.18,0.0,0,0.7793248768009976,0.23,0.7793248768009976,0.23,0.7793248768009976,0.0,58.6,8.371428571428572,0.0,0.0,0.23,1.18,0.2342857142857143,1.222857142857142,0.11988119229922782,-0.9927882451625399
2023-06-26,0.22,1.09,0.0,0,0.7371640659767197,0.23,0.7793248768009976,0.23,0.7793248768009976,0.0,44.4,6.3428571428571425,-0.010000000000000009,-0.08999999999999986,0.22666666666666668,1.1500000000000072,0.2314285714285714,1.1957142857142846,0.10282099713736025,-0.9946998756145891
2023-06-27,0.22,1.09,0.0,0,0.7371640659767197,0.22,0.7371640659767197,0.23,0.7793248768009976,0.0,41.199999999999996,5.885714285714285,0.0,0.0,0.22333333333333336,1.1200000000000072,0.22999999999999998,1.182857142857142,0.0857305001556943,-0.9963183634476755
2023-06-28,0.22,1.09,0.0,0,0.7371640659767197,0.22,0.7371640659767197,0.22,0.7371640659767197,0.0,0.0,0.0,0.0,0.0,0.22,1.09,0.22714285714285712,1.1557142857142846,0.0686147380021341,-0.9976432316860063
2023-06-29,0.57,5.9,0.6,0,1.9315214116032138,0.22,0.7371640659767197,0.22,0.7371640659767197,0.5999999999999929,0.5999999999999929,0.0857142857142847,0.35,4.8100000000000005,0.33666666666666667,2.693333333333341,0.2742857142857143,1.8157142857142847,0.05147875477034673,-0.9986740898848305
2023-06-30,0.59,6.49,0.0,0,2.0135687975291283,0.57,1.9315214116032138,0.22,0.7371640659767197,0.5999999999999929,0.5999999999999929,0.0857142857142847,0.020000000000000018,0.5899999999999999,0.45999999999999996,4.49333333333334,0.3257142857142857,2.5742857142857134,0.03432760051324382,-0.9994106342455052
2023-07-01,0.79,14.98,0.0,0,2.7713379403381286,0.59,2.0135687975291283,0.57,1.9315214116032138,0.5999999999999929,0.5999999999999929,0.0857142857142847,0.20000000000000007,8.49,0.65,9.12333333333334,0.4057142857142857,4.5457142857142845,0.01716632975470737,-0.9998526477050269
2023-07-02,0.79,14.98,0.0,0,2.7713379403381286,0.79,2.7713379403381286,0.59,2.0135687975291283,0.0,0.5999999999999929,0.0857142857142847,0.0,0.0,0.7233333333333333,12.150000000000006,0.4857142857142857,6.517142857142856,1.2246467991473532e-16,-1.0
2023-07-03,0.79,14.98,0.4,0,2.7713379403381286,0.79,2.7713379403381286,0.79,2.7713379403381286,0.3999999999999929,0.9999999999999929,0.14285714285714185,0.0,0.0,0.79,14.98,0.5671428571428571,8.501428571428571,-0.017166329754707124,-0.9998526477050269
2023-07-04,0.64,8.21,0.2,0,2.2202898502672155,0.79,2.7713379403381286,0.79,2.7713379403381286,0.599999999999993,1.1999999999999929,0.1714285714285704,-0.15000000000000002,-6.77,0.7400000000000001,12.723333333333342,0.6271428571428572,9.518571428571429,-0.03432760051324313,-0.9994106342455054
2023-07-05,0.64,8.21,0.0,0,2.2202898502672155,0.64,2.2202898502672155,0.79,2.7713379403381286,0.599999999999993,1.1999999999999929,0.1714285714285704,0.0,0.0,0.6900000000000001,10.466666666666674,0.6871428571428572,10.535714285714286,-0.051478754770346045,-0.9986740898848305
2023-07-06,0.82,16.75,0.0,0,2.8763855159214247,0.64,2.2202898502672155,0.64,2.2202898502672155,0.1999999999999929,0.599999999999993,0.08571428571428472,0.17999999999999994,8.54,0.7000000000000001,11.056666666666674,0.722857142857143,12.085714285714285,-0.06861473800213432,-0.9976432316860063
2023-07-07,0.8,15.49,0.0,0,2.8027541365715076,0.82,2.8763855159214247,0.64,2.2202898502672155,0.0,0.599999999999993,0.08571428571428472,-0.019999999999999907,-1.2599999999999998,0.7533333333333333,13.483333333333341,0.7528571428571429,13.37142857142857,-0.0857305001556945,-0.9963183634476755
2023-07-08,0.75,12.92,0.0,0,2.6333266549062735,0.8,2.8027541365715076,0.82,2.8763855159214247,0.0,0.599999999999993,0.08571428571428472,-0.050000000000000044,-2.5700000000000003,0.79,15.053333333333342,0.7471428571428572,13.077142857142858,-0.10282099713736044,-0.9946998756145891
2023-07-09,0.76,13.43,0.0,0,2.6693093727857793,0.75,2.6333266549062735,0.8,2.8027541365715076,0.0,0.599999999999993,0.08571428571428472,0.010000000000000009,0.5099999999999998,0.77,13.946666666666673,0.7428571428571429,12.855714285714285,-0.11988119229922714,-0.99278824516254
2023-07-10,0.76,13.43,0.0,0,2.6693093727857793,0.76,2.6693093727857793,0.75,2.6333266549062735,0.0,0.1999999999999929,0.028571428571427557,0.0,0.0,0.7566666666666667,13.260000000000005,0.7385714285714285,12.634285714285713,-0.13690605792347504,-0.990584035457797
2023-07-11,0.76,13.43,0.0,0,2.6693093727857793,0.76,2.6693093727857793,0.76,2.6693093727857793,0.0,0.0,0.0,0.0,0.0,0.76,13.43,0.7557142857142856,13.379999999999997,-0.15389057670406148,-0.9880878960910772
2023-07-12,0.76,13.43,17.8,0,2.6693093727857793,0.76,2.6693093727857793,0.76,2.6693093727857793,17.799999999999994,17.799999999999994,2.542857142857142,0.0,0.0,0.76,13.43,0.7728571428571429,14.125714285714285,-0.17082974322534417,-0.985300562686109
2023-07-13,0.74,12.4,0.0,0,2.5952547069568657,0.76,2.6693093727857793,0.76,2.6693093727857793,17.799999999999994,17.799999999999994,2.542857142857142,-0.020000000000000018,-1.0299999999999994,0.7533333333333333,13.086666666666673,0.7614285714285715,13.504285714285713,-0.1877185654371986,-0.9822228566828407
2023-07-14,0.72,11.37,0.0,0,2.5152741864043966,0.74,2.5952547069568657,0.76,2.6693093727857793,17.799999999999994,17.799999999999994,2.542857142857142,-0.020000000000000018,-1.0300000000000011,0.7399999999999999,12.400000000000006,0.75,12.915714285714285,-0.20455206612620058,-0.9788556850953579
2023-07-15,0.82,16.75,0.0,0,2.8763855159214247,0.72,2.5152741864043966,0.74,2.5952547069568657,0.0,17.799999999999994,2.542857142857142,0.09999999999999998,5.380000000000001,0.7599999999999999,13.506666666666675,0.7599999999999999,13.462857142857143,-0.22132528438243218,-0.9752000402445826
2023-07-16,0.81,16.12,0.0,0,2.840247370713596,0.82,2.8763855159214247,0.72,2.5152741864043966,0.0,17.799999999999994,2.542857142857142,-0.009999999999999898,-0.629999999999999,0.7833333333333333,14.746666666666675,0.7671428571428571,13.847142857142856,-0.23803327706148514,-0.9712569994658315
2023-07-17,0.85,18.63,0.0,0,2.9770590082883697,0.81,2.840247370713596,0.82,2.8763855159214247,0.0,17.799999999999994,2.542857142857142,0.039999999999999925,2.509999999999998,0.8266666666666667,17.16666666666667,0.78,14.59,-0.254671120241229,-0.9670277247913203
2023-07-18,0.86,19.26,0.0,0,3.0086484988205373,0.85,2.9770590082883697,0.81,2.840247370713596,0.0,17.799999999999994,2.542857142857142,0.010000000000000009,0.6300000000000026,0.84,18.00333333333334,0.7942857142857143,15.422857142857142,-0.2712339106729102,-0.9625134626077081
2023-07-19,0.86,19.26,0.0,0,3.0086484988205373,0.86,3.0086484988205373,0.85,2.9770590082883697,0.0,0.0,0.0,0.0,0.0,0.8566666666666668,19.050000000000008,0.8085714285714286,16.255714285714284,-0.287716767226167,-0.9577155432887803
2023-07-20,0.85,18.63,0.4,0,2.9770590082883697,0.86,3.0086484988205373,0.86,3.0086484988205373,0.3999999999999929,0.3999999999999929,0.05714285714285613,-0.010000000000000009,-0.6300000000000026,0.8566666666666666,19.050000000000008,0.8242857142857142,17.145714285714284,-0.3041148323275178,-0.9526353808033826
2023-07-21,0.85,18.63,0.2,0,2.9770590082883697,0.85,2.9770590082883697,0.86,3.0086484988205373,0.599999999999993,0.599999999999993,0.08571428571428472,0.0,0.0,0.8533333333333334,18.840000000000007,0.8428571428571427,18.18285714285714,-0.32042327339191096,-0.947274472298717
2023-07-22,0.85,18.63,0.0,0,2.9770590082883697,0.85,2.9770590082883697,0.85,2.9770590082883697,0.599999999999993,0.599999999999993,0.08571428571428472,0.0,0.0,0.85,18.63,0.8471428571428572,18.451428571428572,-0.3366372842469099,-0.941634397659126
2023-07-23,0.85,18.63,0.0,0,2.9770590082883697,0.85,2.9770590082883697,0.85,2.9770590082883697,0.1999999999999929,0.599999999999993,0.08571428571428472,0.0,0.0,0.85,18.63,0.8528571428571429,18.81,-0.35275208654909473,-0.9357168190404936
2023-07-24,0.85,18.63,0.2,0,2.9770590082883697,0.85,2.9770590082883697,0.85,2.9770590082883697,0.1999999999999929,0.7999999999999929,0.11428571428571328,0.0,0.0,0.85,18.63,0.8528571428571429,18.81,-0.36876293119226006,-0.9295234803804003
2023-07-25,0.85,18.63,0.0,0,2.9770590082883697,0.85,2.9770590082883697,0.85,2.9770590082883697,0.1999999999999929,0.7999999999999929,0.11428571428571328,0.0,0.0,0.85,18.63,0.8514285714285714,18.72,-0.38466509970700097,-0.9230562068841761
2023-07-26,0.85,18.63,0.0,0,2.9770590082883697,0.85,2.9770590082883697,0.85,2.9770590082883697,0.1999999999999929,0.7999999999999929,0.11428571428571328,0.0,0.0,0.85,18.63,0.85,18.63,-0.40045390565126615,-0.9163169044870049
2023-07-27,0.85,18.63,0.0,0,2.9770590082883697,0.85,2.9770590082883697,0.85,2.9770590082883697,0.0,0.3999999999999929,0.05714285714285613,0.0,0.0,0.85,18.63,0.85,18.63,-0.4161246959914748,-0.9093075592922356
2023-07-28,0.85,18.63,0.0,0,2.9770590082883697,0.85,2.9770590082883697,0.85,2.9770590082883697,0.0,0.1999999999999929,0.028571428571427557,0.0,0.0,0.85,18.63,0.85,18.63,-0.431672852473784,-0.9020302369860707
2023-07-29,0.85,18.63,0.0,0,2.9770590082883697,0.85,2.9770590082883697,0.85,2.9770590082883697,0.0,0.1999999999999929,0.028571428571427557,0.0,0.0,0.85,18.63,0.85,18.63,-0.44709379298511404,-0.8944870822287955
2023-07-30,0.85,18.63,0.0,0,2.9770590082883697,0.85,2.9770590082883697,0.85,2.9770590082883697,0.0,0.1999999999999929,0.028571428571427557,0.0,0.0,0.85,18.63,0.85,18.63,-0.4623829729035149,-0.88668031802274
2023-07-31,0.86,19.26,0.0,0,3.0086484988205373,0.85,2.9770590082883697,0.85,2.9770590082883697,0.0,0.0,0.0,0.010000000000000009,0.6300000000000026,0.8533333333333332,18.840000000000007,0.8514285714285714,18.72,-0.4775358864374881,-0.8786122450571483
2023-08-01,0.86,19.26,0.0,0,3.0086484988205373,0.86,3.0086484988205373,0.85,2.9770590082883697,0.0,0.0,0.0,0.0,0.0,0.8566666666666666,19.050000000000008,0.8528571428571429,18.81,-0.4925480679538642,-0.8702852410301554
2023-08-02,0.85,18.63,0.0,0,2.9770590082883697,0.86,3.0086484988205373,0.86,3.0086484988205373,0.0,0.0,0.0,-0.010000000000000009,-0.6300000000000026,0.8566666666666666,19.050000000000008,0.8528571428571429,18.81,-0.5074150932938452,-0.8617017599480683
2023-08-03,0.85,18.63,1.0,0,2.9770590082883697,0.85,2.9770590082883697,0.86,3.0086484988205373,0.9999999999999929,0.9999999999999929,0.14285714285714185,0.0,0.0,0.8533333333333334,18.840000000000007,0.8528571428571429,18.81,-0.5221325810768248,-0.8528643314021597
2023-08-04,0.85,18.63,0.4,0,2.9770590082883697,0.85,2.9770590082883697,0.85,2.9770590082883697,1.3999999999999928,1.3999999999999928,0.19999999999999898,0.0,0.0,0.85,18.63,0.8528571428571429,18.81,-0.5366961939916003,-0.8437755598231858
2023-08-05,0.86,19.26,0.0,0,3.0086484988205373,0.85,2.9770590082883697,0.85,2.9770590082883697,1.3999999999999928,1.3999999999999928,0.19999999999999898,0.010000000000000009,0.6300000000000026,0.8533333333333334,18.840000000000007,0.8542857142857143,18.900000000000002,-0.5511016400745998,-0.8344381237138474
2023-08-06,0.86,19.26,0.0,0,3.0086484988205373,0.86,3.0086484988205373,0.85,2.9770590082883697,0.3999999999999929,1.3999999999999928,0.19999999999999898,0.0,0.0,0.8566666666666666,19.050000000000008,0.8557142857142856,18.990000000000002,-0.5653446739747425,-0.8248547748594246
2023-08-07,0.86,19.26,0.0,0,3.0086484988205373,0.86,3.0086484988205373,0.86,3.0086484988205373,0.0,1.3999999999999928,0.19999999999999898,0.0,0.0,0.86,19.26,0.8557142857142858,18.990000000000002,-0.5794210982045637,-0.8150283375168114
2023-08-08,0.85,18.63,0.0,0,2.9770590082883697,0.86,3.0086484988205373,0.86,3.0086484988205373,0.0,1.3999999999999928,0.19999999999999898,-0.010000000000000009,-0.6300000000000026,0.8566666666666668,19.050000000000008,0.8542857142857142,18.900000000000002,-0.5933267643772321,-0.8049617075821958
2023-08-09,1.1,35.52,0.0,0,3.597860055726768,0.85,2.9770590082883697,0.86,3.0086484988205373,0.0,1.3999999999999928,0.19999999999999898,0.2500000000000001,16.890000000000004,0.9366666666666666,24.47000000000001,0.89,21.312857142857144,-0.6070575744291004,-0.794657851737625
2023-08-10,0.85,18.63,0.0,0,2.9770590082883697,1.1,3.597860055726768,0.85,2.9770590082883697,0.0,0.3999999999999929,0.05714285714285613,-0.2500000000000001,-16.890000000000004,0.9333333333333335,24.26000000000001,0.8899999999999999,21.312857142857144,-0.6206094818274228,-0.7841198065767104
2023-08-11,0.85,18.63,0.0,0,2.9770590082883697,0.85,2.9770590082883697,1.1,3.597860055726768,0.0,0.0,0.0,0.0,0.0,0.9333333333333332,24.26000000000001,0.89,21.312857142857144,-0.6339784927628865,-0.77335067770973
2023-08-12,0.85,18.63,0.0,0,2.9770590082883697,0.85,2.9770590082883697,0.85,2.9770590082883697,0.0,0.0,0.0,0.0,0.0,0.85,18.63,0.8885714285714286,21.222857142857144,-0.6471606673266059,-0.7623536388483905
2023-08-13,0.85,18.63,0.0,0,2.9770590082883697,0.85,2.9770590082883697,0.85,2.9770590082883697,0.0,0.0,0.0,0.0,0.0,0.85,18.63,0.8871428571428571,21.132857142857144,-0.6601521206712315,-0.7511319308705201
2023-08-14,0.85,18.63,0.0,0,2.9770590082883697,0.85,2.9770590082883697,0.85,2.9770590082883697,0.0,0.0,0.0,0.0,0.0,0.85,18.63,0.8857142857142858,21.04285714285714,-0.6729490241558326,-0.7396888608649671
2023-08-15,0.85,18.63,0.4,0,2.9770590082883697,0.85,2.9770590082883697,0.85,2.9770590082883697,0.3999999999999929,0.3999999999999929,0.05714285714285613,0.0,0.0,0.85,18.63,0.8857142857142858,21.04285714285714,-0.6855476064742154,-0.7280278011569848
2023-08-16,0.85,18.63,0.0,0,2.9770590082883697,0.85,2.9770590082883697,0.85,2.9770590082883697,0.3999999999999929,0.3999999999999929,0.05714285714285613,0.0,0.0,0.85,18.63,0.85,18.63,-0.6979441547663433,-0.7161521883143935
2023-08-17,0.85,18.63,0.0,0,2.9770590082883697,0.85,2.9770590082883697,0.85,2.9770590082883697,0.3999999999999929,0.3999999999999929,0.05714285714285613,0.0,0.0,0.85,18.63,0.85,18.63,-0.7101350157125356,-0.7040655221348059
2023-08-18,0.85,18.63,0.0,0,2.9770590082883697,0.85,2.9770590082883697,0.85,2.9770590082883697,0.0,0.3999999999999929,0.05714285714285613,0.0,0.0,0.85,18.63,0.85,18.63,-0.7221165966101161,-0.691771364614222
2023-08-19,0.88,20.51,0.0,0,3.068517943279639,0.85,2.9770590082883697,0.85,2.9770590082883697,0.0,0.3999999999999929,0.05714285714285613,0.030000000000000027,1.8800000000000026,0.86,19.256666666666675,0.8542857142857142,18.898571428571426,-0.7338853664321993,-0.6792733388972929
2023-08-20,0.86,19.26,0.0,0,3.0086484988205373,0.88,3.068517943279639,0.85,2.9770590082883697,0.0,0.3999999999999929,0.05714285714285613,-0.020000000000000018,-1.25,0.8633333333333333,19.466666666666672,0.8557142857142858,18.988571428571426,-0.7454378568683003,-0.6665751282095631
2023-08-21,0.86,19.26,0.2,0,3.0086484988205373,0.86,3.0086484988205373,0.88,3.068517943279639,0.1999999999999929,0.599999999999993,0.08571428571428472,0.0,0.0,0.8666666666666666,19.676666666666677,0.8571428571428571,19.07857142857143,-0.7567706633464625,-0.653680474772006
2023-08-22,0.84,18.0,0.0,0,2.9444389791664403,0.86,3.0086484988205373,0.86,3.0086484988205373,0.1999999999999929,0.1999999999999929,0.028571428571427557,-0.020000000000000018,-1.2600000000000016,0.8533333333333334,18.840000000000007,0.8557142857142858,18.98857142857143,-0.7678804460366,-0.6405931786981752
2023-08-23,0.84,18.0,0.0,0,2.9444389791664403,0.84,2.9444389791664403,0.86,3.0086484988205373,0.1999999999999929,0.1999999999999929,0.028571428571427557,0.0,0.0,0.8466666666666667,18.420000000000005,0.8542857142857143,18.898571428571426,-0.7787639308347605,-0.627317096874294
2023-08-24,0.84,18.0,0.0,0,2.9444389791664403,0.84,2.9444389791664403,0.84,2.9444389791664403,0.0,0.1999999999999929,0.028571428571427557,0.0,0.0,0.84,18.0,0.8528571428571429,18.80857142857143,-0.7894179103280194,-0.6138561418226122
2023-08-25,0.84,18.0,0.0,0,2.9444389791664403,0.84,2.9444389791664403,0.84,2.9444389791664403,0.0,0.1999999999999929,0.028571428571427557,0.0,0.0,0.84,18.0,0.8514285714285714,18.71857142857143,-0.7998392447397191,-0.6002142805483686
2023-08-26,0.84,18.0,5.2,0,2.9444389791664403,0.84,2.9444389791664403,0.84,2.9444389791664403,5.199999999999993,5.399999999999993,0.7714285714285705,0.0,0.0,0.84,18.0,0.8457142857142858,18.359999999999996,-0.8100248628547748,-0.5863955333706962
2023-08-27,0.84,18.0,7.8,0,2.9444389791664403,0.84,2.9444389791664403,0.84,2.9444389791664403,12.999999999999993,13.199999999999992,1.8857142857142846,0.0,0.0,0.84,18.0,0.8428571428571427,18.18,-0.8199717629247767,-0.5724039727378154
2023-08-28,0.84,18.0,1.0,0,2.9444389791664403,0.84,2.9444389791664403,0.84,2.9444389791664403,13.999999999999993,13.999999999999993,1.999999999999999,0.0,0.0,0.84,18.0,0.84,18.0,-0.8296770135526185,-0.5582437220268655
2023-08-29,0.84,18.0,0.4,0,2.9444389791664403,0.84,2.9444389791664403,0.84,2.9444389791664403,9.199999999999994,14.399999999999993,2.057142857142856,0.0,0.0,0.84,18.0,0.84,18.0,-0.8391377545563938,-0.5439189543287248
2023-08-30,0.84,18.0,0.0,0,2.9444389791664403,0.84,2.9444389791664403,0.84,2.9444389791664403,1.3999999999999928,14.399999999999993,2.057142857142856,0.0,0.0,0.84,18.0,0.84,18.0,-0.8483511978123038,-0.5294338912181854
2023-08-31,0.88,20.51,0.0,0,3.068517943279639,0.84,2.9444389791664403,0.84,2.9444389791664403,0.3999999999999929,14.399999999999993,2.057142857142856,0.040000000000000036,2.5100000000000016,0.8533333333333334,18.836666666666673,0.8457142857142858,18.358571428571427,-0.8573146280763322,-0.514792801509831
2023-09-01,0.85,18.63,0.0,0,2.9770590082883697,0.88,3.068517943279639,0.84,2.9444389791664403,0.0,14.399999999999993,2.057142857142856,-0.030000000000000027,-1.8800000000000026,0.8566666666666666,19.046666666666674,0.8471428571428571,18.448571428571427,-0.8660254037844385,-0.5000000000000004
2023-09-02,0.69,9.99,0.0,0,2.39698576841553,0.85,2.9770590082883697,0.88,3.068517943279639,0.0,9.199999999999992,1.3142857142857132,-0.16000000000000003,-8.639999999999999,0.8066666666666666,16.376666666666676,0.8257142857142857,17.304285714285715,-0.8744809578310394,-0.4850598461951967
2023-09-03,0.7,10.34,0.0,0,2.428336298299606,0.69,2.39698576841553,0.85,2.9770590082883697,0.0,1.3999999999999928,0.19999999999999898,0.010000000000000009,0.34999999999999964,0.7466666666666666,12.986666666666673,0.8057142857142857,16.21,-0.8826787983255475,-0.4699767430273199
2023-09-04,0.7,10.34,14.2,0,2.428336298299606,0.7,2.428336298299606,0.69,2.39698576841553,14.199999999999992,14.599999999999993,2.0857142857142845,0.0,0.0,0.6966666666666667,10.223333333333342,0.7857142857142857,15.115714285714287,-0.8906165093267404,-0.45475513555610575
2023-09-05,0.7,10.34,0.2,0,2.428336298299606,0.7,2.428336298299606,0.7,2.428336298299606,14.399999999999991,14.399999999999991,2.057142857142856,0.0,0.0,0.7,10.34,0.7657142857142858,14.021428571428572,-0.8982917515547529,-0.43939950965914165
2023-09-06,0.7,10.34,0.0,0,2.428336298299606,0.7,2.428336298299606,0.7,2.428336298299606,14.399999999999991,14.399999999999991,2.057142857142856,0.0,0.0,0.7,10.34,0.7457142857142857,12.927142857142856,-0.9057022630804714,-0.42391439070986087
2023-09-07,0.7,10.34,0.0,0,2.428336298299606,0.7,2.428336298299606,0.7,2.428336298299606,0.1999999999999929,14.399999999999991,2.057142857142856,0.0,0.0,0.7,10.34,0.7199999999999999,11.474285714285713,-0.9128458599921354,-0.40830434224389367
2023-09-08,0.7,10.34,0.0,0,2.428336298299606,0.7,2.428336298299606,0.7,2.428336298299606,0.0,14.399999999999991,2.057142857142856,0.0,0.0,0.7,10.34,0.6985714285714285,10.289999999999997,-0.9197204370389468,-0.3925739646141714
2023-09-09,0.7,10.34,0.0,0,2.428336298299606,0.7,2.428336298299606,0.7,2.428336298299606,0.0,14.399999999999991,2.057142857142856,0.0,0.0,0.7,10.34,0.7,10.34,-0.9263239682514951,-0.3767278936351848
2023-09-10,0.7,10.34,1.2,0,2.428336298299606,0.7,2.428336298299606,0.7,2.428336298299606,1.1999999999999929,15.599999999999993,2.2285714285714273,0.0,0.0,0.7,10.34,0.7,10.34,-0.9326545075388225,-0.3607707992167831
2023-09-11,0.7,10.34,2.6,0,2.428336298299606,0.7,2.428336298299606,0.7,2.428336298299606,3.7999999999999927,3.999999999999993,0.5714285714285704,0.0,0.0,0.7,10.34,0.7,10.34,-0.9387101892619443,-0.3447073839879337
2023-09-12,0.7,10.34,0.0,0,2.428336298299606,0.7,2.428336298299606,0.7,2.428336298299606,3.799999999999993,3.7999999999999927,0.5428571428571418,0.0,0.0,0.7,10.34,0.7,10.34,-0.9444892287836613,-0.32854238191083474
2023-09-13,0.61,7.15,0.0,0,2.0980179272527715,0.7,2.428336298299606,0.7,2.428336298299606,2.5999999999999934,3.7999999999999927,0.5428571428571418,-0.08999999999999997,-3.1899999999999995,0.6699999999999999,9.276666666666673,0.687142857142857,9.884285714285713,-0.9499899229945009,-0.3122805568857948
2023-09-14,0.61,7.15,0.0,0,2.0980179272527715,0.61,2.0980179272527715,0.7,2.428336298299606,0.0,3.7999999999999927,0.5428571428571418,0.0,0.0,0.64,8.21333333333334,0.6742857142857143,9.428571428571429,-0.9552106508146316,-0.29592670134728966
2023-09-15,0.61,7.15,3.6,0,2.0980179272527715,0.61,2.0980179272527715,0.61,2.0980179272527715,3.599999999999993,7.399999999999993,1.0571428571428563,0.0,0.0,0.61,7.15,0.6614285714285714,8.97285714285714,-0.9601498736716017,-0.2794856348516098
2023-09-16,0.61,7.15,1.8,0,2.0980179272527715,0.61,2.0980179272527715,0.61,2.0980179272527715,5.399999999999993,9.199999999999992,1.3142857142857132,0.0,0.0,0.61,7.15,0.6485714285714286,8.517142857142856,-0.9648061359537644,-0.2629622026565152
2023-09-17,0.61,7.15,2.8,0,2.0980179272527715,0.61,2.0980179272527715,0.61,2.0980179272527715,8.199999999999992,10.799999999999994,1.542857142857142,0.0,0.0,0.61,7.15,0.6357142857142858,8.06142857142857,-0.9691780654392534,-0.24636127429331536
2023-09-18,0.61,7.15,0.8,0,2.0980179272527715,0.61,2.0980179272527715,0.61,2.0980179272527715,5.399999999999993,8.999999999999993,1.2857142857142847,0.0,0.0,0.61,7.15,0.6228571428571428,7.605714285714285,-0.9732643737003823,-0.2296877421317963
2023-09-19,0.6,6.79,0.2,0,2.052840859882657,0.61,2.0980179272527715,0.61,2.0980179272527715,3.7999999999999927,9.199999999999992,1.3142857142857132,-0.010000000000000009,-0.3600000000000003,0.6066666666666667,7.030000000000007,0.6085714285714285,7.098571428571427,-0.9770638564833508,-0.21294651993841573
2023-09-20,0.61,7.15,1.4,0,2.0980179272527715,0.6,2.052840859882657,0.61,2.0980179272527715,2.399999999999993,10.599999999999993,1.5142857142857131,0.010000000000000009,0.3600000000000003,0.6066666666666666,7.030000000000007,0.6085714285714285,7.098571428571428,-0.9805753940631429,-0.19614254142819712
2023-09-21,0.61,7.15,5.0,0,2.0980179272527715,0.61,2.0980179272527715,0.6,2.052840859882657,6.5999999999999925,15.599999999999994,2.2285714285714278,0.0,0.0,0.6066666666666667,7.030000000000007,0.6085714285714285,7.098571428571428,-0.9837979515735163,-0.1792807588107359
2023-09-22,0.61,7.15,0.0,0,2.0980179272527715,0.61,2.0980179272527715,0.61,2.0980179272527715,6.399999999999992,11.999999999999993,1.7142857142857133,0.0,0.0,0.61,7.15,0.6085714285714285,7.098571428571427,-0.9867305793119814,-0.16236614133076413
2023-09-23,0.61,7.15,0.0,0,2.0980179272527715,0.61,2.0980179272527715,0.61,2.0980179272527715,4.999999999999993,10.199999999999994,1.4571428571428562,0.0,0.0,0.61,7.15,0.6085714285714285,7.098571428571427,-0.9893724130196829,-0.14540367380369032
2023-09-24,0.61,7.15,0.0,0,2.0980179272527715,0.61,2.0980179272527715,0.61,2.0980179272527715,0.0,7.399999999999993,1.0571428571428563,0.0,0.0,0.61,7.15,0.6085714285714285,7.098571428571428,-0.9917226741361014,-0.12839835514655154
2023-09-25,0.61,7.15,0.0,0,2.0980179272527715,0.61,2.0980179272527715,0.61,2.0980179272527715,0.0,6.599999999999993,0.942857142857142,0.0,0.0,0.61,7.15,0.6085714285714285,7.098571428571428,-0.9937806700284985,-0.11135519690480865
2023-09-26,0.62,7.5,0.0,0,2.1400661634962708,0.61,2.0980179272527715,0.61,2.0980179272527715,0.0,6.399999999999993,0.9142857142857134,0.010000000000000009,0.34999999999999964,0.6133333333333333,7.266666666666674,0.6114285714285714,7.2,-0.9955457941960382,-0.09427922177542443
2023-09-27,0.61,7.15,0.0,0,2.0980179272527715,0.62,2.1400661634962708,0.61,2.0980179272527715,0.0,4.999999999999993,0.7142857142857133,-0.010000000000000009,-0.34999999999999964,0.6133333333333334,7.266666666666674,0.6114285714285713,7.199999999999998,-0.9970175264485267,-0.07717546212664643
2023-09-28,0.61,7.15,0.0,0,2.0980179272527715,0.61,2.0980179272527715,0.62,2.1400661634962708,0.0,0.0,0.0,0.0,0.0,0.6133333333333333,7.266666666666674,0.6114285714285714,7.199999999999998,-0.998195433059714,-0.06004895851494849
2023-09-29,0.61,7.15,0.2,0,2.0980179272527715,0.61,2.0980179272527715,0.61,2.0980179272527715,0.1999999999999929,0.1999999999999929,0.028571428571427557,0.0,0.0,0.61,7.15,0.6114285714285714,7.2,-0.9990791668951153,-0.04290475819955383
2023-09-30,0.61,7.15,0.0,0,2.0980179272527715,0.61,2.0980179272527715,0.61,2.0980179272527715,0.1999999999999929,0.1999999999999929,0.028571428571427557,0.0,0.0,0.61,7.15,0.6114285714285713,7.2,-0.9996684675143132,-0.025747913654988113
2023-10-01,0.61,7.15,0.0,0,2.0980179272527715,0.61,2.0980179272527715,0.61,2.0980179272527715,0.1999999999999929,0.1999999999999929,0.028571428571427557,0.0,0.0,0.61,7.15,0.6114285714285713,7.199999999999998,-0.9999631612477099,-0.008583481082086734
2023-10-02,0.61,7.15,0.0,0,2.0980179272527715,0.61,2.0980179272527715,0.61,2.0980179272527715,0.0,0.1999999999999929,0.028571428571427557,0.0,0.0,0.61,7.15,0.6114285714285714,7.199999999999998,-0.9999631612477099,0.008583481082087254
2023-10-03,0.61,7.15,0.0,0,2.0980179272527715,0.61,2.0980179272527715,0.61,2.0980179272527715,0.0,0.1999999999999929,0.028571428571427557,0.0,0.0,0.61,7.15,0.61,7.15,-0.999668467514313,0.025747913654988634
2023-10-04,0.61,7.15,0.0,0,2.0980179272527715,0.61,2.0980179272527715,0.61,2.0980179272527715,0.0,0.1999999999999929,0.028571428571427557,0.0,0.0,0.61,7.15,0.61,7.15,-0.9990791668951153,0.04290475819955435
2023-10-05,0.62,7.5,0.0,0,2.1400661634962708,0.61,2.0980179272527715,0.61,2.0980179272527715,0.0,0.1999999999999929,0.028571428571427557,0.010000000000000009,0.34999999999999964,0.6133333333333334,7.266666666666674,0.6114285714285714,7.2,-0.998195433059714,0.06004895851494813
2023-10-06,0.62,7.5,0.0,0,2.1400661634962708,0.62,2.1400661634962708,0.61,2.0980179272527715,0.0,0.0,0.0,0.0,0.0,0.6166666666666667,7.38333333333334,0.6128571428571429,7.249999999999999,-0.9970175264485267,0.07717546212664607
2023-10-07,0.62,7.5,0.0,0,2.1400661634962708,0.62,2.1400661634962708,0.62,2.1400661634962708,0.0,0.0,0.0,0.0,0.0,0.62,7.5,0.6142857142857142,7.299999999999999,-0.9955457941960382,0.09427922177542405
2023-10-08,0.62,7.5,0.0,0,2.1400661634962708,0.62,2.1400661634962708,0.62,2.1400661634962708,0.0,0.0,0.0,0.0,0.0,0.62,7.5,0.6157142857142857,7.35,-0.9937806700284985,0.11135519690480827
2023-10-09,0.62,7.5,0.0,0,2.1400661634962708,0.62,2.1400661634962708,0.62,2.1400661634962708,0.0,0.0,0.0,0.0,0.0,0.62,7.5,0.6171428571428572,7.3999999999999995,-0.9917226741361016,0.1283983551465503
2023-10-10,0.62,7.5,0.0,0,2.1400661634962708,0.62,2.1400661634962708,0.62,2.1400661634962708,0.0,0.0,0.0,0.0,0.0,0.62,7.5,0.6185714285714285,7.449999999999998,-0.9893724130196829,0.14540367380368996
2023-10-11,0.62,7.5,0.0,0,2.1400661634962708,0.62,2.1400661634962708,0.62,2.1400661634962708,0.0,0.0,0.0,0.0,0.0,0.62,7.5,0.62,7.5,-0.9867305793119814,0.16236614133076377
2023-10-12,0.62,7.5,0.0,0,2.1400661634962708,0.62,2.1400661634962708,0.62,2.1400661634962708,0.0,0.0,0.0,0.0,0.0,0.62,7.5,0.62,7.5,-0.9837979515735163,0.17928075881073555
2023-10-13,0.62,7.5,0.0,0,2.1400661634962708,0.62,2.1400661634962708,0.62,2.1400661634962708,0.0,0.0,0.0,0.0,0.0,0.62,7.5,0.62,7.5,-0.980575394063143,0.19614254142819676
2023-10-14,0.62,7.5,0.2,0,2.1400661634962708,0.62,2.1400661634962708,0.62,2.1400661634962708,0.1999999999999929,0.1999999999999929,0.028571428571427557,0.0,0.0,0.62,7.5,0.62,7.5,-0.9770638564833509,0.21294651993841537
2023-10-15,0.62,7.5,2.0,0,2.1400661634962708,0.62,2.1400661634962708,0.62,2.1400661634962708,2.199999999999993,2.199999999999993,0.3142857142857133,0.0,0.0,0.62,7.5,0.62,7.5,-0.9732643737003827,0.22968774213179508
2023-10-16,0.62,7.5,1.2,0,2.1400661634962708,0.62,2.1400661634962708,0.62,2.1400661634962708,3.3999999999999932,3.3999999999999932,0.48571428571428477,0.0,0.0,0.62,7.5,0.62,7.5,-0.9691780654392538,0.24636127429331414
2023-10-17,0.62,7.5,1.4,0,2.1400661634962708,0.62,2.1400661634962708,0.62,2.1400661634962708,4.5999999999999925,4.799999999999993,0.6857142857142847,0.0,0.0,0.62,7.5,0.62,7.5,-0.9648061359537647,0.262962202656514
2023-10-18,0.62,7.5,3.0,0,2.1400661634962708,0.62,2.1400661634962708,0.62,2.1400661634962708,5.5999999999999925,7.799999999999993,1.1142857142857132,0.0,0.0,0.62,7.5,0.62,7.5,-0.9601498736716018,0.2794856348516095
2023-10-19,0.62,7.5,10.0,0,2.1400661634962708,0.62,2.1400661634962708,0.62,2.1400661634962708,14.399999999999993,17.799999999999994,2.542857142857142,0.0,0.0,0.62,7.5,0.62,7.5,-0.9552106508146317,0.2959267013472893
2023-10-20,0.62,7.5,3.2,0,2.1400661634962708,0.62,2.1400661634962708,0.62,2.1400661634962708,16.199999999999992,20.999999999999993,2.999999999999999,0.0,0.0,0.62,7.5,0.62,7.5,-0.9499899229945011,0.3122805568857945
2023-10-21,0.54,5.11,0.0,0,1.809926773183504,0.62,2.1400661634962708,0.62,2.1400661634962708,13.199999999999992,20.799999999999994,2.9714285714285706,-0.07999999999999996,-2.3899999999999997,0.5933333333333333,6.70333333333334,0.6085714285714285,7.1585714285714275,-0.9444892287836614,0.3285423819108344
2023-10-22,0.54,5.11,3.6,0,1.809926773183504,0.54,1.809926773183504,0.62,2.1400661634962708,6.799999999999994,22.399999999999995,3.1999999999999993,0.0,0.0,0.5666666666666668,5.906666666666674,0.5971428571428571,6.817142857142856,-0.938710189261944,0.3447073839879342
2023-10-23,0.54,5.11,1.6,0,1.809926773183504,0.54,1.809926773183504,0.54,1.809926773183504,5.199999999999993,22.799999999999997,3.2571428571428567,0.0,0.0,0.54,5.11,0.5857142857142856,6.475714285714284,-0.9326545075388223,0.3607707992167836
2023-10-24,0.54,5.11,0.8,0,1.809926773183504,0.54,1.809926773183504,0.54,1.809926773183504,5.999999999999993,22.199999999999992,3.1714285714285704,0.0,0.0,0.54,5.11,0.5742857142857142,6.134285714285713,-0.9263239682514949,0.3767278936351853
2023-10-25,0.54,5.11,26.0,0,1.809926773183504,0.54,1.809926773183504,0.54,1.809926773183504,28.39999999999999,45.19999999999999,6.4571428571428555,0.0,0.0,0.54,5.11,0.562857142857143,5.792857142857143,-0.9197204370389466,0.3925739646141719
2023-10-26,0.57,5.9,31.6,0,1.9315214116032138,0.54,1.809926773183504,0.54,1.809926773183504,58.39999999999999,66.8,9.542857142857143,0.029999999999999916,0.79,0.5499999999999999,5.373333333333341,0.5557142857142857,5.564285714285714,-0.9128458599921356,0.40830434224389334
2023-10-27,0.53,4.91,0.6,0,1.776645831418007,0.57,1.9315214116032138,0.54,1.809926773183504,58.199999999999996,64.19999999999999,9.171428571428569,-0.039999999999999925,-0.9900000000000002,0.5466666666666666,5.306666666666675,0.5428571428571428,5.194285714285713,-0.9057022630804715,0.42391439070986053
2023-10-28,0.23,1.18,9.8,0,0.7793248768009976,0.53,1.776645831418007,0.57,1.9315214116032138,41.99999999999999,73.99999999999999,10.57142857142857,-0.30000000000000004,-3.7300000000000004,0.44333333333333336,3.9966666666666737,0.4985714285714286,4.632857142857142,-0.898291751554753,0.4393995096591413
2023-10-29,0.23,1.18,1.4,0,0.7793248768009976,0.23,0.7793248768009976,0.53,1.776645831418007,11.799999999999994,71.8,10.257142857142856,0.0,0.0,0.33,2.4233333333333404,0.4542857142857143,4.071428571428571,-0.8906165093267406,0.4547551355561054
2023-10-30,0.23,1.18,0.0,0,0.7793248768009976,0.23,0.7793248768009976,0.23,0.7793248768009976,11.199999999999994,70.19999999999999,10.028571428571427,0.0,0.0,0.23,1.18,0.41000000000000003,3.509999999999999,-0.8826787983255476,0.46997674302731957
2023-10-31,0.23,1.18,0.6,0,0.7793248768009976,0.23,0.7793248768009976,0.23,0.7793248768009976,1.999999999999993,69.99999999999999,9.999999999999998,0.0,0.0,0.23,1.18,0.3657142857142857,2.9485714285714275,-0.8744809578310401,0.4850598461951956
2023-11-01,0.25,1.37,22.2,0,0.8628899551470398,0.23,0.7793248768009976,0.23,0.7793248768009976,22.799999999999994,66.19999999999999,9.457142857142856,0.01999999999999999,0.19000000000000017,0.23666666666666666,1.2433333333333405,0.3242857142857143,2.4142857142857133,-0.8660254037844386,0.5000000000000001
2023-11-02,0.25,1.37,0.4,0,0.8628899551470398,0.25,0.8628899551470398,0.23,0.7793248768009976,23.199999999999992,34.99999999999999,4.999999999999999,0.0,0.0,0.24333333333333332,1.3066666666666737,0.2785714285714286,1.7671428571428562,-0.8573146280763323,0.5147928015098306
2023-11-03,0.24,1.28,1.6,0,0.8241754429663494,0.25,0.8628899551470398,0.25,0.8628899551470398,24.199999999999992,35.99999999999999,5.1428571428571415,-0.010000000000000009,-0.09000000000000008,0.24666666666666667,1.3400000000000072,0.23714285714285716,1.2485714285714276,-0.848351197812304,0.5294338912181851
2023-11-04,0.25,1.37,2.0,0,0.8628899551470398,0.24,0.8241754429663494,0.25,0.8628899551470398,3.999999999999993,28.19999999999999,4.028571428571427,0.010000000000000009,0.09000000000000008,0.24666666666666667,1.3400000000000072,0.24000000000000002,1.2757142857142847,-0.8391377545563939,0.5439189543287245
2023-11-05,0.24,1.28,0.0,0,0.8241754429663494,0.25,0.8628899551470398,0.24,0.8241754429663494,3.599999999999993,26.79999999999999,3.828571428571427,-0.010000000000000009,-0.09000000000000008,0.24333333333333332,1.3100000000000072,0.2414285714285714,1.2899999999999991,-0.8296770135526191,0.5582437220268645
2023-11-06,0.24,1.28,3.8,0,0.8241754429663494,0.24,0.8241754429663494,0.25,0.8628899551470398,5.799999999999993,30.59999999999999,4.37142857142857,0.0,0.0,0.24333333333333332,1.3100000000000074,0.24285714285714288,1.3042857142857134,-0.8199717629247775,0.5724039727378144
2023-11-07,0.24,1.28,0.0,0,0.8241754429663494,0.24,0.8241754429663494,0.24,0.8241754429663494,3.7999999999999927,29.999999999999993,4.285714285714285,0.0,0.0,0.24,1.28,0.24428571428571427,1.3185714285714276,-0.8100248628547756,0.5863955333706952
2023-11-08,0.24,1.28,5.8,0,0.8241754429663494,0.24,0.8241754429663494,0.24,0.8241754429663494,9.599999999999993,13.599999999999993,1.9428571428571417,0.0,0.0,0.24,1.28,0.24285714285714288,1.3057142857142847,-0.7998392447397198,0.6002142805483676
2023-11-09,0.24,1.28,0.0,0,0.8241754429663494,0.24,0.8241754429663494,0.24,0.8241754429663494,5.799999999999993,13.199999999999992,1.8857142857142846,0.0,0.0,0.24,1.28,0.2414285714285714,1.292857142857142,-0.7894179103280197,0.613856141822612
2023-11-10,0.24,1.28,3.0,0,0.8241754429663494,0.24,0.8241754429663494,0.24,0.8241754429663494,8.799999999999994,14.599999999999993,2.0857142857142845,0.0,0.0,0.24,1.28,0.2414285714285714,1.292857142857142,-0.7787639308347607,0.6273170968742937
2023-11-11,0.24,1.28,0.4,0,0.8241754429663494,0.24,0.8241754429663494,0.24,0.8241754429663494,3.399999999999993,12.999999999999993,1.857142857142856,0.0,0.0,0.24,1.28,0.24,1.28,-0.7678804460366002,0.640593178698175
2023-11-12,0.24,1.28,0.2,0,0.8241754429663494,0.24,0.8241754429663494,0.24,0.8241754429663494,3.599999999999993,13.199999999999992,1.8857142857142846,0.0,0.0,0.24,1.28,0.24,1.28,-0.7567706633464628,0.6536804747720056
2023-11-13,0.25,1.37,0.0,0,0.8628899551470398,0.24,0.8241754429663494,0.24,0.8241754429663494,0.599999999999993,9.399999999999991,1.3428571428571416,0.010000000000000009,0.09000000000000008,0.24333333333333332,1.310000000000007,0.2414285714285714,1.292857142857142,-0.7454378568682999,0.6665751282095634
2023-11-14,0.24,1.28,2.2,0,0.8241754429663494,0.25,0.8628899551470398,0.24,0.8241754429663494,2.3999999999999932,11.599999999999993,1.6571428571428561,-0.010000000000000009,-0.09000000000000008,0.24333333333333332,1.3100000000000072,0.2414285714285714,1.292857142857142,-0.7338853664321989,0.6792733388972934
2023-11-15,0.24,1.28,0.0,0,0.8241754429663494,0.24,0.8241754429663494,0.25,0.8628899551470398,2.199999999999993,5.799999999999994,0.8285714285714276,0.0,0.0,0.24333333333333332,1.3100000000000074,0.2414285714285714,1.292857142857142,-0.7221165966101161,0.6917713646142221
2023-11-16,0.25,1.37,0.2,0,0.8628899551470398,0.24,0.8241754429663494,0.24,0.8241754429663494,2.3999999999999932,5.999999999999993,0.8571428571428561,0.010000000000000009,0.09000000000000008,0.24333333333333332,1.3100000000000074,0.24285714285714288,1.3057142857142847,-0.7101350157125358,0.7040655221348057
2023-11-17,0.25,1.37,0.0,0,0.8628899551470398,0.25,0.8628899551470398,0.24,0.8241754429663494,0.1999999999999929,2.9999999999999933,0.4285714285714276,0.0,0.0,0.24666666666666667,1.3400000000000072,0.24428571428571427,1.3185714285714276,-0.6979441547663436,0.7161521883143932
2023-11-18,0.24,1.28,0.0,0,0.8241754429663494,0.25,0.8628899551470398,0.25,0.8628899551470398,0.1999999999999929,2.5999999999999934,0.3714285714285705,-0.010000000000000009,-0.09000000000000008,0.24666666666666667,1.340000000000007,0.24428571428571427,1.3185714285714276,-0.6855476064742156,0.7280278011569846
2023-11-19,0.24,1.28,0.2,0,0.8241754429663494,0.24,0.8241754429663494,0.25,0.8628899551470398,0.1999999999999929,2.599999999999993,0.37142857142857044,0.0,0.0,0.24333333333333332,1.310000000000007,0.24428571428571427,1.3185714285714276,-0.6729490241558331,0.7396888608649665
2023-11-20,0.24,1.28,0.4,0,0.8241754429663494,0.24,0.8241754429663494,0.24,0.8241754429663494,0.599999999999993,2.999999999999993,0.42857142857142755,0.0,0.0,0.24,1.28,0.24285714285714283,1.3057142857142847,-0.6601521206712321,0.7511319308705195
2023-11-21,0.24,1.28,19.8,0,0.8241754429663494,0.24,0.8241754429663494,0.24,0.8241754429663494,20.399999999999995,20.599999999999994,2.942857142857142,0.0,0.0,0.24,1.28,0.24285714285714288,1.3057142857142847,-0.6471606673266065,0.7623536388483899
2023-11-22,0.24,1.28,1.8,0,0.8241754429663494,0.24,0.8241754429663494,0.24,0.8241754429663494,21.999999999999996,22.399999999999995,3.1999999999999993,0.0,0.0,0.24,1.28,0.24285714285714283,1.3057142857142847,-0.6339784927628872,0.7733506777097294
2023-11-23,0.24,1.28,0.0,0,0.8241754429663494,0.24,0.8241754429663494,0.24,0.8241754429663494,21.599999999999994,22.199999999999996,3.171428571428571,0.0,0.0,0.24,1.28,0.2414285714285714,1.292857142857142,-0.6206094818274227,0.7841198065767104
2023-11-24,0.24,1.28,0.0,0,0.8241754429663494,0.24,0.8241754429663494,0.24,0.8241754429663494,1.799999999999993,22.199999999999996,3.171428571428571,0.0,0.0,0.24,1.28,0.24,1.28,-0.607057574429101,0.7946578517376245
2023-11-25,0.24,1.28,0.4,0,0.8241754429663494,0.24,0.8241754429663494,0.24,0.8241754429663494,0.3999999999999929,22.599999999999994,3.2285714285714278,0.0,0.0,0.24,1.28,0.24,1.28,-0.5933267643772321,0.8049617075821958
2023-11-26,0.24,1.28,0.0,0,0.8241754429663494,0.24,0.8241754429663494,0.24,0.8241754429663494,0.3999999999999929,22.399999999999995,3.1999999999999993,0.0,0.0,0.24,1.28,0.24,1.28,-0.5794210982045647,0.8150283375168107
2023-11-27,0.24,1.28,2.0,0,0.8241754429663494,0.24,0.8241754429663494,0.24,0.8241754429663494,2.399999999999993,23.999999999999993,3.4285714285714275,0.0,0.0,0.24,1.28,0.24,1.28,-0.5653446739747432,0.8248547748594242
2023-11-28,0.24,1.28,0.4,0,0.8241754429663494,0.24,0.8241754429663494,0.24,0.8241754429663494,2.399999999999993,4.599999999999993,0.6571428571428563,0.0,0.0,0.24,1.28,0.24,1.28,-0.5511016400745998,0.8344381237138475
2023-11-29,0.24,1.28,10.4,0,0.8241754429663494,0.24,0.8241754429663494,0.24,0.8241754429663494,12.799999999999994,13.199999999999994,1.8857142857142848,0.0,0.0,0.24,1.28,0.24,1.28,-0.5366961939916011,0.8437755598231853
2023-11-30,0.26,1.46,32.0,0,0.9001613499442714,0.24,0.8241754429663494,0.24,0.8241754429663494,42.8,45.199999999999996,6.457142857142856,0.020000000000000018,0.17999999999999994,0.24666666666666667,1.340000000000007,0.24285714285714283,1.3057142857142847,-0.5221325810768248,0.8528643314021598
2023-12-01,0.25,1.37,8.6,0,0.8628899551470398,0.26,0.9001613499442714,0.24,0.8241754429663494,51.0,53.8,7.685714285714285,-0.010000000000000009,-0.08999999999999986,0.25,1.3700000000000072,0.24428571428571427,1.3185714285714276,-0.5074150932938463,0.8617017599480677
2023-12-02,0.25,1.37,0.0,0,0.8628899551470398,0.25,0.8628899551470398,0.26,0.9001613499442714,40.599999999999994,53.4,7.628571428571428,0.0,0.0,0.25333333333333335,1.4000000000000072,0.2457142857142857,1.3314285714285705,-0.4925480679538645,0.8702852410301551
2023-12-03,0.24,1.28,2.0,0,0.8241754429663494,0.25,0.8628899551470398,0.25,0.8628899551470398,10.599999999999996,55.4,7.914285714285714,-0.010000000000000009,-0.09000000000000008,0.24666666666666667,1.340000000000007,0.24571428571428575,1.3314285714285705,-0.47753588643748845,0.8786122450571482
2023-12-04,0.24,1.28,2.0,0,0.8241754429663494,0.24,0.8241754429663494,0.25,0.8628899551470398,3.9999999999999964,55.4,7.914285714285714,0.0,0.0,0.24333333333333332,1.310000000000007,0.2457142857142857,1.3314285714285705,-0.4623829729035152,0.8866803180227398
2023-12-05,0.24,1.28,0.0,0,0.8241754429663494,0.24,0.8241754429663494,0.24,0.8241754429663494,3.9999999999999964,55.0,7.857142857142857,0.0,0.0,0.24,1.28,0.24571428571428575,1.3314285714285705,-0.44709379298511437,0.8944870822287954
2023-12-06,0.24,1.28,0.8,0,0.8241754429663494,0.24,0.8241754429663494,0.24,0.8241754429663494,2.7999999999999963,45.39999999999999,6.485714285714285,0.0,0.0,0.24,1.28,0.2457142857142857,1.3314285714285705,-0.43167285247378356,0.9020302369860709
2023-12-07,0.24,1.28,4.4,0,0.8241754429663494,0.24,0.8241754429663494,0.24,0.8241754429663494,5.199999999999997,17.799999999999994,2.542857142857142,0.0,0.0,0.24,1.28,0.24285714285714288,1.3057142857142847,-0.4161246959914751,0.9093075592922355
2023-12-08,0.24,1.28,0.0,0,0.8241754429663494,0.24,0.8241754429663494,0.24,0.8241754429663494,5.199999999999997,9.199999999999992,1.3142857142857132,0.0,0.0,0.24,1.28,0.2414285714285714,1.292857142857142,-0.4004539056512665,0.9163169044870048
2023-12-09,0.24,1.28,0.0,0,0.8241754429663494,0.24,0.8241754429663494,0.24,0.8241754429663494,4.399999999999997,9.199999999999992,1.3142857142857132,0.0,0.0,0.24,1.28,0.24,1.28,-0.3846650997070013,0.923056206884176
2023-12-10,0.24,1.28,0.0,0,0.8241754429663494,0.24,0.8241754429663494,0.24,0.8241754429663494,0.0,7.199999999999993,1.0285714285714276,0.0,0.0,0.24,1.28,0.24,1.28,-0.3687629311922604,0.9295234803804002
2023-12-11,0.24,1.28,0.0,0,0.8241754429663494,0.24,0.8241754429663494,0.24,0.8241754429663494,0.0,5.199999999999993,0.7428571428571419,0.0,0.0,0.24,1.28,0.24,1.28,-0.3527520865490943,0.9357168190404939
2023-12-12,0.24,1.28,0.6,0,0.8241754429663494,0.24,0.8241754429663494,0.24,0.8241754429663494,0.5999999999999964,5.799999999999993,0.8285714285714275,0.0,0.0,0.24,1.28,0.24,1.28,-0.3366372842469107,0.9416343976591258
2023-12-13,0.24,1.28,3.2,0,0.8241754429663494,0.24,0.8241754429663494,0.24,0.8241754429663494,3.7999999999999967,8.199999999999994,1.1714285714285706,0.0,0.0,0.24,1.28,0.24,1.28,-0.3204232733919109,0.947274472298717
2023-12-14,0.24,1.28,1.2,0,0.8241754429663494,0.24,0.8241754429663494,0.24,0.8241754429663494,4.9999999999999964,4.999999999999993,0.7142857142857133,0.0,0.0,0.24,1.28,0.24,1.28,-0.30411483232751857,0.9526353808033823
2023-12-15,0.24,1.28,0.4,0,0.8241754429663494,0.24,0.8241754429663494,0.24,0.8241754429663494,4.799999999999997,5.399999999999993,0.7714285714285705,0.0,0.0,0.24,1.28,0.24,1.28,-0.28771676722616696,0.9577155432887803
2023-12-16,0.24,1.28,0.0,0,0.8241754429663494,0.24,0.8241754429663494,0.24,0.8241754429663494,1.5999999999999965,5.399999999999993,0.7714285714285705,0.0,0.0,0.24,1.28,0.24,1.28,-0.27123391067291097,0.9625134626077079
2023-12-17,0.24,1.28,0.0,0,0.8241754429663494,0.24,0.8241754429663494,0.24,0.8241754429663494,0.39999999999999647,5.399999999999993,0.7714285714285705,0.0,0.0,0.24,1.28,0.24,1.28,-0.25467112024122895,0.9670277247913203
2023-12-18,0.24,1.28,0.0,0,0.8241754429663494,0.24,0.8241754429663494,0.24,0.8241754429663494,0.0,5.399999999999993,0.7714285714285705,0.0,0.0,0.24,1.28,0.24,1.28,-0.23803327706148678,0.9712569994658311
2023-12-19,0.24,1.28,6.4,0,0.8241754429663494,0.24,0.8241754429663494,0.24,0.8241754429663494,6.399999999999997,11.199999999999994,1.5999999999999992,0.0,0.0,0.24,1.28,0.24,1.28,-0.22132528438243296,0.9752000402445824
2023-12-20,0.24,1.28,2.6,0,0.8241754429663494,0.24,0.8241754429663494,0.24,0.8241754429663494,8.999999999999996,10.599999999999993,1.5142857142857131,0.0,0.0,0.24,1.28,0.24,1.28,-0.2045520661262005,0.9788556850953579
2023-12-21,0.24,1.28,0.0,0,0.8241754429663494,0.24,0.8241754429663494,0.24,0.8241754429663494,8.999999999999996,9.399999999999993,1.3428571428571419,0.0,0.0,0.24,1.28,0.24,1.28,-0.1877185654371994,0.9822228566828405
2023-12-22,0.24,1.28,0.0,0,0.8241754429663494,0.24,0.8241754429663494,0.24,0.8241754429663494,2.5999999999999965,8.999999999999993,1.2857142857142847,0.0,0.0,0.24,1.28,0.24,1.28,-0.17082974322534408,0.985300562686109
2023-12-23,0.24,1.28,0.0,0,0.8241754429663494,0.24,0.8241754429663494,0.24,0.8241754429663494,0.0,8.999999999999993,1.2857142857142847,0.0,0.0,0.24,1.28,0.24,1.28,-0.1538905767040627,0.9880878960910771
2023-12-24,0.24,1.28,0.2,0,0.8241754429663494,0.24,0.8241754429663494,0.24,0.8241754429663494,0.19999999999999646,9.199999999999994,1.3142857142857134,0.0,0.0,0.24,1.28,0.24,1.28,-0.1369060579234754,0.9905840354577969
2023-12-25,0.24,1.28,0.0,0,0.8241754429663494,0.24,0.8241754429663494,0.24,0.8241754429663494,0.19999999999999646,9.199999999999994,1.3142857142857134,0.0,0.0,0.24,1.28,0.24,1.28,-0.1198811922992275,0.99278824516254
2023-12-26,0.24,1.28,0.0,0,0.8241754429663494,0.24,0.8241754429663494,0.24,0.8241754429663494,0.19999999999999646,2.799999999999993,0.399999999999999,0.0,0.0,0.24,1.28,0.24,1.28,-0.1028209971373608,0.9946998756145891
2023-12-27,0.24,1.28,0.0,0,0.8241754429663494,0.24,0.8241754429663494,0.24,0.8241754429663494,0.0,0.1999999999999929,0.028571428571427557,0.0,0.0,0.24,1.28,0.24,1.28,-0.08573050015569487,0.9963183634476755
2023-12-28,0.24,1.28,0.0,0,0.8241754429663494,0.24,0.8241754429663494,0.24,0.8241754429663494,0.0,0.1999999999999929,0.028571428571427557,0.0,0.0,0.24,1.28,0.24,1.28,-0.06861473800213468,0.9976432316860063
2023-12-29,0.24,1.28,0.0,0,0.8241754429663494,0.24,0.8241754429663494,0.24,0.8241754429663494,0.0,0.1999999999999929,0.028571428571427557,0.0,0.0,0.24,1.28,0.24,1.28,-0.05147875477034641,0.9986740898848305
2023-12-30,0.24,1.28,0.4,0,0.8241754429663494,0.24,0.8241754429663494,0.24,0.8241754429663494,0.39999999999999647,0.599999999999993,0.08571428571428472,0.0,0.0,0.24,1.28,0.24,1.28,-0.034327600513243496,0.9994106342455052
2023-12-31,0.24,1.28,0.0,0,0.8241754429663494,0.24,0.8241754429663494,0.24,0.8241754429663494,0.39999999999999647,0.3999999999999929,0.05714285714285613,0.0,0.0,0.24,1.28,0.24,1.28,-0.017166329754707492,0.9998526477050269
2024-01-01,0.24,1.28,0.0,0,0.8241754429663494,0.24,0.8241754429663494,0.24,0.8241754429663494,0.39999999999999647,0.3999999999999929,0.05714285714285613,0.0,0.0,0.24,1.28,0.24,1.28,0.01716632975470737,0.9998526477050269
2024-01-02,0.24,1.28,7.2,0,0.8241754429663494,0.24,0.8241754429663494,0.24,0.8241754429663494,7.199999999999997,7.599999999999993,1.0857142857142847,0.0,0.0,0.24,1.28,0.24,1.28,0.034327600513243496,0.9994106342455052
2024-01-03,0.24,1.28,0.0,0,0.8241754429663494,0.24,0.8241754429663494,0.24,0.8241754429663494,7.199999999999997,7.599999999999993,1.0857142857142847,0.0,0.0,0.24,1.28,0.24,1.28,0.05147875477034653,0.9986740898848305
2024-01-04,0.24,1.28,1.0,0,0.8241754429663494,0.24,0.8241754429663494,0.24,0.8241754429663494,8.199999999999996,8.599999999999994,1.2285714285714278,0.0,0.0,0.24,1.28,0.24,1.28,0.06861473800213404,0.9976432316860063
2024-01-05,0.24,1.28,12.0,0,0.8241754429663494,0.24,0.8241754429663494,0.24,0.8241754429663494,12.999999999999996,20.599999999999994,2.942857142857142,0.0,0.0,0.24,1.28,0.24,1.28,0.08573050015569435,0.9963183634476755
2024-01-06,0.24,1.28,15.6,0,0.8241754429663494,0.24,0.8241754429663494,0.24,0.8241754429663494,28.599999999999994,35.8,5.114285714285714,0.0,0.0,0.24,1.28,0.24,1.28,0.1028209971373604,0.9946998756145891
2024-01-07,0.24,1.28,9.4,0,0.8241754429663494,0.24,0.8241754429663494,0.24,0.8241754429663494,37.0,45.199999999999996,6.457142857142856,0.0,0.0,0.24,1.28,0.24,1.28,0.11988119229922722,0.99278824516254
2024-01-08,0.24,1.28,2.4,0,0.8241754429663494,0.24,0.8241754429663494,0.24,0.8241754429663494,27.399999999999995,47.599999999999994,6.799999999999999,0.0,0.0,0.24,1.28,0.24,1.28,0.13690605792347524,0.990584035457797
2024-01-09,0.24,1.28,0.0,0,0.8241754429663494,0.24,0.8241754429663494,0.24,0.8241754429663494,11.799999999999997,40.39999999999999,5.7714285714285705,0.0,0.0,0.24,1.28,0.24,1.28,0.15389057670406178,0.9880878960910772
2024-01-10,0.24,1.28,0.2,0,0.8241754429663494,0.24,0.8241754429663494,0.24,0.8241754429663494,2.5999999999999965,40.599999999999994,5.799999999999999,0.0,0.0,0.24,1.28,0.24,1.28,0.17082974322534417,0.985300562686109
2024-01-11,0.24,1.28,2.4,0,0.8241754429663494,0.24,0.8241754429663494,0.24,0.8241754429663494,2.5999999999999965,41.99999999999999,5.999999999999999,0.0,0.0,0.24,1.28,0.24,1.28,0.1877185654371987,0.9822228566828407
2024-01-12,0.24,1.28,0.2,0,0.8241754429663494,0.24,0.8241754429663494,0.24,0.8241754429663494,2.7999999999999967,30.199999999999992,4.314285714285713,0.0,0.0,0.24,1.28,0.24,1.28,0.2045520661262008,0.9788556850953578
2024-01-13,0.24,1.28,0.0,0,0.8241754429663494,0.24,0.8241754429663494,0.24,0.8241754429663494,2.5999999999999965,14.599999999999993,2.0857142857142845,0.0,0.0,0.24,1.28,0.24,1.28,0.22132528438243257,0.9752000402445825
2024-01-14,0.24,1.28,0.8,0,0.8241754429663494,0.24,0.8241754429663494,0.24,0.8241754429663494,0.9999999999999964,5.999999999999993,0.8571428571428561,0.0,0.0,0.24,1.28,0.24,1.28,0.2380332770614856,0.9712569994658314
2024-01-15,0.24,1.28,1.6,0,0.8241754429663494,0.24,0.8241754429663494,0.24,0.8241754429663494,2.399999999999997,5.199999999999993,0.7428571428571419,0.0,0.0,0.24,1.28,0.24,1.28,0.2546711202412287,0.9670277247913204
2024-01-16,0.24,1.28,1.0,0,0.8241754429663494,0.24,0.8241754429663494,0.24,0.8241754429663494,3.399999999999997,6.199999999999993,0.8857142857142847,0.0,0.0,0.24,1.28,0.24,1.28,0.27123391067291003,0.9625134626077081
2024-01-17,0.24,1.28,1.0,0,0.8241754429663494,0.24,0.8241754429663494,0.24,0.8241754429663494,3.599999999999997,6.999999999999993,0.999999999999999,0.0,0.0,0.24,1.28,0.24,1.28,0.287716767226167,0.9577155432887803
2024-01-18,0.24,1.28,1.0,0,0.8241754429663494,0.24,0.8241754429663494,0.24,0.8241754429663494,3.0,5.5999999999999925,0.7999999999999989,0.0,0.0,0.24,1.28,0.24,1.28,0.30411483232751785,0.9526353808033826
2024-01-19,0.24,1.28,0.0,0,0.8241754429663494,0.24,0.8241754429663494,0.24,0.8241754429663494,1.9999999999999964,5.399999999999993,0.7714285714285705,0.0,0.0,0.24,1.28,0.24,1.28,0.3204232733919111,0.9472744722987169
2024-01-20,0.24,1.28,0.0,0,0.8241754429663494,0.24,0.8241754429663494,0.24,0.8241754429663494,0.9999999999999964,5.399999999999993,0.7714285714285705,0.0,0.0,0.24,1.28,0.24,1.28,0.33663728424691025,0.9416343976591259
2024-01-21,0.24,1.28,0.0,0,0.8241754429663494,0.24,0.8241754429663494,0.24,0.8241754429663494,0.0,4.5999999999999925,0.657142857142856,0.0,0.0,0.24,1.28,0.24,1.28,0.3527520865490948,0.9357168190404936
2024-01-22,0.24,1.28,0.0,0,0.8241754429663494,0.24,0.8241754429663494,0.24,0.8241754429663494,0.0,2.999999999999993,0.42857142857142755,0.0,0.0,0.24,1.28,0.24,1.28,0.3687629311922601,0.9295234803804003
2024-01-23,0.24,1.28,0.0,0,0.8241754429663494,0.24,0.8241754429663494,0.24,0.8241754429663494,0.0,1.999999999999993,0.2857142857142847,0.0,0.0,0.24,1.28,0.24,1.28,0.3846650997070012,0.9230562068841761
2024-01-24,0.24,1.28,0.0,0,0.8241754429663494,0.24,0.8241754429663494,0.24,0.8241754429663494,0.0,0.9999999999999929,0.14285714285714185,0.0,0.0,0.24,1.28,0.24,1.28,0.40045390565126643,0.9163169044870048
2024-01-25,0.24,1.28,0.0,0,0.8241754429663494,0.24,0.8241754429663494,0.24,0.8241754429663494,0.0,0.0,0.0,0.0,0.0,0.24,1.28,0.24,1.28,0.41612469599147445,0.9093075592922358
2024-01-26,0.24,1.28,0.0,0,0.8241754429663494,0.24,0.8241754429663494,0.24,0.8241754429663494,0.0,0.0,0.0,0.0,0.0,0.24,1.28,0.24,1.28,0.43167285247378384,0.9020302369860707
2024-01-27,0.24,1.28,0.0,0,0.8241754429663494,0.24,0.8241754429663494,0.24,0.8241754429663494,0.0,0.0,0.0,0.0,0.0,0.24,1.28,0.24,1.28,0.44709379298511387,0.8944870822287956
2024-01-28,0.24,1.28,0.0,0,0.8241754429663494,0.24,0.8241754429663494,0.24,0.8241754429663494,0.0,0.0,0.0,0.0,0.0,0.24,1.28,0.24,1.28,0.4623829729035149,0.88668031802274
2024-01-29,0.24,1.28,0.0,0,0.8241754429663494,0.24,0.8241754429663494,0.24,0.8241754429663494,0.0,0.0,0.0,0.0,0.0,0.24,1.28,0.24,1.28,0.47753588643748823,0.8786122450571483
2024-01-30,0.24,1.28,0.0,0,0.8241754429663494,0.24,0.8241754429663494,0.24,0.8241754429663494,0.0,0.0,0.0,0.0,0.0,0.24,1.28,0.24,1.28,0.4925480679538643,0.8702852410301553
2024-01-31,0.24,1.28,0.0,0,0.8241754429663494,0.24,0.8241754429663494,0.24,0.8241754429663494,0.0,0.0,0.0,0.0,0.0,0.24,1.28,0.24,1.28,0.5074150932938455,0.8617017599480682
2024-02-01,0.24,1.28,0.0,0,0.8241754429663494,0.24,0.8241754429663494,0.24,0.8241754429663494,0.0,0.0,0.0,0.0,0.0,0.24,1.28,0.24,1.28,0.5221325810768248,0.8528643314021597
2024-02-02,0.24,1.28,0.2,0,0.8241754429663494,0.24,0.8241754429663494,0.24,0.8241754429663494,0.19999999999999646,0.1999999999999929,0.028571428571427557,0.0,0.0,0.24,1.28,0.24,1.28,0.5366961939916004,0.8437755598231856
2024-02-03,0.24,1.28,0.0,0,0.8241754429663494,0.24,0.8241754429663494,0.24,0.8241754429663494,0.19999999999999646,0.1999999999999929,0.028571428571427557,0.0,0.0,0.24,1.28,0.24,1.28,0.5511016400746002,0.8344381237138473
2024-02-04,0.24,1.28,0.0,0,0.8241754429663494,0.24,0.8241754429663494,0.24,0.8241754429663494,0.19999999999999646,0.1999999999999929,0.028571428571427557,0.0,0.0,0.24,1.28,0.24,1.28,0.5653446739747429,0.8248547748594244
2024-02-05,0.24,1.28,0.0,0,0.8241754429663494,0.24,0.8241754429663494,0.24,0.8241754429663494,0.0,0.1999999999999929,0.028571428571427557,0.0,0.0,0.24,1.28,0.24,1.28,0.5794210982045637,0.8150283375168114
2024-02-06,0.25,1.37,0.0,0,0.8628899551470398,0.24,0.8241754429663494,0.24,0.8241754429663494,0.0,0.1999999999999929,0.028571428571427557,0.010000000000000009,0.09000000000000008,0.24333333333333332,1.3100000000000072,0.2414285714285714,1.292857142857142,0.593326764377232,0.8049617075821959
2024-02-07,0.25,1.37,0.0,0,0.8628899551470398,0.25,0.8628899551470398,0.24,0.8241754429663494,0.0,0.1999999999999929,0.028571428571427557,0.0,0.0,0.24666666666666667,1.3400000000000072,0.24285714285714288,1.3057142857142847,0.6070575744291002,0.7946578517376252
2024-02-08,0.25,1.37,6.6,0,0.8628899551470398,0.25,0.8628899551470398,0.25,0.8628899551470398,6.599999999999996,6.799999999999993,0.9714285714285704,0.0,0.0,0.25,1.37,0.24428571428571427,1.3185714285714276,0.6206094818274227,0.7841198065767104
2024-02-09,0.25,1.37,12.2,0,0.8628899551470398,0.25,0.8628899551470398,0.25,0.8628899551470398,18.799999999999997,18.79999999999999,2.685714285714284,0.0,0.0,0.25,1.37,0.24571428571428575,1.3314285714285705,0.6339784927628866,0.7733506777097299
2024-02-10,0.25,1.37,0.0,0,0.8628899551470398,0.25,0.8628899551470398,0.25,0.8628899551470398,18.799999999999997,18.79999999999999,2.685714285714284,0.0,0.0,0.25,1.37,0.24714285714285714,1.3442857142857132,0.647160667326606,0.7623536388483904
2024-02-11,0.25,1.37,0.0,0,0.8628899551470398,0.25,0.8628899551470398,0.25,0.8628899551470398,12.199999999999996,18.79999999999999,2.685714285714284,0.0,0.0,0.25,1.37,0.2485714285714286,1.357142857142856,0.6601521206712317,0.7511319308705199
2024-02-12,0.27,1.56,0.0,0,0.9400072584914712,0.25,0.8628899551470398,0.25,0.8628899551470398,0.0,18.79999999999999,2.685714285714284,0.020000000000000018,0.18999999999999995,0.25666666666666665,1.4333333333333407,0.25285714285714284,1.3971428571428564,0.6729490241558329,0.7396888608649668
2024-02-13,0.24,1.28,0.0,0,0.8241754429663494,0.27,0.9400072584914712,0.25,0.8628899551470398,0.0,18.79999999999999,2.685714285714284,-0.030000000000000027,-0.28,0.25333333333333335,1.4033333333333404,0.2514285714285714,1.3842857142857132,0.6855476064742154,0.7280278011569848
2024-02-14,0.24,1.28,0.0,0,0.8241754429663494,0.24,0.8241754429663494,0.27,0.9400072584914712,0.0,18.79999999999999,2.685714285714284,0.0,0.0,0.25,1.3733333333333404,0.25,1.3714285714285706,0.6979441547663435,0.7161521883143933
2024-02-15,0.25,1.37,21.4,0,0.8628899551470398,0.24,0.8241754429663494,0.24,0.8241754429663494,21.399999999999995,33.59999999999999,4.799999999999998,0.010000000000000009,0.09000000000000008,0.24333333333333332,1.3100000000000072,0.25,1.3714285714285703,0.7101350157125358,0.7040655221348057
2024-02-16,0.25,1.37,0.4,0,0.8628899551470398,0.25,0.8628899551470398,0.24,0.8241754429663494,21.799999999999994,21.799999999999986,3.1142857142857125,0.0,0.0,0.24666666666666667,1.3400000000000072,0.25,1.3714285714285706,0.7221165966101162,0.6917713646142218
2024-02-17,0.24,1.28,0.0,0,0.8241754429663494,0.25,0.8628899551470398,0.25,0.8628899551470398,21.799999999999994,21.799999999999986,3.1142857142857125,-0.010000000000000009,-0.09000000000000008,0.24666666666666667,1.3400000000000072,0.24857142857142853,1.3585714285714274,0.733885366432199,0.6792733388972931
2024-02-18,0.24,1.28,0.6,0,0.8241754429663494,0.24,0.8241754429663494,0.25,0.8628899551470398,0.9999999999999964,22.399999999999988,3.1999999999999984,0.0,0.0,0.24333333333333332,1.3100000000000072,0.24714285714285714,1.3457142857142848,0.7454378568683001,0.6665751282095632
2024-02-19,0.24,1.28,0.2,0,0.8241754429663494,0.24,0.8241754429663494,0.24,0.8241754429663494,0.7999999999999965,22.599999999999987,3.228571428571427,0.0,0.0,0.24,1.28,0.24285714285714283,1.3057142857142847,0.7567706633464626,0.653680474772006
2024-02-20,0.23,1.18,0.2,0,0.7793248768009976,0.24,0.8241754429663494,0.24,0.8241754429663494,0.9999999999999964,22.799999999999986,3.2571428571428553,-0.009999999999999981,-0.10000000000000009,0.23666666666666666,1.2466666666666737,0.24142857142857146,1.2914285714285705,0.7678804460366,0.6405931786981751
2024-02-21,0.24,1.28,0.0,0,0.8241754429663494,0.23,0.7793248768009976,0.24,0.8241754429663494,0.39999999999999647,22.799999999999986,3.2571428571428553,0.009999999999999981,0.10000000000000009,0.23666666666666666,1.246666666666674,0.24142857142857146,1.2914285714285705,0.7787639308347607,0.6273170968742937
2024-02-22,0.24,1.28,17.2,0,0.8241754429663494,0.24,0.8241754429663494,0.23,0.7793248768009976,17.399999999999995,18.599999999999987,2.6571428571428553,0.0,0.0,0.23666666666666666,1.2466666666666737,0.24,1.2785714285714274,0.7894179103280197,0.613856141822612
2024-02-23,0.24,1.28,0.2,0,0.8241754429663494,0.24,0.8241754429663494,0.24,0.8241754429663494,17.399999999999995,18.399999999999988,2.628571428571427,0.0,0.0,0.24,1.28,0.2385714285714286,1.2657142857142847,0.7998392447397193,0.6002142805483682
2024-02-24,0.24,1.28,5.8,0,0.8241754429663494,0.24,0.8241754429663494,0.24,0.8241754429663494,23.199999999999996,24.19999999999999,3.4571428571428555,0.0,0.0,0.24,1.28,0.2385714285714286,1.2657142857142847,0.8100248628547753,0.5863955333706956
2024-02-25,0.25,1.37,11.8,0,0.8628899551470398,0.24,0.8241754429663494,0.24,0.8241754429663494,17.799999999999997,35.39999999999999,5.057142857142856,0.010000000000000009,0.09000000000000008,0.24333333333333332,1.3100000000000072,0.24000000000000002,1.2785714285714278,0.8199717629247771,0.5724039727378148
2024-02-26,0.28,1.65,27.4,0,0.9745596399981308,0.25,0.8628899551470398,0.24,0.8241754429663494,45.0,62.59999999999998,8.94285714285714,0.030000000000000027,0.2799999999999998,0.25666666666666665,1.4333333333333407,0.2457142857142857,1.3314285714285705,0.8296770135526188,0.5582437220268648
2024-02-27,0.26,1.46,2.2,0,0.9001613499442714,0.28,0.9745596399981308,0.25,0.8628899551470398,41.4,64.6,9.228571428571428,-0.020000000000000018,-0.18999999999999995,0.26333333333333336,1.4933333333333405,0.25,1.3714285714285706,0.8391377545563938,0.5439189543287247
2024-02-28,0.24,1.28,0.6,0,0.8241754429663494,0.26,0.9001613499442714,0.28,0.9745596399981308,30.199999999999996,65.19999999999999,9.314285714285713,-0.020000000000000018,-0.17999999999999994,0.26,1.4633333333333403,0.25,1.3714285714285703,0.8483511978123038,0.5294338912181853
2024-02-29,0.25,1.37,5.0,0,0.8628899551470398,0.24,0.8241754429663494,0.26,0.9001613499442714,7.799999999999996,52.999999999999986,7.571428571428569,0.010000000000000009,0.09000000000000008,0.25,1.3700000000000072,0.2514285714285714,1.3842857142857132,0.8573146280763322,0.5147928015098309
2024-03-01,0.24,1.28,0.2,0,0.8241754429663494,0.25,0.8628899551470398,0.24,0.8241754429663494,5.799999999999996,52.999999999999986,7.571428571428569,-0.010000000000000009,-0.09000000000000008,0.24333333333333332,1.3100000000000072,0.2514285714285714,1.3842857142857135,0.8660254037844386,0.5000000000000001
2024-03-02,0.27,1.56,10.4,0,0.9400072584914712,0.24,0.8241754429663494,0.25,0.8628899551470398,15.599999999999998,57.599999999999994,8.228571428571428,0.030000000000000027,0.28,0.25333333333333335,1.4033333333333406,0.2557142857142857,1.424285714285713,0.8744809578310397,0.4850598461951962
2024-03-03,0.25,1.37,2.2,0,0.8628899551470398,0.27,0.9400072584914712,0.24,0.8241754429663494,12.799999999999997,47.999999999999986,6.857142857142855,-0.020000000000000018,-0.18999999999999995,0.25333333333333335,1.4033333333333406,0.2557142857142857,1.4242857142857133,0.8826787983255474,0.46997674302731995
2024-03-04,0.24,1.28,0.2,0,0.8241754429663494,0.25,0.8628899551470398,0.27,0.9400072584914712,12.799999999999997,20.79999999999999,2.97142857142857,-0.010000000000000009,-0.09000000000000008,0.25333333333333335,1.4033333333333404,0.25,1.3714285714285703,0.8906165093267404,0.4547551355561058
2024-03-05,0.24,1.28,0.0,0,0.8241754429663494,0.24,0.8241754429663494,0.25,0.8628899551470398,2.399999999999997,18.59999999999999,2.6571428571428557,0.0,0.0,0.24333333333333332,1.3100000000000072,0.24714285714285714,1.345714285714285,0.8982917515547528,0.4393995096591417
2024-03-06,0.25,1.37,0.0,0,0.8628899551470398,0.24,0.8241754429663494,0.24,0.8241754429663494,0.19999999999999646,17.99999999999999,2.57142857142857,0.010000000000000009,0.09000000000000008,0.24333333333333332,1.3100000000000072,0.2485714285714286,1.3585714285714274,0.9057022630804714,0.42391439070986076
2024-03-07,0.25,1.37,5.6,0,0.8628899551470398,0.25,0.8628899551470398,0.24,0.8241754429663494,5.599999999999996,18.599999999999987,2.6571428571428553,0.0,0.0,0.24666666666666667,1.3400000000000072,0.2485714285714286,1.3585714285714279,0.9128458599921356,0.40830434224389334
2024-03-08,0.25,1.37,9.8,0,0.8628899551470398,0.25,0.8628899551470398,0.25,0.8628899551470398,15.399999999999997,28.19999999999999,4.028571428571427,0.0,0.0,0.25,1.37,0.25,1.3714285714285703,0.9197204370389467,0.3925739646141717
2024-03-09,0.28,1.65,2.8,0,0.9745596399981308,0.25,0.8628899551470398,0.25,0.8628899551470398,18.199999999999996,20.59999999999999,2.9428571428571417,0.030000000000000027,0.2799999999999998,0.26,1.4633333333333407,0.2514285714285714,1.3842857142857132,0.926323968251495,0.3767278936351851
2024-03-10,0.25,1.37,1.8,0,0.8628899551470398,0.28,0.9745596399981308,0.25,0.8628899551470398,14.399999999999997,20.19999999999999,2.885714285714284,-0.030000000000000027,-0.2799999999999998,0.26,1.4633333333333407,0.2514285714285714,1.3842857142857135,0.9326545075388224,0.36077079921678346
2024-03-11,0.24,1.28,1.2,0,0.8241754429663494,0.25,0.8628899551470398,0.28,0.9745596399981308,5.799999999999996,21.19999999999999,3.028571428571427,-0.010000000000000009,-0.09000000000000008,0.25666666666666665,1.4333333333333405,0.25142857142857145,1.3842857142857135,0.9387101892619443,0.3447073839879338
2024-03-12,0.24,1.28,0.0,0,0.8241754429663494,0.24,0.8241754429663494,0.25,0.8628899551470398,2.9999999999999964,21.19999999999999,3.028571428571427,0.0,0.0,0.24333333333333332,1.3100000000000072,0.2514285714285714,1.3842857142857132,0.9444892287836613,0.32854238191083485
2024-03-13,0.24,1.28,0.0,0,0.8241754429663494,0.24,0.8241754429663494,0.24,0.8241754429663494,1.1999999999999964,21.19999999999999,3.028571428571427,0.0,0.0,0.24,1.28,0.25,1.3714285714285706,0.949989922994501,0.3122805568857947
2024-03-14,0.26,1.46,0.0,0,0.9001613499442714,0.24,0.8241754429663494,0.24,0.8241754429663494,0.0,15.59999999999999,2.2285714285714273,0.020000000000000018,0.17999999999999994,0.24666666666666667,1.340000000000007,0.2514285714285714,1.3842857142857132,0.9552106508146316,0.2959267013472893
2024-03-15,0.24,1.28,0.0,0,0.8241754429663494,0.26,0.9001613499442714,0.24,0.8241754429663494,0.0,5.799999999999989,0.8285714285714271,-0.020000000000000018,-0.17999999999999994,0.24666666666666667,1.340000000000007,0.25,1.3714285714285706,0.9601498736716018,0.2794856348516095
2024-03-16,0.24,1.28,0.0,0,0.8241754429663494,0.24,0.8241754429663494,0.26,0.9001613499442714,0.0,2.9999999999999893,0.42857142857142705,0.0,0.0,0.24666666666666667,1.340000000000007,0.24428571428571427,1.3185714285714276,0.9648061359537645,0.2629622026565149
2024-03-17,0.24,1.28,0.0,0,0.8241754429663494,0.24,0.8241754429663494,0.24,0.8241754429663494,0.0,1.1999999999999893,0.1714285714285699,0.0,0.0,0.24,1.28,0.24285714285714288,1.3057142857142847,0.9691780654392536,0.2463612742933148
2024-03-18,0.24,1.28,1.2,0,0.8241754429663494,0.24,0.8241754429663494,0.24,0.8241754429663494,1.1999999999999964,1.1999999999999893,0.1714285714285699,0.0,0.0,0.24,1.28,0.24285714285714283,1.3057142857142847,0.9732643737003824,0.22968774213179574
2024-03-19,0.24,1.28,0.0,0,0.8241754429663494,0.24,0.8241754429663494,0.24,0.8241754429663494,1.1999999999999964,1.1999999999999893,0.1714285714285699,0.0,0.0,0.24,1.28,0.24285714285714288,1.3057142857142847,0.9770638564833508,0.21294651993841582
2024-03-20,0.24,1.28,2.4,0,0.8241754429663494,0.24,0.8241754429663494,0.24,0.8241754429663494,3.599999999999996,3.599999999999989,0.5142857142857127,0.0,0.0,0.24,1.28,0.24285714285714283,1.3057142857142847,0.9805753940631429,0.19614254142819698
2024-03-21,0.24,1.28,0.2,0,0.8241754429663494,0.24,0.8241754429663494,0.24,0.8241754429663494,2.5999999999999965,3.7999999999999896,0.5428571428571414,0.0,0.0,0.24,1.28,0.24,1.28,0.9837979515735163,0.17928075881073577
2024-03-22,0.24,1.28,0.2,0,0.8241754429663494,0.24,0.8241754429663494,0.24,0.8241754429663494,2.7999999999999967,3.9999999999999893,0.57142857142857,0.0,0.0,0.24,1.28,0.24,1.28,0.9867305793119814,0.162366141330764
2024-03-23,0.24,1.28,0.0,0,0.8241754429663494,0.24,0.8241754429663494,0.24,0.8241754429663494,0.39999999999999647,3.9999999999999893,0.57142857142857,0.0,0.0,0.24,1.28,0.24,1.28,0.989372413019683,0.14540367380368976
2024-03-24,0.24,1.28,0.0,0,0.8241754429663494,0.24,0.8241754429663494,0.24,0.8241754429663494,0.19999999999999646,3.9999999999999893,0.57142857142857,0.0,0.0,0.24,1.28,0.24,1.28,0.9917226741361015,0.12839835514655099
2024-03-25,0.24,1.28,0.4,0,0.8241754429663494,0.24,0.8241754429663494,0.24,0.8241754429663494,0.39999999999999647,3.1999999999999895,0.45714285714285563,0.0,0.0,0.24,1.28,0.24,1.28,0.9937806700284985,0.11135519690480875
2024-03-26,0.24,1.28,3.0,0,0.8241754429663494,0.24,0.8241754429663494,0.24,0.8241754429663494,3.3999999999999964,6.1999999999999895,0.8857142857142842,0.0,0.0,0.24,1.28,0.24,1.28,0.9955457941960382,0.09427922177542453
2024-03-27,0.44,3.45,4.6,0,1.4929040961781488,0.24,0.8241754429663494,0.24,0.8241754429663494,7.9999999999999964,8.39999999999999,1.1999999999999986,0.2,2.17,0.30666666666666664,2.0033333333333405,0.26857142857142857,1.5899999999999987,0.9970175264485267,0.07717546212664653
2024-03-28,0.25,1.37,26.8,0,0.8628899551470398,0.44,1.4929040961781488,0.24,0.8241754429663494,34.4,34.99999999999999,4.999999999999999,-0.19,-2.08,0.31,2.0333333333333408,0.27,1.6028571428571419,0.998195433059714,0.0600489585149486
2024-03-29,0.25,1.37,0.8,0,0.8628899551470398,0.25,0.8628899551470398,0.44,1.4929040961781488,32.199999999999996,35.59999999999999,5.085714285714284,0.0,0.0,0.3133333333333333,2.0633333333333406,0.2714285714285714,1.6157142857142845,0.9990791668951153,0.042904758199554374
2024-03-30,0.25,1.37,7.8,0,0.8628899551470398,0.25,0.8628899551470398,0.25,0.8628899551470398,35.39999999999999,43.399999999999984,6.1999999999999975,0.0,0.0,0.25,1.37,0.27285714285714285,1.6285714285714277,0.999668467514313,0.025747913654988658
2024-03-31,0.25,1.37,3.4,0,0.8628899551470398,0.25,0.8628899551470398,0.25,0.8628899551470398,11.999999999999996,46.79999999999998,6.685714285714283,0.0,0.0,0.25,1.37,0.2742857142857143,1.6414285714285708,0.9999631612477099,0.008583481082087055
2024-04-01,0.24,1.28,1.8,0,0.8241754429663494,0.25,0.8628899551470398,0.25,0.8628899551470398,12.999999999999995,48.19999999999999,6.885714285714284,-0.010000000000000009,-0.09000000000000008,0.24666666666666667,1.3400000000000072,0.2742857142857143,1.6414285714285703,0.9999631612477099,-0.008583481082086933
2024-04-02,0.24,1.28,1.2,0,0.8241754429663494,0.24,0.8241754429663494,0.25,0.8628899551470398,6.399999999999997,46.399999999999984,6.628571428571426,0.0,0.0,0.24333333333333332,1.3100000000000072,0.2742857142857143,1.6414285714285703,0.9996684675143132,-0.025747913654988314
2024-04-03,0.24,1.28,0.0,0,0.8241754429663494,0.24,0.8241754429663494,0.24,0.8241754429663494,2.9999999999999964,41.79999999999998,5.971428571428569,0.0,0.0,0.24,1.28,0.24571428571428572,1.3314285714285705,0.9990791668951153,-0.04290475819955447
2024-04-04,0.24,1.28,0.0,0,0.8241754429663494,0.24,0.8241754429663494,0.24,0.8241754429663494,1.1999999999999964,14.99999999999999,2.1428571428571415,0.0,0.0,0.24,1.28,0.24428571428571427,1.3185714285714276,0.998195433059714,-0.06004895851494825
2024-04-05,0.24,1.28,0.0,0,0.8241754429663494,0.24,0.8241754429663494,0.24,0.8241754429663494,0.0,14.199999999999989,2.028571428571427,0.0,0.0,0.24,1.28,0.24285714285714285,1.3057142857142847,0.9970175264485267,-0.07717546212664618
2024-04-06,0.24,1.28,0.0,0,0.8241754429663494,0.24,0.8241754429663494,0.24,0.8241754429663494,0.0,6.39999999999999,0.9142857142857128,0.0,0.0,0.24,1.28,0.2414285714285714,1.292857142857142,0.9955457941960382,-0.0942792217754244
2024-04-07,0.24,1.28,6.6,0,0.8241754429663494,0.24,0.8241754429663494,0.24,0.8241754429663494,6.599999999999996,9.599999999999989,1.3714285714285699,0.0,0.0,0.24,1.28,0.24,1.28,0.9937806700284985,-0.11135519690480862
2024-04-08,0.24,1.28,5.2,0,0.8241754429663494,0.24,0.8241754429663494,0.24,0.8241754429663494,11.799999999999997,12.99999999999999,1.8571428571428557,0.0,0.0,0.24,1.28,0.24,1.28,0.9917226741361015,-0.12839835514655107
2024-04-09,0.24,1.28,0.0,0,0.8241754429663494,0.24,0.8241754429663494,0.24,0.8241754429663494,11.799999999999997,11.79999999999999,1.6857142857142844,0.0,0.0,0.24,1.28,0.24,1.28,0.9893724130196829,-0.14540367380368988
2024-04-10,0.22,1.09,0.0,0,0.7371640659767197,0.24,0.8241754429663494,0.24,0.8241754429663494,5.199999999999997,11.79999999999999,1.6857142857142844,-0.01999999999999999,-0.18999999999999995,0.2333333333333333,1.2166666666666737,0.23714285714285713,1.2528571428571418,0.9867305793119814,-0.16236614133076366
2024-04-11,0.22,1.09,0.0,0,0.7371640659767197,0.22,0.7371640659767197,0.24,0.8241754429663494,0.0,11.79999999999999,1.6857142857142844,0.0,0.0,0.22666666666666666,1.1533333333333404,0.23428571428571426,1.2257142857142846,0.9837979515735163,-0.17928075881073566
2024-04-12,0.22,1.09,0.0,0,0.7371640659767197,0.22,0.7371640659767197,0.22,0.7371640659767197,0.0,11.79999999999999,1.6857142857142844,0.0,0.0,0.22,1.09,0.2314285714285714,1.1985714285714277,0.980575394063143,-0.19614254142819687
2024-04-13,0.22,1.09,0.0,0,0.7371640659767197,0.22,0.7371640659767197,0.22,0.7371640659767197,0.0,11.79999999999999,1.6857142857142844,0.0,0.0,0.22,1.09,0.22857142857142856,1.1714285714285706,0.9770638564833507,-0.21294651993841593
2024-04-14,0.22,1.09,0.0,0,0.7371640659767197,0.22,0.7371640659767197,0.22,0.7371640659767197,0.0,5.1999999999999895,0.7428571428571413,0.0,0.0,0.22,1.09,0.2257142857142857,1.1442857142857135,0.9732643737003824,-0.22968774213179563
2024-04-15,0.23,1.18,0.0,0,0.7793248768009976,0.22,0.7371640659767197,0.22,0.7371640659767197,0.0,0.0,0.0,0.010000000000000009,0.08999999999999986,0.22333333333333336,1.1200000000000072,0.22428571428571425,1.129999999999999,0.9691780654392537,-0.2463612742933147
2024-04-16,0.22,1.09,2.4,0,0.7371640659767197,0.23,0.7793248768009976,0.22,0.7371640659767197,2.3999999999999964,2.3999999999999893,0.3428571428571413,-0.010000000000000009,-0.08999999999999986,0.22333333333333336,1.1200000000000072,0.22142857142857145,1.1028571428571419,0.9648061359537646,-0.26296220265651454
2024-04-17,0.22,1.09,0.2,0,0.7371640659767197,0.22,0.7371640659767197,0.23,0.7793248768009976,2.5999999999999965,2.5999999999999894,0.37142857142856994,0.0,0.0,0.22333333333333336,1.1200000000000072,0.22142857142857145,1.1028571428571419,0.9601498736716018,-0.2794856348516094
2024-04-18,0.22,1.09,0.2,0,0.7371640659767197,0.22,0.7371640659767197,0.22,0.7371640659767197,2.7999999999999963,2.799999999999989,0.39999999999999847,0.0,0.0,0.22,1.09,0.22142857142857145,1.1028571428571419,0.9552106508146317,-0.2959267013472892
2024-04-19,0.22,1.09,0.0,0,0.7371640659767197,0.22,0.7371640659767197,0.22,0.7371640659767197,0.39999999999999647,2.799999999999989,0.39999999999999847,0.0,0.0,0.22,1.09,0.22142857142857145,1.1028571428571419,0.949989922994501,-0.31228055688579476
2024-04-20,0.22,1.09,0.0,0,0.7371640659767197,0.22,0.7371640659767197,0.22,0.7371640659767197,0.19999999999999646,2.799999999999989,0.39999999999999847,0.0,0.0,0.22,1.09,0.22142857142857145,1.1028571428571419,0.9444892287836613,-0.32854238191083474
2024-04-21,0.22,1.09,0.0,0,0.7371640659767197,0.22,0.7371640659767197,0.22,0.7371640659767197,0.0,2.799999999999989,0.39999999999999847,0.0,0.0,0.22,1.09,0.22142857142857145,1.1028571428571419,0.9387101892619443,-0.3447073839879337
2024-04-22,0.22,1.09,0.0,0,0.7371640659767197,0.22,0.7371640659767197,0.22,0.7371640659767197,0.0,2.799999999999989,0.39999999999999847,0.0,0.0,0.22,1.09,0.22,1.09,0.9326545075388225,-0.3607707992167831
2024-04-23,0.22,1.09,6.0,0,0.7371640659767197,0.22,0.7371640659767197,0.22,0.7371640659767197,5.9999999999999964,6.39999999999999,0.9142857142857128,0.0,0.0,0.22,1.09,0.22,1.09,0.926323968251495,-0.376727893635185
2024-04-24,0.22,1.09,0.0,0,0.7371640659767197,0.22,0.7371640659767197,0.22,0.7371640659767197,5.9999999999999964,6.1999999999999895,0.8857142857142842,0.0,0.0,0.22,1.09,0.22,1.09,0.9197204370389467,-0.39257396461417177
2024-04-25,0.22,1.09,1.4,0,0.7371640659767197,0.22,0.7371640659767197,0.22,0.7371640659767197,7.399999999999997,7.39999999999999,1.0571428571428556,0.0,0.0,0.22,1.09,0.22,1.09,0.9128458599921355,-0.40830434224389345
2024-04-26,0.22,1.09,7.6,0,0.7371640659767197,0.22,0.7371640659767197,0.22,0.7371640659767197,8.999999999999996,14.99999999999999,2.1428571428571415,0.0,0.0,0.22,1.09,0.22,1.09,0.9057022630804715,-0.42391439070986064
2024-04-27,0.22,1.09,1.6,0,0.7371640659767197,0.22,0.7371640659767197,0.22,0.7371640659767197,10.599999999999996,16.59999999999999,2.37142857142857,0.0,0.0,0.22,1.09,0.22,1.09,0.898291751554753,-0.43939950965914143
2024-04-28,0.22,1.09,0.2,0,0.7371640659767197,0.22,0.7371640659767197,0.22,0.7371640659767197,9.399999999999997,16.79999999999999,2.3999999999999986,0.0,0.0,0.22,1.09,0.22,1.09,0.8906165093267405,-0.4547551355561055
2024-04-29,0.22,1.09,0.0,0,0.7371640659767197,0.22,0.7371640659767197,0.22,0.7371640659767197,1.7999999999999965,16.79999999999999,2.3999999999999986,0.0,0.0,0.22,1.09,0.22,1.09,0.8826787983255476,-0.4699767430273197
2024-04-30,0.22,1.09,8.8,0,0.7371640659767197,0.22,0.7371640659767197,0.22,0.7371640659767197,8.999999999999996,19.59999999999999,2.7999999999999985,0.0,0.0,0.22,1.09,0.22,1.09,0.8744809578310397,-0.4850598461951961
2024-05-01,0.22,1.09,10.8,0,0.7371640659767197,0.22,0.7371640659767197,0.22,0.7371640659767197,19.599999999999998,30.39999999999999,4.342857142857142,0.0,0.0,0.22,1.09,0.22,1.09,0.8660254037844387,-0.4999999999999998
2024-05-02,0.21,0.99,0.6,0,0.688134638736401,0.22,0.7371640659767197,0.22,0.7371640659767197,20.2,29.599999999999994,4.228571428571428,-0.010000000000000009,-0.10000000000000009,0.21666666666666667,1.056666666666674,0.21857142857142858,1.0757142857142847,0.8573146280763323,-0.5147928015098308
2024-05-03,0.21,0.99,0.0,0,0.688134638736401,0.21,0.688134638736401,0.22,0.7371640659767197,11.399999999999997,21.999999999999993,3.142857142857142,0.0,0.0,0.21333333333333335,1.0233333333333405,0.21714285714285714,1.0614285714285705,0.848351197812304,-0.5294338912181852
2024-05-04,0.21,0.99,0.0,0,0.688134638736401,0.21,0.688134638736401,0.21,0.688134638736401,0.5999999999999964,20.39999999999999,2.9142857142857133,0.0,0.0,0.21,0.99,0.21571428571428572,1.047142857142856,0.8391377545563939,-0.5439189543287246
2024-05-05,0.21,0.99,6.8,0,0.688134638736401,0.21,0.688134638736401,0.21,0.688134638736401,6.799999999999996,26.99999999999999,3.8571428571428554,0.0,0.0,0.21,0.99,0.21428571428571427,1.0328571428571418,0.8296770135526188,-0.5582437220268649
2024-05-06,0.21,0.99,0.0,0,0.688134638736401,0.21,0.688134638736401,0.21,0.688134638736401,6.799999999999996,26.99999999999999,3.8571428571428554,0.0,0.0,0.21,0.99,0.21285714285714286,1.0185714285714276,0.8199717629247771,-0.5724039727378148
2024-05-07,0.21,0.99,0.0,0,0.688134638736401,0.21,0.688134638736401,0.21,0.688134638736401,6.799999999999996,18.19999999999999,2.5999999999999983,0.0,0.0,0.21,0.99,0.21142857142857144,1.0042857142857133,0.8100248628547752,-0.5863955333706956
2024-05-08,0.21,0.99,0.0,0,0.688134638736401,0.21,0.688134638736401,0.21,0.688134638736401,0.0,7.399999999999989,1.0571428571428556,0.0,0.0,0.21,0.99,0.21,0.99,0.7998392447397195,-0.600214280548368
2024-05-09,0.21,0.99,0.0,0,0.688134638736401,0.21,0.688134638736401,0.21,0.688134638736401,0.0,6.799999999999989,0.9714285714285699,0.0,0.0,0.21,0.99,0.21,0.99,0.7894179103280199,-0.6138561418226116
2024-05-10,0.21,0.99,0.0,0,0.688134638736401,0.21,0.688134638736401,0.21,0.688134638736401,0.0,6.799999999999989,0.9714285714285699,0.0,0.0,0.21,0.99,0.21,0.99,0.7787639308347607,-0.6273170968742938
2024-05-11,0.21,0.99,3.2,0,0.688134638736401,0.21,0.688134638736401,0.21,0.688134638736401,3.1999999999999966,9.99999999999999,1.428571428571427,0.0,0.0,0.21,0.99,0.21,0.99,0.7678804460366001,-0.6405931786981751
2024-05-12,0.21,0.99,0.0,0,0.688134638736401,0.21,0.688134638736401,0.21,0.688134638736401,3.1999999999999966,3.1999999999999895,0.45714285714285563,0.0,0.0,0.21,0.99,0.21,0.99,0.7567706633464627,-0.6536804747720057
2024-05-13,0.21,0.99,22.2,0,0.688134638736401,0.21,0.688134638736401,0.21,0.688134638736401,25.399999999999995,25.399999999999988,3.628571428571427,0.0,0.0,0.21,0.99,0.21,0.99,0.7454378568683001,-0.6665751282095632
2024-05-14,0.22,1.09,8.6,0,0.7371640659767197,0.21,0.688134638736401,0.21,0.688134638736401,30.799999999999997,33.999999999999986,4.857142857142855,0.010000000000000009,0.10000000000000009,0.21333333333333335,1.0233333333333405,0.21142857142857144,1.0042857142857131,0.7338853664321991,-0.6792733388972931
2024-05-15,0.22,1.09,16.0,0,0.7371640659767197,0.22,0.7371640659767197,0.21,0.688134638736401,46.8,49.999999999999986,7.142857142857141,0.0,0.0,0.21666666666666667,1.0566666666666737,0.21285714285714286,1.0185714285714276,0.722116596610116,-0.6917713646142222
2024-05-16,0.22,1.09,0.2,0,0.7371640659767197,0.22,0.7371640659767197,0.22,0.7371640659767197,24.799999999999997,50.19999999999999,7.17142857142857,0.0,0.0,0.22,1.09,0.21428571428571425,1.0328571428571418,0.7101350157125358,-0.7040655221348058
2024-05-17,0.21,0.99,3.8,0,0.688134638736401,0.22,0.7371640659767197,0.22,0.7371640659767197,19.999999999999993,53.999999999999986,7.714285714285713,-0.010000000000000009,-0.10000000000000009,0.21666666666666667,1.056666666666674,0.21428571428571427,1.0328571428571418,0.6979441547663435,-0.7161521883143933
2024-05-18,0.21,0.99,1.6,0,0.688134638736401,0.21,0.688134638736401,0.22,0.7371640659767197,5.599999999999996,52.399999999999984,7.485714285714283,0.0,0.0,0.21333333333333335,1.0233333333333405,0.21428571428571427,1.0328571428571418,0.6855476064742155,-0.7280278011569847
2024-05-19,0.21,0.99,0.0,0,0.688134638736401,0.21,0.688134638736401,0.21,0.688134638736401,5.399999999999997,52.399999999999984,7.485714285714283,0.0,0.0,0.21,0.99,0.21428571428571427,1.0328571428571418,0.672949024155833,-0.7396888608649667
2024-05-20,0.21,0.99,8.8,0,0.688134638736401,0.21,0.688134638736401,0.21,0.688134638736401,10.399999999999999,38.999999999999986,5.571428571428569,0.0,0.0,0.21,0.99,0.21428571428571427,1.0328571428571418,0.660152120671232,-0.7511319308705197
2024-05-21,0.21,0.99,1.8,0,0.688134638736401,0.21,0.688134638736401,0.21,0.688134638736401,10.6,32.19999999999999,4.599999999999999,0.0,0.0,0.21,0.99,0.21285714285714286,1.0185714285714276,0.647160667326606,-0.7623536388483902
2024-05-22,0.21,0.99,3.0,0,0.688134638736401,0.21,0.688134638736401,0.21,0.688134638736401,13.599999999999998,19.199999999999985,2.7428571428571407,0.0,0.0,0.21,0.99,0.21142857142857144,1.0042857142857131,0.6339784927628868,-0.7733506777097298
2024-05-23,0.21,0.99,0.0,0,0.688134638736401,0.21,0.688134638736401,0.21,0.688134638736401,4.799999999999998,18.999999999999986,2.714285714285712,0.0,0.0,0.21,0.99,0.21,0.99,0.620609481827423,-0.7841198065767103
2024-05-24,0.21,0.99,0.0,0,0.688134638736401,0.21,0.688134638736401,0.21,0.688134638736401,2.9999999999999982,15.199999999999989,2.17142857142857,0.0,0.0,0.21,0.99,0.21,0.99,0.6070575744291006,-0.7946578517376249
2024-05-25,0.21,0.99,0.0,0,0.688134638736401,0.21,0.688134638736401,0.21,0.688134638736401,0.0,13.599999999999987,1.942857142857141,0.0,0.0,0.21,0.99,0.21,0.99,0.593326764377232,-0.8049617075821959
2024-05-26,0.21,0.99,0.0,0,0.688134638736401,0.21,0.688134638736401,0.21,0.688134638736401,0.0,13.599999999999987,1.942857142857141,0.0,0.0,0.21,0.99,0.21,0.99,0.5794210982045638,-0.8150283375168113
2024-05-27,0.21,0.99,0.0,0,0.688134638736401,0.21,0.688134638736401,0.21,0.688134638736401,0.0,4.799999999999987,0.6857142857142839,0.0,0.0,0.21,0.99,0.21,0.99,0.5653446739747428,-0.8248547748594245
2024-05-28,0.24,1.28,0.0,0,0.8241754429663494,0.21,0.688134638736401,0.21,0.688134638736401,0.0,2.9999999999999876,0.42857142857142677,0.03,0.29000000000000004,0.21999999999999997,1.0866666666666738,0.21428571428571427,1.0314285714285705,0.5511016400746,-0.8344381237138473
2024-05-29,0.23,1.18,0.0,0,0.7793248768009976,0.24,0.8241754429663494,0.21,0.688134638736401,0.0,0.0,0.0,-0.009999999999999981,-0.10000000000000009,0.22666666666666668,1.150000000000007,0.21714285714285714,1.0585714285714276,0.5366961939916005,-0.8437755598231856
2024-05-30,0.22,1.09,0.0,0,0.7371640659767197,0.23,0.7793248768009976,0.24,0.8241754429663494,0.0,0.0,0.0,-0.010000000000000009,-0.08999999999999986,0.22999999999999998,1.1833333333333405,0.21857142857142858,1.0728571428571418,0.522132581076825,-0.8528643314021596
2024-05-31,0.23,1.18,0.0,0,0.7793248768009976,0.22,0.7371640659767197,0.23,0.7793248768009976,0.0,0.0,0.0,0.010000000000000009,0.08999999999999986,0.22666666666666668,1.150000000000007,0.22142857142857145,1.099999999999999,0.5074150932938458,-0.861701759948068
2024-06-01,0.23,1.18,0.0,0,0.7793248768009976,0.23,0.7793248768009976,0.22,0.7371640659767197,0.0,0.0,0.0,0.0,0.0,0.22666666666666668,1.1500000000000072,0.22428571428571425,1.1271428571428561,0.4925480679538644,-0.8702852410301553
2024-06-02,0.23,1.18,0.0,0,0.7793248768009976,0.23,0.7793248768009976,0.23,0.7793248768009976,0.0,0.0,0.0,0.0,0.0,0.23,1.18,0.22714285714285712,1.1542857142857132,0.47753588643748834,-0.8786122450571482
2024-06-03,0.28,1.65,0.0,0,0.9745596399981308,0.23,0.7793248768009976,0.23,0.7793248768009976,0.0,0.0,0.0,0.05000000000000002,0.47,0.2466666666666667,1.3366666666666738,0.23714285714285716,1.2485714285714276,0.4623829729035151,-0.8866803180227399
2024-06-04,0.23,1.18,0.0,0,0.7793248768009976,0.28,0.9745596399981308,0.23,0.7793248768009976,0.0,0.0,0.0,-0.05000000000000002,-0.47,0.24666666666666667,1.3366666666666738,0.23571428571428574,1.2342857142857133,0.44709379298511426,-0.8944870822287954
2024-06-05,0.23,1.18,0.0,0,0.7793248768009976,0.23,0.7793248768009976,0.28,0.9745596399981308,0.0,0.0,0.0,0.0,0.0,0.24666666666666667,1.3366666666666738,0.23571428571428574,1.2342857142857133,0.43167285247378384,-0.9020302369860707
2024-06-06,0.23,1.18,0.0,0,0.7793248768009976,0.23,0.7793248768009976,0.23,0.7793248768009976,0.0,0.0,0.0,0.0,0.0,0.23,1.18,0.23714285714285716,1.2471428571428562,0.4161246959914746,-0.9093075592922357
2024-06-07,0.23,1.18,31.4,0,0.7793248768009976,0.23,0.7793248768009976,0.23,0.7793248768009976,31.4,31.399999999999984,4.485714285714283,0.0,0.0,0.23,1.18,0.23714285714285716,1.247142857142856,0.4004539056512664,-0.9163169044870048
2024-06-08,0.24,1.28,10.2,0,0.8241754429663494,0.23,0.7793248768009976,0.23,0.7793248768009976,41.599999999999994,41.59999999999998,5.94285714285714,0.009999999999999981,0.10000000000000009,0.2333333333333333,1.2133333333333403,0.2385714285714286,1.2614285714285705,0.3846650997070012,-0.923056206884176
2024-06-09,0.23,1.18,0.8,0,0.7793248768009976,0.24,0.8241754429663494,0.23,0.7793248768009976,42.4,42.399999999999984,6.057142857142855,-0.009999999999999981,-0.10000000000000009,0.23333333333333336,1.2133333333333405,0.2385714285714286,1.2614285714285705,0.3687629311922603,-0.9295234803804002
2024-06-10,0.23,1.18,0.0,0,0.7793248768009976,0.23,0.7793248768009976,0.24,0.8241754429663494,11.0,42.399999999999984,6.057142857142855,0.0,0.0,0.2333333333333333,1.2133333333333403,0.23142857142857146,1.1942857142857133,0.352752086549095,-0.9357168190404935
2024-06-11,0.23,1.18,0.0,0,0.7793248768009976,0.23,0.7793248768009976,0.23,0.7793248768009976,0.8,42.399999999999984,6.057142857142855,0.0,0.0,0.23,1.18,0.2314285714285714,1.1942857142857133,0.3366372842469106,-0.9416343976591258
2024-06-12,0.23,1.18,0.8,0,0.7793248768009976,0.23,0.7793248768009976,0.23,0.7793248768009976,0.8,43.19999999999998,6.171428571428569,0.0,0.0,0.23,1.18,0.23142857142857146,1.1942857142857133,0.3204232733919116,-0.9472744722987168
2024-06-13,0.23,1.18,0.0,0,0.7793248768009976,0.23,0.7793248768009976,0.23,0.7793248768009976,0.8,43.19999999999998,6.171428571428569,0.0,0.0,0.23,1.18,0.23142857142857146,1.1942857142857133,0.30411483232751846,-0.9526353808033824
2024-06-14,0.23,1.18,0.2,0,0.7793248768009976,0.23,0.7793248768009976,0.23,0.7793248768009976,1.0,11.999999999999986,1.7142857142857122,0.0,0.0,0.23,1.18,0.23142857142857146,1.1942857142857133,0.2877167672261668,-0.9577155432887804
2024-06-15,0.23,1.18,0.0,0,0.7793248768009976,0.23,0.7793248768009976,0.23,0.7793248768009976,0.2,1.7999999999999858,0.2571428571428551,0.0,0.0,0.23,1.18,0.23,1.18,0.27123391067291,-0.9625134626077081
2024-06-16,0.23,1.18,0.0,0,0.7793248768009976,0.23,0.7793248768009976,0.23,0.7793248768009976,0.2,0.9999999999999858,0.14285714285714082,0.0,0.0,0.23,1.18,0.23,1.18,0.2546711202412288,-0.9670277247913204
2024-06-17,0.23,1.18,1.0,0,0.7793248768009976,0.23,0.7793248768009976,0.23,0.7793248768009976,1.0,1.9999999999999858,0.2857142857142837,0.0,0.0,0.23,1.18,0.23,1.18,0.2380332770614858,-0.9712569994658313
2024-06-18,0.23,1.18,5.2,0,0.7793248768009976,0.23,0.7793248768009976,0.23,0.7793248768009976,6.2,7.199999999999986,1.0285714285714265,0.0,0.0,0.23,1.18,0.23,1.18,0.22132528438243243,-0.9752000402445825
2024-06-19,0.23,1.18,0.0,0,0.7793248768009976,0.23,0.7793248768009976,0.23,0.7793248768009976,6.2,6.399999999999986,0.9142857142857123,0.0,0.0,0.23,1.18,0.23,1.18,0.2045520661262008,-0.9788556850953578
2024-06-20,0.23,1.18,2.0,0,0.7793248768009976,0.23,0.7793248768009976,0.23,0.7793248768009976,7.2,8.399999999999986,1.199999999999998,0.0,0.0,0.23,1.18,0.23,1.18,0.18771856543719884,-0.9822228566828406
2024-06-21,0.23,1.18,0.4,0,0.7793248768009976,0.23,0.7793248768009976,0.23,0.7793248768009976,2.4,8.599999999999985,1.2285714285714264,0.0,0.0,0.23,1.18,0.23,1.18,0.17082974322534442,-0.985300562686109
2024-06-22,0.23,1.18,1.2,0,0.7793248768009976,0.23,0.7793248768009976,0.23,0.7793248768009976,3.6,9.799999999999985,1.399999999999998,0.0,0.0,0.23,1.18,0.23,1.18,0.15389057670406214,-0.9880878960910771
2024-06-23,0.23,1.18,0.0,0,0.7793248768009976,0.23,0.7793248768009976,0.23,0.7793248768009976,1.6,9.799999999999985,1.399999999999998,0.0,0.0,0.23,1.18,0.23,1.18,0.13690605792347574,-0.9905840354577969
2024-06-24,0.25,1.37,0.0,0,0.8628899551470398,0.23,0.7793248768009976,0.23,0.7793248768009976,1.2000000000000002,8.799999999999986,1.2571428571428551,0.01999999999999999,0.19000000000000017,0.2366666666666667,1.2433333333333405,0.23285714285714287,1.207142857142856,0.11988119229922782,-0.9927882451625399
2024-06-25,0.24,1.28,3.8,0,0.8241754429663494,0.25,0.8628899551470398,0.23,0.7793248768009976,3.8,7.399999999999986,1.0571428571428552,-0.010000000000000009,-0.09000000000000008,0.24,1.2766666666666737,0.2342857142857143,1.2214285714285704,0.10282099713736025,-0.9946998756145891
2024-06-26,0.23,1.18,13.0,0,0.7793248768009976,0.24,0.8241754429663494,0.25,0.8628899551470398,16.8,20.399999999999984,2.914285714285712,-0.009999999999999981,-0.10000000000000009,0.24,1.2766666666666737,0.2342857142857143,1.2214285714285704,0.0857305001556943,-0.9963183634476755
2024-06-27,0.23,1.18,0.0,0,0.7793248768009976,0.23,0.7793248768009976,0.24,0.8241754429663494,16.8,18.399999999999984,2.6285714285714263,0.0,0.0,0.23333333333333336,1.2133333333333403,0.2342857142857143,1.2214285714285704,0.0686147380021341,-0.9976432316860063
2024-06-28,0.23,1.18,0.0,0,0.7793248768009976,0.23,0.7793248768009976,0.23,0.7793248768009976,13.0,17.999999999999986,2.5714285714285694,0.0,0.0,0.23,1.18,0.23428571428571426,1.2214285714285702,0.05147875477034673,-0.9986740898848305
2024-06-29,0.23,1.18,2.0,0,0.7793248768009976,0.23,0.7793248768009976,0.23,0.7793248768009976,2.0,18.799999999999983,2.6857142857142833,0.0,0.0,0.23,1.18,0.23428571428571426,1.2214285714285704,0.03432760051324382,-0.9994106342455052
2024-06-30,0.24,1.28,0.0,0,0.8241754429663494,0.23,0.7793248768009976,0.23,0.7793248768009976,2.0,18.799999999999983,2.6857142857142833,0.009999999999999981,0.10000000000000009,0.23333333333333336,1.2133333333333405,0.2357142857142857,1.2357142857142847,0.01716632975470737,-0.9998526477050269
2024-07-01,0.23,1.18,0.2,0,0.7793248768009976,0.24,0.8241754429663494,0.23,0.7793248768009976,2.2,18.999999999999986,2.714285714285712,-0.009999999999999981,-0.10000000000000009,0.23333333333333336,1.2133333333333403,0.23285714285714285,1.2085714285714277,1.2246467991473532e-16,-1.0
2024-07-02,0.84,18.0,0.0,0,2.9444389791664403,0.23,0.7793248768009976,0.24,0.8241754429663494,0.2,15.199999999999985,2.1714285714285695,0.61,16.82,0.4366666666666667,6.820000000000007,0.31857142857142856,3.597142857142856,-0.017166329754707124,-0.9998526477050269
2024-07-03,0.88,20.51,0.0,0,3.068517943279639,0.84,2.9444389791664403,0.23,0.7793248768009976,0.2,2.199999999999986,0.3142857142857123,0.040000000000000036,2.5100000000000016,0.65,13.23000000000001,0.4114285714285714,6.358571428571428,-0.03432760051324313,-0.9994106342455054
2024-07-04,0.24,1.28,0.0,0,0.8241754429663494,0.88,3.068517943279639,0.84,2.9444389791664403,0.0,2.199999999999986,0.3142857142857123,-0.64,-19.23,0.6533333333333333,13.26333333333334,0.41285714285714287,6.372857142857142,-0.051478754770346045,-0.9986740898848305
2024-07-05,0.24,1.28,0.2,0,0.8241754429663494,0.24,0.8241754429663494,0.88,3.068517943279639,0.2,2.3999999999999857,0.3428571428571408,0.0,0.0,0.45333333333333337,7.6900000000000075,0.41428571428571426,6.387142857142856,-0.06861473800213432,-0.9976432316860063
2024-07-06,0.23,1.18,0.6,0,0.7793248768009976,0.24,0.8241754429663494,0.24,0.8241754429663494,0.8,0.9999999999999858,0.14285714285714082,-0.009999999999999981,-0.10000000000000009,0.23666666666666666,1.246666666666674,0.41428571428571426,6.387142857142856,-0.0857305001556945,-0.9963183634476755
2024-07-07,0.23,1.18,0.0,0,0.7793248768009976,0.23,0.7793248768009976,0.24,0.8241754429663494,0.7999999999999999,0.9999999999999858,0.14285714285714082,0.0,0.0,0.2333333333333333,1.2133333333333403,0.4128571428571428,6.372857142857142,-0.10282099713736044,-0.9946998756145891
2024-07-08,0.23,1.18,0.0,0,0.7793248768009976,0.23,0.7793248768009976,0.23,0.7793248768009976,0.5999999999999999,0.7999999999999858,0.11428571428571226,0.0,0.0,0.23,1.18,0.4128571428571428,6.372857142857142,-0.11988119229922714,-0.99278824516254
2024-07-09,0.23,1.18,1.4,0,0.7793248768009976,0.23,0.7793248768009976,0.23,0.7793248768009976,1.4,2.199999999999986,0.3142857142857123,0.0,0.0,0.23,1.18,0.32571428571428573,3.9699999999999993,-0.13690605792347504,-0.990584035457797
2024-07-10,0.96,25.53,0.0,0,3.2782761681496484,0.23,0.7793248768009976,0.23,0.7793248768009976,1.4,2.199999999999986,0.3142857142857123,0.73,24.35,0.47333333333333333,9.296666666666674,0.3371428571428572,4.687142857142857,-0.15389057670406148,-0.9880878960910772
2024-07-11,0.85,18.63,0.2,0,2.9770590082883697,0.96,3.2782761681496484,0.23,0.7793248768009976,1.5999999999999999,2.3999999999999857,0.3428571428571408,-0.10999999999999999,-6.900000000000002,0.68,15.113333333333339,0.42428571428571427,7.1657142857142855,-0.17082974322534417,-0.985300562686109
2024-07-12,0.84,18.0,0.2,0,2.9444389791664403,0.85,2.9770590082883697,0.96,3.2782761681496484,0.4,2.3999999999999857,0.3428571428571408,-0.010000000000000009,-0.629999999999999,0.8833333333333333,20.72000000000001,0.51,9.554285714285713,-0.1877185654371986,-0.9822228566828407
2024-07-13,0.84,18.0,0.0,0,2.9444389791664403,0.84,2.9444389791664403,0.85,2.9770590082883697,0.4,1.7999999999999856,0.25714285714285506,0.0,0.0,0.8433333333333333,18.210000000000008,0.5971428571428571,11.957142857142857,-0.20455206612620058,-0.9788556850953579
2024-07-14,0.84,18.0,0.0,0,2.9444389791664403,0.84,2.9444389791664403,0.84,2.9444389791664403,0.2,1.7999999999999856,0.25714285714285506,0.0,0.0,0.84,18.0,0.6842857142857143,14.36,-0.22132528438243218,-0.9752000402445826
2024-07-15,0.54,5.11,0.0,0,1.809926773183504,0.84,2.9444389791664403,0.84,2.9444389791664403,0.0,1.7999999999999856,0.25714285714285506,-0.29999999999999993,-12.89,0.7399999999999999,13.703333333333342,0.7285714285714285,14.921428571428573,-0.23803327706148514,-0.9712569994658315
2024-07-16,0.84,18.0,0.0,0,2.9444389791664403,0.54,1.809926773183504,0.84,2.9444389791664403,0.0,0.3999999999999858,0.057142857142855115,0.29999999999999993,12.89,0.7400000000000001,13.70333333333334,0.8157142857142857,17.324285714285715,-0.254671120241229,-0.9670277247913203
2024-07-17,0.79,14.98,0.0,0,2.7713379403381286,0.84,2.9444389791664403,0.54,1.809926773183504,0.0,0.3999999999999858,0.057142857142855115,-0.04999999999999993,-3.0199999999999996,0.7233333333333333,12.696666666666673,0.7914285714285715,15.817142857142857,-0.2712339106729102,-0.9625134626077081
2024-07-18,0.83,17.37,0.0,0,2.9107188992270343,0.79,2.7713379403381286,0.84,2.9444389791664403,0.0,0.1999999999999858,0.028571428571426544,0.039999999999999925,2.3900000000000006,0.82,16.783333333333342,0.7885714285714285,15.637142857142857,-0.287716767226167,-0.9577155432887803
2024-07-19,0.79,14.98,0.0,0,2.7713379403381286,0.83,2.9107188992270343,0.79,2.7713379403381286,0.0,0.0,0.0,-0.039999999999999925,-2.3900000000000006,0.8033333333333333,15.776666666666676,0.7814285714285714,15.205714285714285,-0.3041148323275178,-0.9526353808033826
2024-07-20,0.79,14.98,2.6,0,2.7713379403381286,0.79,2.7713379403381286,0.83,2.9107188992270343,2.6,2.599999999999986,0.3714285714285694,0.0,0.0,0.8033333333333333,15.776666666666673,0.7742857142857142,14.774285714285714,-0.32042327339191096,-0.947274472298717
2024-07-21,0.79,14.98,0.0,0,2.7713379403381286,0.79,2.7713379403381286,0.79,2.7713379403381286,2.6,2.599999999999986,0.3714285714285694,0.0,0.0,0.79,14.98,0.7671428571428571,14.342857142857143,-0.3366372842469099,-0.941634397659126
2024-07-22,0.79,14.98,0.0,0,2.7713379403381286,0.79,2.7713379403381286,0.79,2.7713379403381286,2.6,2.599999999999986,0.3714285714285694,0.0,0.0,0.79,14.98,0.8028571428571428,15.752857142857142,-0.35275208654909473,-0.9357168190404936
2024-07-23,0.79,14.98,0.2,0,2.7713379403381286,0.79,2.7713379403381286,0.79,2.7713379403381286,0.2,2.799999999999986,0.399999999999998,0.0,0.0,0.79,14.98,0.7957142857142857,15.321428571428571,-0.36876293119226006,-0.9295234803804003
2024-07-24,0.79,14.98,0.0,0,2.7713379403381286,0.79,2.7713379403381286,0.79,2.7713379403381286,0.2,2.799999999999986,0.399999999999998,0.0,0.0,0.79,14.98,0.7957142857142857,15.321428571428571,-0.38466509970700097,-0.9230562068841761
2024-07-25,0.79,14.98,0.0,0,2.7713379403381286,0.79,2.7713379403381286,0.79,2.7713379403381286,0.2,2.799999999999986,0.399999999999998,0.0,0.0,0.79,14.98,0.79,14.98,-0.40045390565126615,-0.9163169044870049
2024-07-26,0.79,14.98,0.0,0,2.7713379403381286,0.79,2.7713379403381286,0.79,2.7713379403381286,0.0,2.799999999999986,0.399999999999998,0.0,0.0,0.79,14.98,0.79,14.98,-0.4161246959914748,-0.9093075592922356
2024-07-27,0.79,14.98,0.0,0,2.7713379403381286,0.79,2.7713379403381286,0.79,2.7713379403381286,0.0,0.1999999999999858,0.028571428571426544,0.0,0.0,0.79,14.98,0.79,14.98,-0.431672852473784,-0.9020302369860707
2024-07-28,0.79,14.98,0.0,0,2.7713379403381286,0.79,2.7713379403381286,0.79,2.7713379403381286,0.0,0.1999999999999858,0.028571428571426544,0.0,0.0,0.79,14.98,0.79,14.98,-0.44709379298511404,-0.8944870822287955
2024-07-29,0.79,14.98,0.2,0,2.7713379403381286,0.79,2.7713379403381286,0.79,2.7713379403381286,0.2,0.3999999999999858,0.057142857142855115,0.0,0.0,0.79,14.98,0.79,14.98,-0.4623829729035149,-0.88668031802274
2024-07-30,0.79,14.98,0.0,0,2.7713379403381286,0.79,2.7713379403381286,0.79,2.7713379403381286,0.2,0.1999999999999858,0.028571428571426544,0.0,0.0,0.79,14.98,0.79,14.98,-0.4775358864374881,-0.8786122450571483
2024-07-31,0.79,14.98,0.0,0,2.7713379403381286,0.79,2.7713379403381286,0.79,2.7713379403381286,0.2,0.1999999999999858,0.028571428571426544,0.0,0.0,0.79,14.98,0.79,14.98,-0.4925480679538642,-0.8702852410301554
2024-08-01,0.79,14.98,0.0,0,2.7713379403381286,0.79,2.7713379403381286,0.79,2.7713379403381286,0.0,0.1999999999999858,0.028571428571426544,0.0,0.0,0.79,14.98,0.79,14.98,-0.5074150932938452,-0.8617017599480683
2024-08-02,0.79,14.98,0.6,0,2.7713379403381286,0.79,2.7713379403381286,0.79,2.7713379403381286,0.6,0.7999999999999858,0.11428571428571226,0.0,0.0,0.79,14.98,0.79,14.98,-0.5221325810768248,-0.8528643314021597
2024-08-03,0.79,14.98,0.2,0,2.7713379403381286,0.79,2.7713379403381286,0.79,2.7713379403381286,0.8,0.9999999999999858,0.14285714285714082,0.0,0.0,0.79,14.98,0.79,14.98,-0.5366961939916003,-0.8437755598231858
2024-08-04,0.79,14.98,0.2,0,2.7713379403381286,0.79,2.7713379403381286,0.79,2.7713379403381286,1.0,1.1999999999999857,0.1714285714285694,0.0,0.0,0.79,14.98,0.79,14.98,-0.5511016400745998,-0.8344381237138474
2024-08-05,0.79,14.98,0.0,0,2.7713379403381286,0.79,2.7713379403381286,0.79,2.7713379403381286,0.4,0.9999999999999858,0.14285714285714082,0.0,0.0,0.79,14.98,0.79,14.98,-0.5653446739747425,-0.8248547748594246
2024-08-06,0.79,14.98,0.0,0,2.7713379403381286,0.79,2.7713379403381286,0.79,2.7713379403381286,0.2,0.9999999999999858,0.14285714285714082,0.0,0.0,0.79,14.98,0.79,14.98,-0.5794210982045637,-0.8150283375168114
2024-08-07,0.79,14.98,0.0,0,2.7713379403381286,0.79,2.7713379403381286,0.79,2.7713379403381286,0.0,0.9999999999999858,0.14285714285714082,0.0,0.0,0.79,14.98,0.79,14.98,-0.5933267643772321,-0.8049617075821958
2024-08-08,0.75,12.92,0.0,0,2.6333266549062735,0.79,2.7713379403381286,0.79,2.7713379403381286,0.0,0.9999999999999858,0.14285714285714082,-0.040000000000000036,-2.0600000000000005,0.7766666666666667,14.293333333333342,0.7842857142857144,14.685714285714285,-0.6070575744291004,-0.794657851737625
2024-08-09,0.75,12.92,0.0,0,2.6333266549062735,0.75,2.6333266549062735,0.79,2.7713379403381286,0.0,0.3999999999999857,0.0571428571428551,0.0,0.0,0.7633333333333333,13.606666666666674,0.7785714285714286,14.391428571428571,-0.6206094818274228,-0.7841198065767104
2024-08-10,0.75,12.92,0.0,0,2.6333266549062735,0.75,2.6333266549062735,0.75,2.6333266549062735,0.0,0.1999999999999857,0.028571428571426527,0.0,0.0,0.75,12.92,0.7728571428571429,14.097142857142856,-0.6339784927628865,-0.77335067770973
2024-08-11,0.75,12.92,0.0,0,2.6333266549062735,0.75,2.6333266549062735,0.75,2.6333266549062735,0.0,0.0,0.0,0.0,0.0,0.75,12.92,0.7671428571428571,13.80285714285714,-0.6471606673266059,-0.7623536388483905
2024-08-12,0.75,12.92,0.0,0,2.6333266549062735,0.75,2.6333266549062735,0.75,2.6333266549062735,0.0,0.0,0.0,0.0,0.0,0.75,12.92,0.7614285714285715,13.508571428571429,-0.6601521206712315,-0.7511319308705201
2024-08-13,0.75,12.92,0.8,0,2.6333266549062735,0.75,2.6333266549062735,0.75,2.6333266549062735,0.8,0.7999999999999857,0.11428571428571224,0.0,0.0,0.75,12.92,0.7557142857142857,13.214285714285714,-0.6729490241558326,-0.7396888608649671
2024-08-14,0.75,12.92,0.2,0,2.6333266549062735,0.75,2.6333266549062735,0.75,2.6333266549062735,1.0,0.9999999999999858,0.14285714285714082,0.0,0.0,0.75,12.92,0.75,12.92,-0.6855476064742154,-0.7280278011569848
2024-08-15,0.75,12.92,0.0,0,2.6333266549062735,0.75,2.6333266549062735,0.75,2.6333266549062735,1.0,0.9999999999999858,0.14285714285714082,0.0,0.0,0.75,12.92,0.75,12.92,-0.6979441547663433,-0.7161521883143935
2024-08-16,0.75,12.92,0.0,0,2.6333266549062735,0.75,2.6333266549062735,0.75,2.6333266549062735,0.2,0.9999999999999858,0.14285714285714082,0.0,0.0,0.75,12.92,0.75,12.92,-0.7101350157125356,-0.7040655221348059
2024-08-17,0.74,12.4,4.6,0,2.5952547069568657,0.75,2.6333266549062735,0.75,2.6333266549062735,4.6,5.599999999999985,0.7999999999999979,-0.010000000000000009,-0.5199999999999996,0.7466666666666667,12.746666666666675,0.7485714285714286,12.845714285714285,-0.7221165966101161,-0.691771364614222
2024-08-18,0.74,12.4,0.6,0,2.5952547069568657,0.74,2.5952547069568657,0.75,2.6333266549062735,5.199999999999999,6.199999999999985,0.8857142857142836,0.0,0.0,0.7433333333333333,12.57333333333334,0.7471428571428572,12.77142857142857,-0.7338853664321993,-0.6792733388972929
2024-08-19,0.75,12.92,0.0,0,2.6333266549062735,0.74,2.5952547069568657,0.74,2.5952547069568657,5.199999999999999,6.199999999999985,0.8857142857142836,0.010000000000000009,0.5199999999999996,0.7433333333333333,12.57333333333334,0.7471428571428572,12.77142857142857,-0.7454378568683003,-0.6665751282095631
2024-08-20,0.75,12.92,0.0,0,2.6333266549062735,0.75,2.6333266549062735,0.74,2.5952547069568657,0.6,5.399999999999985,0.7714285714285694,0.0,0.0,0.7466666666666667,12.746666666666675,0.7471428571428572,12.77142857142857,-0.7567706633464625,-0.653680474772006
2024-08-21,0.75,12.92,0.0,0,2.6333266549062735,0.75,2.6333266549062735,0.75,2.6333266549062735,0.0,5.199999999999985,0.7428571428571408,0.0,0.0,0.75,12.92,0.7471428571428572,12.77142857142857,-0.7678804460366,-0.6405931786981752
2024-08-22,0.75,12.92,0.0,0,2.6333266549062735,0.75,2.6333266549062735,0.75,2.6333266549062735,0.0,5.199999999999985,0.7428571428571408,0.0,0.0,0.75,12.92,0.7471428571428572,12.77142857142857,-0.7787639308347605,-0.627317096874294
2024-08-23,0.75,12.92,0.0,0,2.6333266549062735,0.75,2.6333266549062735,0.75,2.6333266549062735,0.0,5.199999999999985,0.7428571428571408,0.0,0.0,0.75,12.92,0.7471428571428572,12.77142857142857,-0.7894179103280194,-0.6138561418226122
2024-08-24,0.72,11.37,0.0,0,2.5152741864043966,0.75,2.6333266549062735,0.75,2.6333266549062735,0.0,0.5999999999999858,0.08571428571428368,-0.030000000000000027,-1.5500000000000007,0.7399999999999999,12.403333333333341,0.7442857142857143,12.624285714285714,-0.7998392447397191,-0.6002142805483686
2024-08-25,0.72,11.37,0.0,0,2.5152741864043966,0.72,2.5152741864043966,0.75,2.6333266549062735,0.0,0.0,0.0,0.0,0.0,0.73,11.886666666666672,0.7414285714285714,12.477142857142855,-0.8100248628547748,-0.5863955333706962
2024-08-26,0.72,11.37,0.0,0,2.5152741864043966,0.72,2.5152741864043966,0.72,2.5152741864043966,0.0,0.0,0.0,0.0,0.0,0.72,11.37,0.737142857142857,12.255714285714285,-0.8199717629247767,-0.5724039727378154
2024-08-27,0.61,7.15,0.0,0,2.0980179272527715,0.72,2.5152741864043966,0.72,2.5152741864043966,0.0,0.0,0.0,-0.10999999999999999,-4.219999999999999,0.6833333333333332,9.96333333333334,0.7171428571428572,11.431428571428569,-0.8296770135526185,-0.5582437220268655
2024-08-28,0.61,7.15,0.4,0,2.0980179272527715,0.61,2.0980179272527715,0.72,2.5152741864043966,0.4,0.3999999999999858,0.057142857142855115,0.0,0.0,0.6466666666666666,8.556666666666674,0.697142857142857,10.607142857142858,-0.8391377545563938,-0.5439189543287248
2024-08-29,0.61,7.15,31.6,0,2.0980179272527715,0.61,2.0980179272527715,0.61,2.0980179272527715,32.0,31.999999999999986,4.571428571428569,0.0,0.0,0.61,7.15,0.677142857142857,9.782857142857141,-0.8483511978123038,-0.5294338912181854
2024-08-30,0.61,7.15,0.4,0,2.0980179272527715,0.61,2.0980179272527715,0.61,2.0980179272527715,32.4,32.399999999999984,4.628571428571426,0.0,0.0,0.61,7.15,0.6571428571428571,8.958571428571426,-0.8573146280763322,-0.514792801509831
2024-08-31,0.54,5.11,1.8,0,1.809926773183504,0.61,2.0980179272527715,0.61,2.0980179272527715,33.800000000000004,34.19999999999999,4.885714285714284,-0.06999999999999995,-2.04,0.5866666666666667,6.470000000000007,0.6314285714285715,8.064285714285713,-0.8660254037844385,-0.5000000000000004
2024-09-01,0.54,5.11,0.0,0,1.809926773183504,0.54,1.809926773183504,0.61,2.0980179272527715,2.2,34.19999999999999,4.885714285714284,0.0,0.0,0.5633333333333334,5.790000000000007,0.6057142857142858,7.17,-0.8744809578310394,-0.4850598461951967
2024-09-02,0.54,5.11,0.0,0,1.809926773183504,0.54,1.809926773183504,0.54,1.809926773183504,1.8000000000000003,34.19999999999999,4.885714285714284,0.0,0.0,0.54,5.11,0.5800000000000001,6.275714285714286,-0.8826787983255475,-0.4699767430273199
2024-09-03,0.55,5.31,1.2,0,1.8421356765531218,0.54,1.809926773183504,0.54,1.809926773183504,1.2,35.399999999999984,5.057142857142855,0.010000000000000009,0.1999999999999993,0.5433333333333333,5.176666666666674,0.5714285714285714,6.0128571428571425,-0.8906165093267404,-0.45475513555610575
2024-09-04,0.42,3.17,1.0,0,1.4279160358107101,0.55,1.8421356765531218,0.54,1.809926773183504,2.2,35.999999999999986,5.142857142857141,-0.13000000000000006,-2.1399999999999997,0.5033333333333333,4.530000000000007,0.5442857142857143,5.444285714285713,-0.8982917515547529,-0.43939950965914165
2024-09-05,0.43,3.31,24.0,0,1.4609379041156565,0.42,1.4279160358107101,0.55,1.8421356765531218,26.2,28.399999999999984,4.057142857142855,0.010000000000000009,0.14000000000000012,0.4666666666666666,3.9300000000000073,0.5185714285714286,4.895714285714285,-0.9057022630804714,-0.42391439070986087
2024-09-06,0.43,3.31,0.0,0,1.4609379041156565,0.43,1.4609379041156565,0.42,1.4279160358107101,25.0,27.999999999999986,3.999999999999998,0.0,0.0,0.4266666666666667,3.2633333333333403,0.4928571428571429,4.347142857142857,-0.9128458599921354,-0.40830434224389367
2024-09-07,0.22,1.09,2.6,0,0.7371640659767197,0.43,1.4609379041156565,0.43,1.4609379041156565,26.6,28.799999999999986,4.114285714285712,-0.21,-2.2199999999999998,0.36000000000000004,2.570000000000007,0.4471428571428572,3.772857142857142,-0.9197204370389468,-0.3925739646141714
2024-09-08,0.23,1.18,0.0,0,0.7793248768009976,0.22,0.7371640659767197,0.43,1.4609379041156565,2.6,28.799999999999986,4.114285714285712,0.010000000000000009,0.08999999999999986,0.29333333333333333,1.8600000000000072,0.40285714285714286,3.2114285714285704,-0.9263239682514951,-0.3767278936351848
2024-09-09,0.23,1.18,0.4,0,0.7793248768009976,0.23,0.7793248768009976,0.22,0.7371640659767197,3.0,29.199999999999985,4.171428571428569,0.0,0.0,0.22666666666666668,1.1500000000000072,0.3585714285714286,2.649999999999999,-0.9326545075388225,-0.3607707992167831
2024-09-10,0.73,11.89,0.0,0,2.556451816951096,0.23,0.7793248768009976,0.23,0.7793248768009976,0.4,27.999999999999986,3.999999999999998,0.5,10.71,0.39666666666666667,4.750000000000007,0.3842857142857143,3.5899999999999994,-0.9387101892619443,-0.3447073839879337
2024-09-11,0.23,1.18,0.0,0,0.7793248768009976,0.73,2.556451816951096,0.23,0.7793248768009976,0.4,26.999999999999986,3.857142857142855,-0.5,-10.71,0.3966666666666667,4.750000000000007,0.35714285714285715,3.3057142857142847,-0.9444892287836613,-0.32854238191083474
2024-09-12,0.23,1.18,2.0,0,0.7793248768009976,0.23,0.7793248768009976,0.73,2.556451816951096,2.0,4.999999999999986,0.7142857142857123,0.0,0.0,0.39666666666666667,4.750000000000007,0.32857142857142857,3.0014285714285704,-0.9499899229945009,-0.3122805568857948
2024-09-13,0.5,4.31,0.0,0,1.6695918352538475,0.23,0.7793248768009976,0.23,0.7793248768009976,2.0,4.999999999999986,0.7142857142857123,0.27,3.13,0.32,2.2233333333333403,0.3385714285714286,3.1442857142857137,-0.9552106508146316,-0.29592670134728966
2024-09-14,0.22,1.09,0.0,0,0.7371640659767197,0.5,1.6695918352538475,0.23,0.7793248768009976,2.0,2.3999999999999857,0.3428571428571408,-0.28,-3.2199999999999998,0.31666666666666665,2.1933333333333405,0.3385714285714286,3.1442857142857137,-0.9601498736716017,-0.2794856348516098
2024-09-15,0.22,1.09,0.0,0,0.7371640659767197,0.22,0.7371640659767197,0.5,1.6695918352538475,0.0,2.3999999999999857,0.3428571428571408,0.0,0.0,0.3133333333333333,2.1633333333333407,0.33714285714285713,3.131428571428571,-0.9648061359537644,-0.2629622026565152
2024-09-16,0.22,1.09,0.0,0,0.7371640659767197,0.22,0.7371640659767197,0.22,0.7371640659767197,0.0,1.9999999999999858,0.2857142857142837,0.0,0.0,0.22,1.09,0.3357142857142857,3.118571428571428,-0.9691780654392534,-0.24636127429331536
2024-09-17,0.23,1.18,0.0,0,0.7793248768009976,0.22,0.7371640659767197,0.22,0.7371640659767197,0.0,1.9999999999999858,0.2857142857142837,0.010000000000000009,0.08999999999999986,0.22333333333333336,1.1200000000000072,0.2642857142857143,1.5885714285714276,-0.9732643737003823,-0.2296877421317963
2024-09-18,0.23,1.18,0.0,0,0.7793248768009976,0.23,0.7793248768009976,0.22,0.7371640659767197,0.0,1.9999999999999858,0.2857142857142837,0.0,0.0,0.22666666666666668,1.1500000000000072,0.2642857142857143,1.5885714285714276,-0.9770638564833508,-0.21294651993841573
2024-09-19,0.23,1.18,3.6,0,0.7793248768009976,0.23,0.7793248768009976,0.23,0.7793248768009976,3.6,3.599999999999986,0.5142857142857122,0.0,0.0,0.23,1.18,0.2642857142857143,1.5885714285714276,-0.9805753940631429,-0.19614254142819712
2024-09-20,0.23,1.18,6.4,0,0.7793248768009976,0.23,0.7793248768009976,0.23,0.7793248768009976,10.0,9.999999999999986,1.4285714285714266,0.0,0.0,0.23,1.18,0.22571428571428573,1.1414285714285703,-0.9837979515735163,-0.1792807588107359
2024-09-21,0.23,1.18,17.0,0,0.7793248768009976,0.23,0.7793248768009976,0.23,0.7793248768009976,27.0,26.999999999999986,3.857142857142855,0.0,0.0,0.23,1.18,0.22714285714285715,1.1542857142857132,-0.9867305793119814,-0.16236614133076413
2024-09-22,0.22,1.09,6.2,0,0.7371640659767197,0.23,0.7793248768009976,0.23,0.7793248768009976,29.599999999999998,33.19999999999999,4.742857142857141,-0.010000000000000009,-0.08999999999999986,0.22666666666666668,1.1500000000000072,0.22714285714285715,1.1542857142857132,-0.9893724130196829,-0.14540367380369032
2024-09-23,0.22,1.09,0.0,0,0.7371640659767197,0.22,0.7371640659767197,0.23,0.7793248768009976,23.2,33.19999999999999,4.742857142857141,0.0,0.0,0.22333333333333336,1.1200000000000072,0.22714285714285715,1.1542857142857132,-0.9917226741361014,-0.12839835514655154
2024-09-24,0.22,1.09,0.0,0,0.7371640659767197,0.22,0.7371640659767197,0.22,0.7371640659767197,6.2,33.19999999999999,4.742857142857141,0.0,0.0,0.22,1.09,0.2257142857142857,1.1414285714285703,-0.9937806700284985,-0.11135519690480865
2024-09-25,0.22,1.09,4.8,0,0.7371640659767197,0.22,0.7371640659767197,0.22,0.7371640659767197,4.8,37.999999999999986,5.428571428571426,0.0,0.0,0.22,1.09,0.22428571428571425,1.1285714285714277,-0.9955457941960382,-0.09427922177542443
2024-09-26,0.22,1.09,2.6,0,0.7371640659767197,0.22,0.7371640659767197,0.22,0.7371640659767197,7.4,36.999999999999986,5.285714285714284,0.0,0.0,0.22,1.09,0.22285714285714286,1.1157142857142848,-0.9970175264485267,-0.07717546212664643
2024-09-27,0.22,1.09,6.8,0,0.7371640659767197,0.22,0.7371640659767197,0.22,0.7371640659767197,14.2,37.399999999999984,5.342857142857141,0.0,0.0,0.22,1.09,0.22142857142857145,1.1028571428571419,-0.998195433059714,-0.06004895851494849
2024-09-28,0.22,1.09,0.0,0,0.7371640659767197,0.22,0.7371640659767197,0.22,0.7371640659767197,9.399999999999999,20.399999999999984,2.914285714285712,0.0,0.0,0.22,1.09,0.22,1.09,-0.9990791668951153,-0.04290475819955383
2024-09-29,0.22,1.09,0.0,0,0.7371640659767197,0.22,0.7371640659767197,0.22,0.7371640659767197,6.799999999999999,14.199999999999987,2.0285714285714267,0.0,0.0,0.22,1.09,0.22,1.09,-0.9996684675143132,-0.025747913654988113
2024-09-30,0.21,0.99,0.0,0,0.688134638736401,0.22,0.7371640659767197,0.22,0.7371640659767197,0.0,14.199999999999985,2.0285714285714262,-0.010000000000000009,-0.10000000000000009,0.21666666666666667,1.0566666666666737,0.21857142857142858,1.075714285714285,-0.9999631612477099,-0.008583481082086734
2024-10-01,0.21,0.994,4.8,0,0.6901426715396466,0.21,0.688134638736401,0.22,0.7371640659767197,4.8,18.999999999999986,2.714285714285712,0.0,0.0040000000000000036,0.21333333333333335,1.024666666666674,0.21714285714285714,1.061999999999999,-0.9999631612477099,0.008583481082087254
2024-10-02,0.21,0.994,13.0,0,0.6901426715396466,0.21,0.6901426715396466,0.21,0.688134638736401,17.8,27.19999999999999,3.885714285714284,0.0,0.0,0.21,0.9926666666666737,0.2157142857142857,1.0482857142857134,-0.999668467514313,0.025747913654988634
2024-10-03,0.21,0.994,0.2,0,0.6901426715396466,0.21,0.6901426715396466,0.21,0.6901426715396466,18.0,24.799999999999986,3.542857142857141,0.0,0.0,0.21,0.994,0.21428571428571427,1.0345714285714276,-0.9990791668951153,0.04290475819955435
2024-10-04,0.21,0.994,0.0,0,0.6901426715396466,0.21,0.6901426715396466,0.21,0.6901426715396466,13.2,17.999999999999986,2.5714285714285694,0.0,0.0,0.21,0.994,0.21285714285714286,1.020857142857142,-0.998195433059714,0.06004895851494813
2024-10-05,0.21,0.994,1.4,0,0.6901426715396466,0.21,0.6901426715396466,0.21,0.6901426715396466,1.5999999999999999,19.399999999999984,2.771428571428569,0.0,0.0,0.21,0.994,0.21142857142857144,1.007142857142856,-0.9970175264485267,0.07717546212664607
2024-10-06,0.21,0.994,9.2,0,0.6901426715396466,0.21,0.6901426715396466,0.21,0.6901426715396466,10.6,28.599999999999984,4.085714285714284,0.0,0.0,0.21,0.994,0.21,0.9934285714285703,-0.9955457941960382,0.09427922177542405
2024-10-07,0.25,1.37,20.4,0,0.8628899551470398,0.21,0.6901426715396466,0.21,0.6901426715396466,31.0,48.999999999999986,6.999999999999998,0.04000000000000001,0.3760000000000001,0.22333333333333336,1.1193333333333404,0.21571428571428572,1.0477142857142847,-0.9937806700284985,0.11135519690480827
2024-10-08,0.23,1.182,1.4,0,0.7802418874108791,0.25,0.8628899551470398,0.21,0.6901426715396466,31.0,45.59999999999998,6.514285714285712,-0.01999999999999999,-0.18800000000000017,0.22999999999999998,1.182000000000007,0.21857142857142858,1.0745714285714276,-0.9917226741361016,0.1283983551465503
2024-10-09,0.22,1.088,15.6,0,0.7362066700203923,0.23,0.7802418874108791,0.25,0.8628899551470398,37.4,48.19999999999998,6.8857142857142835,-0.010000000000000009,-0.09399999999999986,0.23333333333333336,1.2133333333333405,0.22,1.087999999999999,-0.9893724130196829,0.14540367380368996
2024-10-10,0.61,7.146,0.2,0,2.097527009226221,0.22,0.7362066700203923,0.23,0.7802418874108791,17.2,48.19999999999999,6.885714285714284,0.39,6.058,0.35333333333333333,3.138666666666674,0.27714285714285714,1.966857142857142,-0.9867305793119814,0.16236614133076377
2024-10-11,0.21,0.994,1.2,0,0.6901426715396466,0.61,2.097527009226221,0.22,0.7362066700203923,17.0,49.399999999999984,7.057142857142855,-0.4,-6.152,0.3466666666666667,3.076000000000007,0.27714285714285714,1.966857142857142,-0.9837979515735163,0.17928075881073555
2024-10-12,0.21,0.994,1.2,0,0.6901426715396466,0.21,0.6901426715396466,0.61,2.097527009226221,2.5999999999999996,49.19999999999999,7.028571428571427,0.0,0.0,0.3433333333333333,3.0446666666666737,0.27714285714285714,1.966857142857142,-0.980575394063143,0.19614254142819676
2024-10-13,0.21,0.994,0.0,0,0.6901426715396466,0.21,0.6901426715396466,0.21,0.6901426715396466,2.3999999999999995,39.999999999999986,5.714285714285713,0.0,0.0,0.21,0.994,0.27714285714285714,1.966857142857142,-0.9770638564833509,0.21294651993841537
2024-10-14,0.21,0.994,0.0,0,0.6901426715396466,0.21,0.6901426715396466,0.21,0.6901426715396466,1.2,19.599999999999987,2.799999999999998,0.0,0.0,0.21,0.994,0.2714285714285714,1.9131428571428561,-0.9732643737003827,0.22968774213179508
2024-10-15,0.21,0.994,10.0,0,0.6901426715396466,0.21,0.6901426715396466,0.21,0.6901426715396466,10.0,28.19999999999999,4.028571428571427,0.0,0.0,0.21,0.994,0.26857142857142857,1.8862857142857135,-0.9691780654392538,0.24636127429331414
2024-10-16,0.21,0.994,11.2,0,0.6901426715396466,0.21,0.6901426715396466,0.21,0.6901426715396466,21.2,23.799999999999983,3.3999999999999977,0.0,0.0,0.21,0.994,0.2671428571428571,1.8728571428571417,-0.9648061359537647,0.262962202656514
2024-10-17,0.22,1.088,3.2,0,0.7362066700203923,0.21,0.6901426715396466,0.21,0.6901426715396466,24.4,26.799999999999986,3.8285714285714265,0.010000000000000009,0.09400000000000008,0.21333333333333335,1.02533333333334,0.21142857142857138,1.0074285714285705,-0.9601498736716018,0.2794856348516095
2024-10-18,0.21,0.994,0.2,0,0.6901426715396466,0.22,0.7362066700203923,0.21,0.6901426715396466,14.6,25.799999999999986,3.6857142857142837,-0.010000000000000009,-0.09400000000000008,0.21333333333333335,1.02533333333334,0.21142857142857144,1.0074285714285705,-0.9552106508146317,0.2959267013472893
2024-10-19,0.21,0.994,0.0,0,0.6901426715396466,0.21,0.6901426715396466,0.22,0.7362066700203923,3.4000000000000004,24.599999999999984,3.514285714285712,0.0,0.0,0.21333333333333335,1.02533333333334,0.21142857142857144,1.0074285714285705,-0.9499899229945011,0.3122805568857945
2024-10-20,0.21,0.994,0.0,0,0.6901426715396466,0.21,0.6901426715396466,0.21,0.6901426715396466,0.2,24.599999999999984,3.514285714285712,0.0,0.0,0.21,0.994,0.21142857142857144,1.0074285714285705,-0.9444892287836614,0.3285423819108344
2024-10-21,0.21,0.994,0.0,0,0.6901426715396466,0.21,0.6901426715396466,0.21,0.6901426715396466,0.0,24.599999999999984,3.514285714285712,0.0,0.0,0.21,0.994,0.21142857142857144,1.0074285714285705,-0.938710189261944,0.3447073839879342
2024-10-22,0.21,0.994,0.0,0,0.6901426715396466,0.21,0.6901426715396466,0.21,0.6901426715396466,0.0,14.599999999999985,2.0857142857142836,0.0,0.0,0.21,0.994,0.21142857142857144,1.0074285714285705,-0.9326545075388223,0.3607707992167836
2024-10-23,0.21,0.994,0.0,0,0.6901426715396466,0.21,0.6901426715396466,0.21,0.6901426715396466,0.0,3.399999999999986,0.4857142857142837,0.0,0.0,0.21,0.994,0.21142857142857144,1.0074285714285705,-0.9263239682514949,0.3767278936351853
2024-10-24,0.22,1.088,2.0,0,0.7362066700203923,0.21,0.6901426715396466,0.21,0.6901426715396466,2.0,2.199999999999986,0.3142857142857123,0.010000000000000009,0.09400000000000008,0.21333333333333335,1.02533333333334,0.21142857142857144,1.0074285714285705,-0.9197204370389466,0.3925739646141719
2024-10-25,0.22,1.088,0.8,0,0.7362066700203923,0.22,0.7362066700203923,0.21,0.6901426715396466,2.8,2.7999999999999856,0.39999999999999797,0.0,0.0,0.21666666666666667,1.0566666666666735,0.21285714285714286,1.0208571428571418,-0.9128458599921356,0.40830434224389334
2024-10-26,0.22,1.088,5.2,0,0.7362066700203923,0.22,0.7362066700203923,0.22,0.7362066700203923,8.0,7.999999999999986,1.1428571428571408,0.0,0.0,0.22,1.088,0.21428571428571427,1.0342857142857134,-0.9057022630804715,0.42391439070986053
2024-10-27,0.22,1.088,9.8,0,0.7362066700203923,0.22,0.7362066700203923,0.22,0.7362066700203923,15.8,17.799999999999986,2.542857142857141,0.0,0.0,0.22,1.088,0.21571428571428572,1.0477142857142847,-0.898291751554753,0.4393995096591413
2024-10-28,0.22,1.088,0.2,0,0.7362066700203923,0.22,0.7362066700203923,0.22,0.7362066700203923,15.2,17.999999999999986,2.5714285714285694,0.0,0.0,0.22,1.088,0.21714285714285714,1.061142857142856,-0.8906165093267406,0.4547551355561054
2024-10-29,0.22,1.088,2.0,0,0.7362066700203923,0.22,0.7362066700203923,0.22,0.7362066700203923,12.0,19.999999999999986,2.857142857142855,0.0,0.0,0.22,1.088,0.21857142857142858,1.0745714285714276,-0.8826787983255476,0.46997674302731957
2024-10-30,0.22,1.088,0.4,0,0.7362066700203923,0.22,0.7362066700203923,0.22,0.7362066700203923,2.6,20.399999999999988,2.9142857142857124,0.0,0.0,0.22,1.088,0.22,1.088,-0.8744809578310401,0.4850598461951956
2024-10-31,0.22,1.088,0.2,0,0.7362066700203923,0.22,0.7362066700203923,0.22,0.7362066700203923,2.6,18.599999999999987,2.6571428571428553,0.0,0.0,0.22,1.088,0.22,1.088,-0.8660254037844386,0.5000000000000001
2024-11-01,0.22,1.088,0.0,0,0.7362066700203923,0.22,0.7362066700203923,0.22,0.7362066700203923,0.6000000000000003,17.799999999999986,2.542857142857141,0.0,0.0,0.22,1.088,0.22,1.088,-0.8573146280763323,0.5147928015098306
2024-11-02,0.22,1.088,0.0,0,0.7362066700203923,0.22,0.7362066700203923,0.22,0.7362066700203923,0.20000000000000023,12.599999999999987,1.7999999999999983,0.0,0.0,0.22,1.088,0.22,1.088,-0.848351197812304,0.5294338912181851
2024-11-03,0.22,1.088,0.0,0,0.7362066700203923,0.22,0.7362066700203923,0.22,0.7362066700203923,0.0,2.799999999999986,0.399999999999998,0.0,0.0,0.22,1.088,0.22,1.088,-0.8391377545563939,0.5439189543287245
2024-11-04,0.22,1.088,0.2,0,0.7362066700203923,0.22,0.7362066700203923,0.22,0.7362066700203923,0.20000000000000023,2.7999999999999856,0.39999999999999797,0.0,0.0,0.22,1.088,0.22,1.088,-0.8296770135526191,0.5582437220268645
2024-11-05,0.22,1.088,0.0,0,0.7362066700203923,0.22,0.7362066700203923,0.22,0.7362066700203923,0.20000000000000023,0.7999999999999861,0.1142857142857123,0.0,0.0,0.22,1.088,0.22,1.088,-0.8199717629247775,0.5724039727378144
2024-11-06,0.22,1.088,0.0,0,0.7362066700203923,0.22,0.7362066700203923,0.22,0.7362066700203923,0.20000000000000023,0.39999999999998603,0.05714285714285515,0.0,0.0,0.22,1.088,0.22,1.088,-0.8100248628547756,0.5863955333706952
2024-11-07,0.22,1.088,0.0,0,0.7362066700203923,0.22,0.7362066700203923,0.22,0.7362066700203923,0.0,0.19999999999998602,0.028571428571426576,0.0,0.0,0.22,1.088,0.22,1.088,-0.7998392447397198,0.6002142805483676
2024-11-08,0.22,1.088,4.2,0,0.7362066700203923,0.22,0.7362066700203923,0.22,0.7362066700203923,4.2,4.399999999999986,0.6285714285714266,0.0,0.0,0.22,1.088,0.22,1.088,-0.7894179103280197,0.613856141822612
2024-11-09,0.22,1.088,3.6,0,0.7362066700203923,0.22,0.7362066700203923,0.22,0.7362066700203923,7.800000000000001,7.999999999999986,1.1428571428571408,0.0,0.0,0.22,1.088,0.22,1.088,-0.7787639308347607,0.6273170968742937
2024-11-10,0.22,1.088,4.4,0,0.7362066700203923,0.22,0.7362066700203923,0.22,0.7362066700203923,12.200000000000001,12.399999999999986,1.7714285714285694,0.0,0.0,0.22,1.088,0.22,1.088,-0.7678804460366002,0.640593178698175
2024-11-11,0.22,1.088,1.8,0,0.7362066700203923,0.22,0.7362066700203923,0.22,0.7362066700203923,9.8,13.999999999999988,1.9999999999999982,0.0,0.0,0.22,1.088,0.22,1.088,-0.7567706633464628,0.6536804747720056
2024-11-12,0.22,1.088,10.8,0,0.7362066700203923,0.22,0.7362066700203923,0.22,0.7362066700203923,17.0,24.79999999999999,3.5428571428571414,0.0,0.0,0.22,1.088,0.22,1.088,-0.7454378568682999,0.6665751282095634
2024-11-13,0.23,1.182,0.2,0,0.7802418874108791,0.22,0.7362066700203923,0.22,0.7362066700203923,12.8,24.99999999999999,3.57142857142857,0.010000000000000009,0.09399999999999986,0.22333333333333336,1.1193333333333402,0.22142857142857145,1.1014285714285705,-0.7338853664321989,0.6792733388972934
2024-11-14,0.22,1.088,0.0,0,0.7362066700203923,0.23,0.7802418874108791,0.22,0.7362066700203923,11.0,24.99999999999999,3.57142857142857,-0.010000000000000009,-0.09399999999999986,0.22333333333333336,1.1193333333333402,0.22142857142857145,1.1014285714285705,-0.7221165966101161,0.6917713646142221
2024-11-15,0.22,1.088,0.0,0,0.7362066700203923,0.22,0.7362066700203923,0.23,0.7802418874108791,0.2,20.79999999999999,2.97142857142857,0.0,0.0,0.22333333333333336,1.1193333333333402,0.22142857142857145,1.1014285714285705,-0.7101350157125358,0.7040655221348057
2024-11-16,0.22,1.088,0.0,0,0.7362066700203923,0.22,0.7362066700203923,0.22,0.7362066700203923,0.0,17.19999999999999,2.4571428571428555,0.0,0.0,0.22,1.088,0.22142857142857145,1.1014285714285705,-0.6979441547663436,0.7161521883143932
2024-11-17,0.22,1.088,0.2,0,0.7362066700203923,0.22,0.7362066700203923,0.22,0.7362066700203923,0.2,12.999999999999988,1.8571428571428554,0.0,0.0,0.22,1.088,0.22142857142857145,1.1014285714285705,-0.6855476064742156,0.7280278011569846
2024-11-18,0.22,1.088,0.0,0,0.7362066700203923,0.22,0.7362066700203923,0.22,0.7362066700203923,0.2,11.199999999999987,1.599999999999998,0.0,0.0,0.22,1.088,0.22142857142857145,1.1014285714285705,-0.6729490241558331,0.7396888608649665
2024-11-19,0.22,1.088,0.0,0,0.7362066700203923,0.22,0.7362066700203923,0.22,0.7362066700203923,0.2,0.3999999999999858,0.057142857142855115,0.0,0.0,0.22,1.088,0.2214285714285714,1.1014285714285705,-0.6601521206712321,0.7511319308705195
2024-11-20,0.22,1.088,0.0,0,0.7362066700203923,0.22,0.7362066700203923,0.22,0.7362066700203923,0.0,0.1999999999999858,0.028571428571426544,0.0,0.0,0.22,1.088,0.22,1.088,-0.6471606673266065,0.7623536388483899
2024-11-21,0.22,1.088,5.0,0,0.7362066700203923,0.22,0.7362066700203923,0.22,0.7362066700203923,5.0,5.199999999999986,0.7428571428571409,0.0,0.0,0.22,1.088,0.22,1.088,-0.6339784927628872,0.7733506777097294
2024-11-22,0.22,1.088,0.0,0,0.7362066700203923,0.22,0.7362066700203923,0.22,0.7362066700203923,5.0,5.199999999999986,0.7428571428571409,0.0,0.0,0.22,1.088,0.22,1.088,-0.6206094818274227,0.7841198065767104
2024-11-23,0.22,1.088,0.0,0,0.7362066700203923,0.22,0.7362066700203923,0.22,0.7362066700203923,5.0,5.199999999999986,0.7428571428571409,0.0,0.0,0.22,1.088,0.22,1.088,-0.607057574429101,0.7946578517376245
2024-11-24,0.22,1.088,10.2,0,0.7362066700203923,0.22,0.7362066700203923,0.22,0.7362066700203923,10.2,15.199999999999985,2.1714285714285695,0.0,0.0,0.22,1.088,0.22,1.088,-0.5933267643772321,0.8049617075821958
2024-11-25,0.22,1.088,4.6,0,0.7362066700203923,0.22,0.7362066700203923,0.22,0.7362066700203923,14.799999999999999,19.799999999999983,2.828571428571426,0.0,0.0,0.22,1.088,0.22,1.088,-0.5794210982045647,0.8150283375168107
2024-11-26,0.22,1.088,0.0,0,0.7362066700203923,0.22,0.7362066700203923,0.22,0.7362066700203923,14.799999999999999,19.799999999999983,2.828571428571426,0.0,0.0,0.22,1.088,0.22,1.088,-0.5653446739747432,0.8248547748594242
2024-11-27,0.22,1.088,0.0,0,0.7362066700203923,0.22,0.7362066700203923,0.22,0.7362066700203923,4.6,19.799999999999983,2.828571428571426,0.0,0.0,0.22,1.088,0.22,1.088,-0.5511016400745998,0.8344381237138475
2024-11-28,0.22,1.088,0.0,0,0.7362066700203923,0.22,0.7362066700203923,0.22,0.7362066700203923,0.0,14.799999999999985,2.114285714285712,0.0,0.0,0.22,1.088,0.22,1.088,-0.5366961939916011,0.8437755598231853
2024-11-29,0.22,1.088,0.0,0,0.7362066700203923,0.22,0.7362066700203923,0.22,0.7362066700203923,0.0,14.799999999999985,2.114285714285712,0.0,0.0,0.22,1.088,0.22,1.088,-0.5221325810768248,0.8528643314021598
2024-11-30,0.22,1.088,0.0,0,0.7362066700203923,0.22,0.7362066700203923,0.22,0.7362066700203923,0.0,14.799999999999985,2.114285714285712,0.0,0.0,0.22,1.088,0.22,1.088,-0.5074150932938463,0.8617017599480677
2024-12-01,0.22,1.088,0.0,0,0.7362066700203923,0.22,0.7362066700203923,0.22,0.7362066700203923,0.0,4.599999999999985,0.657142857142855,0.0,0.0,0.22,1.088,0.22,1.088,-0.4925480679538645,0.8702852410301551
2024-12-02,0.22,1.088,4.4,0,0.7362066700203923,0.22,0.7362066700203923,0.22,0.7362066700203923,4.4,4.399999999999986,0.6285714285714266,0.0,0.0,0.22,1.088,0.22,1.088,-0.47753588643748845,0.8786122450571482
2024-12-03,0.22,1.088,10.4,0,0.7362066700203923,0.22,0.7362066700203923,0.22,0.7362066700203923,14.8,14.799999999999986,2.1142857142857125,0.0,0.0,0.22,1.088,0.22,1.088,-0.4623829729035152,0.8866803180227398
2024-12-04,0.22,1.088,0.0,0,0.7362066700203923,0.22,0.7362066700203923,0.22,0.7362066700203923,14.8,14.799999999999986,2.1142857142857125,0.0,0.0,0.22,1.088,0.22,1.088,-0.44709379298511437,0.8944870822287954
2024-12-05,0.22,1.088,2.6,0,0.7362066700203923,0.22,0.7362066700203923,0.22,0.7362066700203923,13.0,17.399999999999988,2.485714285714284,0.0,0.0,0.22,1.088,0.22,1.088,-0.43167285247378356,0.9020302369860709
2024-12-06,0.22,1.088,3.8,0,0.7362066700203923,0.22,0.7362066700203923,0.22,0.7362066700203923,6.4,21.199999999999985,3.0285714285714262,0.0,0.0,0.22,1.088,0.22,1.088,-0.4161246959914751,0.9093075592922355
2024-12-07,0.22,1.088,15.4,0,0.7362066700203923,0.22,0.7362066700203923,0.22,0.7362066700203923,21.8,36.59999999999999,5.228571428571427,0.0,0.0,0.22,1.088,0.22,1.088,-0.4004539056512665,0.9163169044870048
2024-12-08,0.22,1.088,18.6,0,0.7362066700203923,0.22,0.7362066700203923,0.22,0.7362066700203923,37.8,55.19999999999999,7.885714285714284,0.0,0.0,0.22,1.088,0.22,1.088,-0.3846650997070013,0.923056206884176
2024-12-09,0.24,1.276,42.0,0,0.8224195162640845,0.22,0.7362066700203923,0.22,0.7362066700203923,76.0,92.79999999999998,13.257142857142854,0.01999999999999999,0.18799999999999994,0.22666666666666668,1.1506666666666734,0.22285714285714286,1.114857142857142,-0.3687629311922604,0.9295234803804002
2024-12-10,0.24,1.276,3.2,0,0.8224195162640845,0.24,0.8224195162640845,0.22,0.7362066700203923,63.8,85.59999999999998,12.228571428571426,0.0,0.0,0.2333333333333333,1.2133333333333403,0.22571428571428573,1.1417142857142848,-0.3527520865490943,0.9357168190404939
2024-12-11,0.26,1.463,1.2,0,0.9013801191384009,0.24,0.8224195162640845,0.24,0.8224195162640845,46.4,86.79999999999998,12.399999999999997,0.020000000000000018,0.18700000000000006,0.24666666666666667,1.33833333333334,0.23142857142857146,1.1952857142857134,-0.3366372842469107,0.9416343976591258
2024-12-12,0.22,1.088,0.0,0,0.7362066700203923,0.26,0.9013801191384009,0.24,0.8224195162640845,4.4,84.19999999999999,12.028571428571427,-0.04000000000000001,-0.375,0.24,1.2756666666666736,0.2314285714285714,1.1952857142857134,-0.3204232733919109,0.947274472298717
2024-12-13,0.22,1.088,0.0,0,0.7362066700203923,0.22,0.7362066700203923,0.26,0.9013801191384009,1.2,80.39999999999999,11.485714285714284,0.0,0.0,0.2333333333333333,1.213000000000007,0.2314285714285714,1.1952857142857134,-0.30411483232751857,0.9526353808033823
2024-12-14,0.22,1.088,0.4,0,0.7362066700203923,0.22,0.7362066700203923,0.22,0.7362066700203923,0.4,65.39999999999999,9.342857142857142,0.0,0.0,0.22,1.088,0.2314285714285714,1.1952857142857134,-0.28771676722616696,0.9577155432887803
2024-12-15,0.22,1.088,0.2,0,0.7362066700203923,0.22,0.7362066700203923,0.22,0.7362066700203923,0.6000000000000001,46.999999999999986,6.714285714285713,0.0,0.0,0.22,1.088,0.23142857142857146,1.1952857142857134,-0.27123391067291097,0.9625134626077079
2024-12-16,0.22,1.088,0.0,0,0.7362066700203923,0.22,0.7362066700203923,0.22,0.7362066700203923,0.6000000000000001,4.999999999999986,0.7142857142857123,0.0,0.0,0.22,1.088,0.2285714285714286,1.1684285714285705,-0.25467112024122895,0.9670277247913203
2024-12-17,0.22,1.088,0.0,0,0.7362066700203923,0.22,0.7362066700203923,0.22,0.7362066700203923,0.2,1.7999999999999858,0.2571428571428551,0.0,0.0,0.22,1.088,0.22571428571428573,1.1415714285714276,-0.23803327706148678,0.9712569994658311
2024-12-18,0.22,1.088,0.0,0,0.7362066700203923,0.22,0.7362066700203923,0.22,0.7362066700203923,0.0,0.5999999999999859,0.0857142857142837,0.0,0.0,0.22,1.088,0.22,1.088,-0.22132528438243296,0.9752000402445824
2024-12-19,0.22,1.088,7.8,0,0.7362066700203923,0.22,0.7362066700203923,0.22,0.7362066700203923,7.8,8.399999999999986,1.199999999999998,0.0,0.0,0.22,1.088,0.22,1.088,-0.2045520661262005,0.9788556850953579
2024-12-20,0.22,1.088,0.6,0,0.7362066700203923,0.22,0.7362066700203923,0.22,0.7362066700203923,8.4,8.999999999999986,1.2857142857142836,0.0,0.0,0.22,1.088,0.22,1.088,-0.1877185654371994,0.9822228566828405
2024-12-21,0.22,1.088,0.0,0,0.7362066700203923,0.22,0.7362066700203923,0.22,0.7362066700203923,8.4,8.599999999999985,1.2285714285714264,0.0,0.0,0.22,1.088,0.22,1.088,-0.17082974322534408,0.985300562686109
2024-12-22,0.22,1.088,11.6,0,0.7362066700203923,0.22,0.7362066700203923,0.22,0.7362066700203923,12.2,19.999999999999986,2.857142857142855,0.0,0.0,0.22,1.088,0.22,1.088,-0.1538905767040627,0.9880878960910771
2024-12-23,0.22,1.088,3.2,0,0.7362066700203923,0.22,0.7362066700203923,0.22,0.7362066700203923,14.8,23.199999999999985,3.3142857142857123,0.0,0.0,0.22,1.088,0.22,1.088,-0.1369060579234754,0.9905840354577969
2024-12-24,0.22,1.088,0.2,0,0.7362066700203923,0.22,0.7362066700203923,0.22,0.7362066700203923,15.000000000000002,23.399999999999984,3.3428571428571408,0.0,0.0,0.22,1.088,0.22,1.088,-0.1198811922992275,0.99278824516254
2024-12-25,0.22,1.088,0.0,0,0.7362066700203923,0.22,0.7362066700203923,0.22,0.7362066700203923,3.400000000000002,23.399999999999984,3.3428571428571408,0.0,0.0,0.22,1.088,0.22,1.088,-0.1028209971373608,0.9946998756145891
2024-12-26,0.22,1.088,0.0,0,0.7362066700203923,0.22,0.7362066700203923,0.22,0.7362066700203923,0.2000000000000018,15.599999999999985,2.2285714285714264,0.0,0.0,0.22,1.088,0.22,1.088,-0.08573050015569487,0.9963183634476755
2024-12-27,0.22,1.088,0.0,0,0.7362066700203923,0.22,0.7362066700203923,0.22,0.7362066700203923,0.0,14.999999999999986,2.142857142857141,0.0,0.0,0.22,1.088,0.22,1.088,-0.06861473800213468,0.9976432316860063
2024-12-28,0.22,1.088,0.2,0,0.7362066700203923,0.22,0.7362066700203923,0.22,0.7362066700203923,0.2000000000000018,15.199999999999985,2.1714285714285695,0.0,0.0,0.22,1.088,0.22,1.088,-0.05147875477034641,0.9986740898848305
2024-12-29,0.22,1.088,0.2,0,0.7362066700203923,0.22,0.7362066700203923,0.22,0.7362066700203923,0.4000000000000018,3.799999999999986,0.5428571428571408,0.0,0.0,0.22,1.088,0.22,1.088,-0.034327600513243496,0.9994106342455052
2024-12-30,0.22,1.088,0.2,0,0.7362066700203923,0.22,0.7362066700203923,0.22,0.7362066700203923,0.6000000000000001,0.7999999999999858,0.11428571428571226,0.0,0.0,0.22,1.088,0.22,1.088,-0.017166329754707492,0.9998526477050269
2024-12-31,0.22,1.088,0.0,0,0.7362066700203923,0.22,0.7362066700203923,0.22,0.7362066700203923,0.4000000000000018,0.5999999999999859,0.0857142857142837,0.0,0.0,0.22,1.088,0.22,1.088,-2.4492935982947064e-16,1.0
2025-01-01,0.22,1.088,0.0,0,0.7362066700203923,0.22,0.7362066700203923,0.22,0.7362066700203923,0.2000000000000018,0.5999999999999859,0.0857142857142837,0.0,0.0,0.22,1.088,0.22,1.088,0.01716632975470737,0.9998526477050269
2025-01-02,0.22,1.088,1.8,0,0.7362066700203923,0.22,0.7362066700203923,0.22,0.7362066700203923,1.8000000000000018,2.399999999999986,0.34285714285714086,0.0,0.0,0.22,1.088,0.22,1.088,0.034327600513243496,0.9994106342455052
2025-01-03,0.22,1.088,3.6,0,0.7362066700203923,0.22,0.7362066700203923,0.22,0.7362066700203923,5.400000000000002,5.999999999999986,0.8571428571428551,0.0,0.0,0.22,1.088,0.22,1.088,0.05147875477034653,0.9986740898848305
2025-01-04,0.22,1.088,0.0,0,0.7362066700203923,0.22,0.7362066700203923,0.22,0.7362066700203923,5.400000000000002,5.799999999999986,0.8285714285714265,0.0,0.0,0.22,1.088,0.22,1.088,0.06861473800213404,0.9976432316860063
2025-01-05,0.22,1.088,1.6,0,0.7362066700203923,0.22,0.7362066700203923,0.22,0.7362066700203923,5.200000000000002,7.199999999999985,1.0285714285714265,0.0,0.0,0.22,1.088,0.22,1.088,0.08573050015569435,0.9963183634476755
2025-01-06,0.22,1.088,1.4,0,0.7362066700203923,0.22,0.7362066700203923,0.22,0.7362066700203923,3.0000000000000013,8.399999999999986,1.199999999999998,0.0,0.0,0.22,1.088,0.22,1.088,0.1028209971373604,0.9946998756145891
2025-01-07,0.22,1.088,0.0,0,0.7362066700203923,0.22,0.7362066700203923,0.22,0.7362066700203923,3.0000000000000013,8.399999999999986,1.199999999999998,0.0,0.0,0.22,1.088,0.22,1.088,0.11988119229922722,0.99278824516254
2025-01-08,0.22,1.088,2.0,0,0.7362066700203923,0.22,0.7362066700203923,0.22,0.7362066700203923,3.4000000000000012,10.399999999999986,1.4857142857142838,0.0,0.0,0.22,1.088,0.22,1.088,0.13690605792347524,0.990584035457797
2025-01-09,0.22,1.088,0.0,0,0.7362066700203923,0.22,0.7362066700203923,0.22,0.7362066700203923,2.0000000000000013,8.599999999999985,1.2285714285714264,0.0,0.0,0.22,1.088,0.22,1.088,0.15389057670406178,0.9880878960910772
2025-01-10,0.22,1.088,14.6,0,0.7362066700203923,0.22,0.7362066700203923,0.22,0.7362066700203923,16.6,19.599999999999987,2.799999999999998,0.0,0.0,0.22,1.088,0.22,1.088,0.17082974322534417,0.985300562686109
2025-01-11,0.23,1.182,0.6,0,0.7802418874108791,0.22,0.7362066700203923,0.22,0.7362066700203923,15.200000000000001,20.199999999999985,2.8857142857142835,0.010000000000000009,0.09399999999999986,0.22333333333333336,1.1193333333333402,0.22142857142857145,1.1014285714285705,0.1877185654371987,0.9822228566828407
2025-01-12,0.22,1.088,0.4,0,0.7362066700203923,0.23,0.7802418874108791,0.22,0.7362066700203923,15.600000000000001,18.999999999999986,2.714285714285712,-0.010000000000000009,-0.09399999999999986,0.22333333333333336,1.1193333333333402,0.22142857142857145,1.1014285714285705,0.2045520661262008,0.9788556850953578
2025-01-13,0.22,1.088,0.0,0,0.7362066700203923,0.22,0.7362066700203923,0.23,0.7802418874108791,1.0000000000000018,17.599999999999987,2.5142857142857125,0.0,0.0,0.22333333333333336,1.1193333333333402,0.22142857142857145,1.1014285714285705,0.22132528438243257,0.9752000402445825
2025-01-14,0.22,1.088,0.0,0,0.7362066700203923,0.22,0.7362066700203923,0.22,0.7362066700203923,0.4000000000000018,17.599999999999987,2.5142857142857125,0.0,0.0,0.22,1.088,0.22142857142857145,1.1014285714285705,0.2380332770614856,0.9712569994658314
2025-01-15,0.22,1.088,0.0,0,0.7362066700203923,0.22,0.7362066700203923,0.22,0.7362066700203923,0.0,15.599999999999985,2.2285714285714264,0.0,0.0,0.22,1.088,0.22142857142857145,1.1014285714285705,0.2546711202412287,0.9670277247913204
2025-01-16,0.22,1.088,0.0,0,0.7362066700203923,0.22,0.7362066700203923,0.22,0.7362066700203923,0.0,15.599999999999985,2.2285714285714264,0.0,0.0,0.22,1.088,0.2214285714285714,1.1014285714285705,0.27123391067291003,0.9625134626077081
2025-01-17,0.22,1.088,0.0,0,0.7362066700203923,0.22,0.7362066700203923,0.22,0.7362066700203923,0.0,0.9999999999999858,0.14285714285714082,0.0,0.0,0.22,1.088,0.22142857142857145,1.1014285714285705,0.287716767226167,0.9577155432887803
2025-01-18,0.22,1.088,0.0,0,0.7362066700203923,0.22,0.7362066700203923,0.22,0.7362066700203923,0.0,0.3999999999999858,0.057142857142855115,0.0,0.0,0.22,1.088,0.22,1.088,0.30411483232751785,0.9526353808033826
2025-01-19,0.22,1.088,2.0,0,0.7362066700203923,0.22,0.7362066700203923,0.22,0.7362066700203923,2.0000000000000018,1.9999999999999858,0.2857142857142837,0.0,0.0,0.22,1.088,0.22,1.088,0.3204232733919111,0.9472744722987169
2025-01-20,0.22,1.088,0.0,0,0.7362066700203923,0.22,0.7362066700203923,0.22,0.7362066700203923,2.0000000000000018,1.9999999999999858,0.2857142857142837,0.0,0.0,0.22,1.088,0.22,1.088,0.33663728424691025,0.9416343976591259
2025-01-21,0.22,1.088,3.8,0,0.7362066700203923,0.22,0.7362066700203923,0.22,0.7362066700203923,5.800000000000002,5.799999999999986,0.8285714285714265,0.0,0.0,0.22,1.088,0.22,1.088,0.3527520865490948,0.9357168190404936
2025-01-22,0.22,1.088,3.8,0,0.7362066700203923,0.22,0.7362066700203923,0.22,0.7362066700203923,7.600000000000001,9.599999999999985,1.3714285714285694,0.0,0.0,0.22,1.088,0.22,1.088,0.3687629311922601,0.9295234803804003
2025-01-23,0.22,1.088,0.2,0,0.7362066700203923,0.22,0.7362066700203923,0.22,0.7362066700203923,7.800000000000002,9.799999999999985,1.399999999999998,0.0,0.0,0.22,1.088,0.22,1.088,0.3846650997070012,0.9230562068841761
2025-01-24,0.22,1.088,0.4,0,0.7362066700203923,0.22,0.7362066700203923,0.22,0.7362066700203923,4.400000000000001,10.199999999999985,1.457142857142855,0.0,0.0,0.22,1.088,0.22,1.088,0.40045390565126643,0.9163169044870048
2025-01-25,0.22,1.088,0.4,0,0.7362066700203923,0.22,0.7362066700203923,0.22,0.7362066700203923,1.0000000000000018,10.599999999999985,1.5142857142857122,0.0,0.0,0.22,1.088,0.22,1.088,0.41612469599147445,0.9093075592922358
2025-01-26,0.23,1.182,7.2,0,0.7802418874108791,0.22,0.7362066700203923,0.22,0.7362066700203923,8.000000000000002,15.799999999999986,2.2571428571428553,0.010000000000000009,0.09399999999999986,0.22333333333333336,1.1193333333333402,0.22142857142857145,1.1014285714285703,0.43167285247378384,0.9020302369860707
2025-01-27,0.23,1.182,5.8,0,0.7802418874108791,0.23,0.7802418874108791,0.22,0.7362066700203923,13.400000000000002,21.599999999999987,3.085714285714284,0.0,0.0,0.22666666666666668,1.1506666666666734,0.22285714285714286,1.1148571428571419,0.44709379298511387,0.8944870822287956
2025-01-28,0.22,1.088,0.8,0,0.7362066700203923,0.23,0.7802418874108791,0.23,0.7802418874108791,13.8,18.599999999999984,2.657142857142855,-0.010000000000000009,-0.09399999999999986,0.22666666666666668,1.1506666666666734,0.22285714285714286,1.1148571428571419,0.4623829729035149,0.88668031802274
2025-01-29,0.23,1.182,20.4,0,0.7802418874108791,0.22,0.7362066700203923,0.23,0.7802418874108791,27.0,35.19999999999998,5.028571428571426,0.010000000000000009,0.09399999999999986,0.22666666666666668,1.1506666666666734,0.22428571428571428,1.1282857142857132,0.47753588643748823,0.8786122450571483
2025-01-30,0.27,1.557,12.2,0,0.9388346963090496,0.23,0.7802418874108791,0.22,0.7362066700203923,33.4,47.199999999999974,6.742857142857139,0.04000000000000001,0.375,0.24000000000000002,1.2756666666666734,0.23142857142857146,1.1952857142857134,0.4925480679538643,0.8702852410301553
2025-01-31,0.24,1.276,1.6,0,0.8224195162640845,0.27,0.9388346963090496,0.23,0.7802418874108791,34.2,48.39999999999998,6.914285714285711,-0.030000000000000027,-0.2809999999999999,0.24666666666666667,1.33833333333334,0.23428571428571426,1.222142857142856,0.5074150932938455,0.8617017599480682
2025-02-01,0.23,1.182,1.2,0,0.7802418874108791,0.24,0.8224195162640845,0.27,0.9388346963090496,15.0,49.19999999999998,7.028571428571426,-0.009999999999999981,-0.09400000000000008,0.24666666666666667,1.33833333333334,0.2357142857142857,1.2355714285714277,0.5221325810768248,0.8528643314021597
2025-02-02,0.23,1.182,0.4,0,0.7802418874108791,0.23,0.7802418874108791,0.24,0.8224195162640845,3.2,42.39999999999998,6.057142857142854,0.0,0.0,0.2333333333333333,1.21333333333334,0.2357142857142857,1.2355714285714274,0.5366961939916004,0.8437755598231856
2025-02-03,0.23,1.182,0.2,0,0.7802418874108791,0.23,0.7802418874108791,0.23,0.7802418874108791,1.8,36.79999999999998,5.2571428571428545,0.0,0.0,0.23,1.182,0.2357142857142857,1.2355714285714274,0.5511016400746002,0.8344381237138473
2025-02-04,0.22,1.088,0.0,0,0.7362066700203923,0.23,0.7802418874108791,0.23,0.7802418874108791,0.6000000000000001,35.999999999999986,5.142857142857141,-0.010000000000000009,-0.09399999999999986,0.22666666666666668,1.1506666666666734,0.2357142857142857,1.2355714285714277,0.5653446739747429,0.8248547748594244
2025-02-05,0.22,1.088,0.0,0,0.7362066700203923,0.22,0.7362066700203923,0.23,0.7802418874108791,0.2,15.599999999999982,2.228571428571426,0.0,0.0,0.22333333333333336,1.1193333333333404,0.2342857142857143,1.222142857142856,0.5794210982045637,0.8150283375168114
2025-02-06,0.22,1.088,2.4,0,0.7362066700203923,0.22,0.7362066700203923,0.22,0.7362066700203923,2.4,5.799999999999982,0.828571428571426,0.0,0.0,0.22,1.088,0.22714285714285715,1.1551428571428561,0.593326764377232,0.8049617075821959
2025-02-07,0.23,1.182,2.6,0,0.7802418874108791,0.22,0.7362066700203923,0.22,0.7362066700203923,5.0,6.799999999999981,0.9714285714285688,0.010000000000000009,0.09399999999999986,0.22333333333333336,1.11933333333334,0.22571428571428573,1.1417142857142848,0.6070575744291002,0.7946578517376252
2025-02-08,0.23,1.182,0.2,0,0.7802418874108791,0.23,0.7802418874108791,0.22,0.7362066700203923,5.2,5.799999999999982,0.828571428571426,0.0,0.0,0.22666666666666668,1.1506666666666734,0.22571428571428573,1.1417142857142848,0.6206094818274227,0.7841198065767104
2025-02-09,0.22,1.088,0.0,0,0.7362066700203923,0.23,0.7802418874108791,0.23,0.7802418874108791,2.8000000000000003,5.399999999999982,0.7714285714285688,-0.010000000000000009,-0.09399999999999986,0.22666666666666668,1.1506666666666734,0.22428571428571428,1.1282857142857132,0.6339784927628866,0.7733506777097299
2025-02-10,0.22,1.088,0.6,0,0.7362066700203923,0.22,0.7362066700203923,0.23,0.7802418874108791,0.8,5.799999999999982,0.828571428571426,0.0,0.0,0.22333333333333336,1.1193333333333404,0.22285714285714286,1.1148571428571419,0.647160667326606,0.7623536388483904
2025-02-11,0.22,1.088,6.4,0,0.7362066700203923,0.22,0.7362066700203923,0.22,0.7362066700203923,7.0,12.199999999999982,1.7428571428571402,0.0,0.0,0.22,1.088,0.22285714285714284,1.1148571428571419,0.6601521206712317,0.7511319308705199
2025-02-12,0.23,1.182,0.0,0,0.7802418874108791,0.22,0.7362066700203923,0.22,0.7362066700203923,7.0,12.199999999999982,1.7428571428571402,0.010000000000000009,0.09399999999999986,0.22333333333333336,1.11933333333334,0.22428571428571425,1.1282857142857134,0.6729490241558329,0.7396888608649668
2025-02-13,0.23,1.182,0.4,0,0.7802418874108791,0.23,0.7802418874108791,0.22,0.7362066700203923,6.800000000000001,10.199999999999983,1.4571428571428549,0.0,0.0,0.22666666666666668,1.1506666666666734,0.22571428571428573,1.1417142857142848,0.6855476064742154,0.7280278011569848
2025-02-14,0.23,1.182,0.0,0,0.7802418874108791,0.23,0.7802418874108791,0.23,0.7802418874108791,0.4,7.599999999999983,1.0857142857142832,0.0,0.0,0.23,1.182,0.22571428571428573,1.1417142857142848,0.6979441547663435,0.7161521883143933
2025-02-15,0.23,1.182,0.0,0,0.7802418874108791,0.23,0.7802418874108791,0.23,0.7802418874108791,0.4,7.3999999999999835,1.0571428571428547,0.0,0.0,0.23,1.182,0.22571428571428573,1.1417142857142848,0.7101350157125358,0.7040655221348057
2025-02-16,0.23,1.182,0.4,0,0.7802418874108791,0.23,0.7802418874108791,0.23,0.7802418874108791,0.4,7.799999999999983,1.1142857142857119,0.0,0.0,0.23,1.182,0.22714285714285715,1.1551428571428561,0.7221165966101162,0.6917713646142218
2025-02-17,0.23,1.182,0.0,0,0.7802418874108791,0.23,0.7802418874108791,0.23,0.7802418874108791,0.4,7.199999999999982,1.028571428571426,0.0,0.0,0.23,1.182,0.2285714285714286,1.1685714285714275,0.733885366432199,0.6792733388972931
2025-02-18,0.23,1.182,0.0,0,0.7802418874108791,0.23,0.7802418874108791,0.23,0.7802418874108791,0.4,0.7999999999999823,0.11428571428571176,0.0,0.0,0.23,1.182,0.23,1.182,0.7454378568683001,0.6665751282095632
2025-02-19,0.23,1.182,0.0,0,0.7802418874108791,0.23,0.7802418874108791,0.23,0.7802418874108791,0.0,0.7999999999999823,0.11428571428571176,0.0,0.0,0.23,1.182,0.23,1.182,0.7567706633464626,0.653680474772006
2025-02-20,0.23,1.182,0.0,0,0.7802418874108791,0.23,0.7802418874108791,0.23,0.7802418874108791,0.0,0.39999999999998226,0.05714285714285461,0.0,0.0,0.23,1.182,0.23,1.182,0.7678804460366,0.6405931786981751
2025-02-21,0.23,1.182,5.8,0,0.7802418874108791,0.23,0.7802418874108791,0.23,0.7802418874108791,5.8,6.199999999999982,0.8857142857142832,0.0,0.0,0.23,1.182,0.23,1.182,0.7787639308347607,0.6273170968742937
2025-02-22,0.23,1.182,0.0,0,0.7802418874108791,0.23,0.7802418874108791,0.23,0.7802418874108791,5.8,6.199999999999982,0.8857142857142832,0.0,0.0,0.23,1.182,0.23,1.182,0.7894179103280197,0.613856141822612
2025-02-23,0.23,1.182,0.0,0,0.7802418874108791,0.23,0.7802418874108791,0.23,0.7802418874108791,5.8,5.799999999999982,0.828571428571426,0.0,0.0,0.23,1.182,0.23,1.182,0.7998392447397193,0.6002142805483682
2025-02-24,0.23,1.182,5.8,0,0.7802418874108791,0.23,0.7802418874108791,0.23,0.7802418874108791,5.8,11.599999999999982,1.6571428571428546,0.0,0.0,0.23,1.182,0.23,1.182,0.8100248628547753,0.5863955333706956
2025-02-25,0.23,1.182,0.2,0,0.7802418874108791,0.23,0.7802418874108791,0.23,0.7802418874108791,6.0,11.799999999999981,1.685714285714283,0.0,0.0,0.23,1.182,0.23,1.182,0.8199717629247771,0.5724039727378148
2025-02-26,0.22,1.088,0.0,0,0.7362066700203923,0.23,0.7802418874108791,0.23,0.7802418874108791,6.0,11.799999999999981,1.685714285714283,-0.010000000000000009,-0.09399999999999986,0.22666666666666668,1.1506666666666734,0.2285714285714286,1.1685714285714275,0.8296770135526188,0.5582437220268648
2025-02-27,0.22,1.088,0.0,0,0.7362066700203923,0.22,0.7362066700203923,0.23,0.7802418874108791,0.2,11.799999999999981,1.685714285714283,0.0,0.0,0.22333333333333336,1.1193333333333404,0.22714285714285715,1.1551428571428561,0.8391377545563938,0.5439189543287247
2025-02-28,0.22,1.088,0.4,0,0.7362066700203923,0.22,0.7362066700203923,0.22,0.7362066700203923,0.4,6.399999999999982,0.9142857142857117,0.0,0.0,0.22,1.088,0.22571428571428573,1.1417142857142848,0.8483511978123038,0.5294338912181853
2025-03-01,0.23,1.182,0.4,0,0.7802418874108791,0.22,0.7362066700203923,0.22,0.7362066700203923,0.8,6.799999999999982,0.9714285714285689,0.010000000000000009,0.09399999999999986,0.22333333333333336,1.11933333333334,0.22571428571428573,1.1417142857142848,0.8573146280763322,0.5147928015098309
2025-03-02,0.22,1.088,0.4,0,0.7362066700203923,0.23,0.7802418874108791,0.22,0.7362066700203923,1.2000000000000002,7.199999999999982,1.028571428571426,-0.010000000000000009,-0.09399999999999986,0.22333333333333336,1.11933333333334,0.22428571428571428,1.1282857142857134,0.8660254037844386,0.5000000000000001
2025-03-03,0.22,1.088,1.2,0,0.7362066700203923,0.22,0.7362066700203923,0.23,0.7802418874108791,2.0,2.5999999999999823,0.3714285714285689,0.0,0.0,0.22333333333333336,1.11933333333334,0.22285714285714286,1.1148571428571419,0.8744809578310397,0.4850598461951962
2025-03-04,0.23,1.182,0.0,0,0.7802418874108791,0.22,0.7362066700203923,0.22,0.7362066700203923,1.6,2.399999999999982,0.3428571428571403,0.010000000000000009,0.09399999999999986,0.22333333333333336,1.1193333333333404,0.22285714285714286,1.1148571428571419,0.8826787983255474,0.46997674302731995
2025-03-05,0.23,1.182,0.4,0,0.7802418874108791,0.23,0.7802418874108791,0.22,0.7362066700203923,1.6,2.799999999999982,0.3999999999999974,0.0,0.0,0.22666666666666668,1.1506666666666734,0.22428571428571428,1.1282857142857134,0.8906165093267404,0.4547551355561058
2025-03-06,0.23,1.182,0.0,0,0.7802418874108791,0.23,0.7802418874108791,0.23,0.7802418874108791,0.4,2.799999999999982,0.3999999999999974,0.0,0.0,0.23,1.182,0.22571428571428573,1.1417142857142848,0.8982917515547528,0.4393995096591417
2025-03-07,0.23,1.182,1.8,0,0.7802418874108791,0.23,0.7802418874108791,0.23,0.7802418874108791,2.2,4.199999999999982,0.5999999999999975,0.0,0.0,0.23,1.182,0.22714285714285712,1.1551428571428561,0.9057022630804714,0.42391439070986076
2025-03-08,0.23,1.182,6.4,0,0.7802418874108791,0.23,0.7802418874108791,0.23,0.7802418874108791,8.200000000000001,10.199999999999983,1.4571428571428549,0.0,0.0,0.23,1.182,0.22714285714285712,1.1551428571428561,0.9128458599921356,0.40830434224389334
2025-03-09,0.23,1.182,0.0,0,0.7802418874108791,0.23,0.7802418874108791,0.23,0.7802418874108791,8.200000000000001,9.799999999999983,1.3999999999999975,0.0,0.0,0.23,1.182,0.2285714285714286,1.1685714285714275,0.9197204370389467,0.3925739646141717
2025-03-10,0.22,1.088,7.8,0,0.7362066700203923,0.23,0.7802418874108791,0.23,0.7802418874108791,14.2,16.399999999999984,2.3428571428571408,-0.010000000000000009,-0.09399999999999986,0.22666666666666668,1.1506666666666734,0.2285714285714286,1.1685714285714275,0.926323968251495,0.3767278936351851
2025-03-11,0.22,1.088,2.4,0,0.7362066700203923,0.22,0.7362066700203923,0.23,0.7802418874108791,10.2,18.799999999999983,2.6857142857142833,0.0,0.0,0.22333333333333336,1.11933333333334,0.22714285714285715,1.1551428571428561,0.9326545075388224,0.36077079921678346
2025-03-12,0.22,1.088,0.2,0,0.7362066700203923,0.22,0.7362066700203923,0.22,0.7362066700203923,10.4,18.59999999999998,2.6571428571428544,0.0,0.0,0.22,1.088,0.22571428571428573,1.1417142857142848,0.9387101892619443,0.3447073839879338
2025-03-13,0.22,1.088,0.4,0,0.7362066700203923,0.22,0.7362066700203923,0.22,0.7362066700203923,3.0,18.999999999999982,2.7142857142857117,0.0,0.0,0.22,1.088,0.22428571428571428,1.1282857142857134,0.9444892287836613,0.32854238191083485
2025-03-14,0.22,1.088,2.0,0,0.7362066700203923,0.22,0.7362066700203923,0.22,0.7362066700203923,2.6,19.199999999999985,2.7428571428571407,0.0,0.0,0.22,1.088,0.22285714285714286,1.1148571428571419,0.949989922994501,0.3122805568857947
2025-03-15,0.21,0.994,0.6,0,0.6901426715396466,0.22,0.7362066700203923,0.22,0.7362066700203923,3.0,13.399999999999983,1.9142857142857117,-0.010000000000000009,-0.09400000000000008,0.21666666666666667,1.0566666666666735,0.22,1.087999999999999,0.9552106508146316,0.2959267013472893
2025-03-16,0.21,0.994,0.4,0,0.6901426715396466,0.21,0.6901426715396466,0.22,0.7362066700203923,3.0,13.799999999999983,1.971428571428569,0.0,0.0,0.21333333333333335,1.02533333333334,0.21714285714285714,1.061142857142856,0.9601498736716018,0.2794856348516095
2025-03-17,0.21,0.994,0.0,0,0.6901426715396466,0.21,0.6901426715396466,0.21,0.6901426715396466,1.0,5.999999999999982,0.8571428571428547,0.0,0.0,0.21,0.994,0.21571428571428572,1.0477142857142847,0.9648061359537645,0.2629622026565149
2025-03-18,0.21,0.994,0.2,0,0.6901426715396466,0.21,0.6901426715396466,0.21,0.6901426715396466,0.6000000000000001,3.7999999999999825,0.5428571428571404,0.0,0.0,0.21,0.994,0.21428571428571427,1.0342857142857134,0.9691780654392536,0.2463612742933148
2025-03-19,0.21,0.994,0.0,0,0.6901426715396466,0.21,0.6901426715396466,0.21,0.6901426715396466,0.2,3.5999999999999823,0.5142857142857118,0.0,0.0,0.21,0.994,0.21285714285714286,1.0208571428571418,0.9732643737003824,0.22968774213179574
2025-03-20,0.21,0.994,15.0,0,0.6901426715396466,0.21,0.6901426715396466,0.21,0.6901426715396466,15.2,18.19999999999998,2.5999999999999974,0.0,0.0,0.21,0.994,0.21142857142857144,1.0074285714285705,0.9770638564833508,0.21294651993841582
2025-03-21,0.22,1.088,8.8,0,0.7362066700203923,0.21,0.6901426715396466,0.21,0.6901426715396466,23.8,24.999999999999982,3.571428571428569,0.010000000000000009,0.09400000000000008,0.21333333333333335,1.02533333333334,0.21142857142857144,1.0074285714285705,0.9805753940631429,0.19614254142819698
2025-03-22,0.22,1.088,2.8,0,0.7362066700203923,0.22,0.7362066700203923,0.21,0.6901426715396466,26.6,27.19999999999998,3.885714285714283,0.0,0.0,0.21666666666666667,1.0566666666666735,0.21285714285714286,1.0208571428571418,0.9837979515735163,0.17928075881073577
2025-03-23,0.21,0.994,11.2,0,0.6901426715396466,0.22,0.7362066700203923,0.22,0.7362066700203923,22.8,37.999999999999986,5.428571428571426,-0.010000000000000009,-0.09400000000000008,0.21666666666666667,1.0566666666666735,0.21285714285714283,1.020857142857142,0.9867305793119814,0.162366141330764
2025-03-24,0.22,1.088,18.6,0,0.7362066700203923,0.21,0.6901426715396466,0.22,0.7362066700203923,32.6,56.59999999999998,8.085714285714284,0.010000000000000009,0.09400000000000008,0.21666666666666667,1.0566666666666735,0.21428571428571427,1.0342857142857134,0.989372413019683,0.14540367380368976
2025-03-25,0.22,1.088,3.2,0,0.7362066700203923,0.22,0.7362066700203923,0.21,0.6901426715396466,33.0,59.59999999999998,8.51428571428571,0.0,0.0,0.21666666666666667,1.0566666666666735,0.21571428571428572,1.0477142857142847,0.9917226741361015,0.12839835514655099
2025-03-26,0.22,1.088,0.0,0,0.7362066700203923,0.22,0.7362066700203923,0.22,0.7362066700203923,21.8,59.59999999999998,8.51428571428571,0.0,0.0,0.22,1.088,0.21714285714285714,1.0611428571428563,0.9937806700284985,0.11135519690480875
2025-03-27,0.29,1.745,0.0,0,1.009781074961494,0.22,0.7362066700203923,0.22,0.7362066700203923,3.2,44.59999999999998,6.371428571428568,0.06999999999999998,0.657,0.24333333333333332,1.3070000000000068,0.2285714285714286,1.1684285714285705,0.9955457941960382,0.09427922177542453
2025-03-28,0.25,1.37,0.8,0,0.8628899551470398,0.29,1.009781074961494,0.22,0.7362066700203923,0.8,36.59999999999999,5.228571428571427,-0.03999999999999998,-0.375,0.25333333333333335,1.401000000000007,0.23285714285714285,1.2087142857142847,0.9970175264485267,0.07717546212664653
2025-03-29,0.21,0.994,0.2,0,0.6901426715396466,0.25,0.8628899551470398,0.29,1.009781074961494,1.0,33.999999999999986,4.857142857142855,-0.04000000000000001,-0.3760000000000001,0.25,1.3696666666666737,0.23142857142857146,1.1952857142857134,0.998195433059714,0.0600489585149486
2025-03-30,0.21,0.994,0.0,0,0.6901426715396466,0.21,0.6901426715396466,0.25,0.8628899551470398,1.0,22.799999999999983,3.257142857142855,0.0,0.0,0.2233333333333333,1.1193333333333404,0.23142857142857146,1.1952857142857134,0.9990791668951153,0.042904758199554374
2025-03-31,0.21,0.994,0.0,0,0.6901426715396466,0.21,0.6901426715396466,0.21,0.6901426715396466,0.2,4.199999999999982,0.5999999999999975,0.0,0.0,0.21,0.994,0.22999999999999998,1.1818571428571418,0.999668467514313,0.025747913654988658
2025-04-01,0.21,0.994,0.0,0,0.6901426715396466,0.21,0.6901426715396466,0.21,0.6901426715396466,0.0,0.9999999999999822,0.14285714285714032,0.0,0.0,0.21,0.994,0.22857142857142856,1.1684285714285705,0.9999631612477099,0.008583481082087055
2025-04-02,0.21,0.994,12.2,0,0.6901426715396466,0.21,0.6901426715396466,0.21,0.6901426715396466,12.2,13.199999999999982,1.885714285714283,0.0,0.0,0.21,0.994,0.22714285714285712,1.154999999999999,0.9999631612477099,-0.008583481082086933
2025-04-03,0.21,0.994,0.8,0,0.6901426715396466,0.21,0.6901426715396466,0.21,0.6901426715396466,13.0,13.999999999999982,1.9999999999999976,0.0,0.0,0.21,0.994,0.2157142857142857,1.0477142857142847,0.9996684675143132,-0.025747913654988314
2025-04-04,0.21,0.994,1.4,0,0.6901426715396466,0.21,0.6901426715396466,0.21,0.6901426715396466,14.399999999999999,14.59999999999998,2.0857142857142827,0.0,0.0,0.21,0.994,0.21,0.994,0.9990791668951153,-0.04290475819955447
2025-04-05,0.21,0.994,11.6,0,0.6901426715396466,0.21,0.6901426715396466,0.21,0.6901426715396466,13.799999999999999,25.99999999999998,3.7142857142857113,0.0,0.0,0.21,0.994,0.21,0.994,0.998195433059714,-0.06004895851494825
2025-04-06,0.21,0.994,0.0,0,0.6901426715396466,0.21,0.6901426715396466,0.21,0.6901426715396466,12.999999999999998,25.99999999999998,3.7142857142857113,0.0,0.0,0.21,0.994,0.21,0.994,0.9970175264485267,-0.07717546212664618
2025-04-07,0.21,0.994,0.0,0,0.6901426715396466,0.21,0.6901426715396466,0.21,0.6901426715396466,11.6,25.99999999999998,3.7142857142857113,0.0,0.0,0.21,0.994,0.21,0.994,0.9955457941960382,-0.0942792217754244
2025-04-08,0.21,0.994,0.0,0,0.6901426715396466,0.21,0.6901426715396466,0.21,0.6901426715396466,0.0,25.99999999999998,3.7142857142857113,0.0,0.0,0.21,0.994,0.21,0.994,0.9937806700284985,-0.11135519690480862
2025-04-09,0.21,0.994,0.0,0,0.6901426715396466,0.21,0.6901426715396466,0.21,0.6901426715396466,0.0,13.799999999999981,1.9714285714285686,0.0,0.0,0.21,0.994,0.21,0.994,0.9917226741361015,-0.12839835514655107
2025-04-10,0.21,0.994,0.0,0,0.6901426715396466,0.21,0.6901426715396466,0.21,0.6901426715396466,0.0,12.99999999999998,1.8571428571428543,0.0,0.0,0.21,0.994,0.21,0.994,0.9893724130196829,-0.14540367380368988
2025-04-11,0.21,0.994,2.2,0,0.6901426715396466,0.21,0.6901426715396466,0.21,0.6901426715396466,2.2,13.799999999999983,1.971428571428569,0.0,0.0,0.21,0.994,0.21,0.994,0.9867305793119814,-0.16236614133076366
2025-04-12,0.22,1.088,11.4,0,0.7362066700203923,0.21,0.6901426715396466,0.21,0.6901426715396466,13.600000000000001,13.599999999999982,1.9428571428571402,0.010000000000000009,0.09400000000000008,0.21333333333333335,1.02533333333334,0.21142857142857138,1.0074285714285705,0.9837979515735163,-0.17928075881073566
2025-04-13,0.23,1.182,2.8,0,0.7802418874108791,0.22,0.7362066700203923,0.21,0.6901426715396466,16.4,16.39999999999998,2.3428571428571403,0.010000000000000009,0.09399999999999986,0.22,1.0880000000000067,0.21428571428571427,1.0342857142857134,0.980575394063143,-0.19614254142819687
2025-04-14,0.22,1.088,2.6,0,0.7362066700203923,0.23,0.7802418874108791,0.22,0.7362066700203923,16.8,18.999999999999982,2.7142857142857117,-0.010000000000000009,-0.09399999999999986,0.22333333333333336,1.1193333333333402,0.21571428571428572,1.0477142857142847,0.9770638564833507,-0.21294651993841593
2025-04-15,0.22,1.088,8.0,0,0.7362066700203923,0.22,0.7362066700203923,0.23,0.7802418874108791,13.399999999999999,26.999999999999982,3.8571428571428545,0.0,0.0,0.22333333333333336,1.1193333333333402,0.21714285714285714,1.0611428571428563,0.9732643737003824,-0.22968774213179563
2025-04-16,0.22,1.088,1.0,0,0.7362066700203923,0.22,0.7362066700203923,0.22,0.7362066700203923,11.599999999999998,27.999999999999982,3.9999999999999973,0.0,0.0,0.22,1.088,0.21857142857142858,1.0745714285714276,0.9691780654392537,-0.2463612742933147
2025-04-17,0.21,0.994,0.0,0,0.6901426715396466,0.22,0.7362066700203923,0.22,0.7362066700203923,8.999999999999998,27.999999999999982,3.9999999999999973,-0.010000000000000009,-0.09400000000000008,0.21666666666666667,1.0566666666666735,0.21857142857142858,1.0745714285714276,0.9648061359537646,-0.26296220265651454
2025-04-18,0.22,1.088,7.6,0,0.7362066700203923,0.21,0.6901426715396466,0.22,0.7362066700203923,8.599999999999998,33.399999999999984,4.77142857142857,0.010000000000000009,0.09400000000000008,0.21666666666666667,1.0566666666666735,0.22,1.087999999999999,0.9601498736716018,-0.2794856348516094
2025-04-19,0.22,1.088,1.8,0,0.7362066700203923,0.22,0.7362066700203923,0.21,0.6901426715396466,9.399999999999999,23.79999999999998,3.3999999999999972,0.0,0.0,0.21666666666666667,1.0566666666666735,0.22,1.087999999999999,0.9552106508146317,-0.2959267013472892
2025-04-20,0.22,1.088,0.4,0,0.7362066700203923,0.22,0.7362066700203923,0.22,0.7362066700203923,9.799999999999997,21.39999999999998,3.0571428571428543,0.0,0.0,0.22,1.088,0.21857142857142858,1.0745714285714276,0.949989922994501,-0.31228055688579476
2025-04-21,0.22,1.088,15.2,0,0.7362066700203923,0.22,0.7362066700203923,0.22,0.7362066700203923,17.4,33.99999999999998,4.857142857142854,0.0,0.0,0.22,1.088,0.21857142857142856,1.0745714285714276,0.9444892287836613,-0.32854238191083474
2025-04-22,0.22,1.088,0.2,0,0.7362066700203923,0.22,0.7362066700203923,0.22,0.7362066700203923,15.799999999999995,26.19999999999998,3.74285714285714,0.0,0.0,0.22,1.088,0.21857142857142858,1.0745714285714276,0.9387101892619443,-0.3447073839879337
2025-04-23,0.22,1.088,0.0,0,0.7362066700203923,0.22,0.7362066700203923,0.22,0.7362066700203923,15.399999999999997,25.19999999999998,3.5999999999999974,0.0,0.0,0.22,1.088,0.21857142857142858,1.0745714285714276,0.9326545075388225,-0.3607707992167831
2025-04-24,0.22,1.088,0.0,0,0.7362066700203923,0.22,0.7362066700203923,0.22,0.7362066700203923,0.19999999999999823,25.19999999999998,3.5999999999999974,0.0,0.0,0.22,1.088,0.22,1.088,0.926323968251495,-0.376727893635185
2025-04-25,0.22,1.088,0.8,0,0.7362066700203923,0.22,0.7362066700203923,0.22,0.7362066700203923,0.7999999999999983,18.399999999999977,2.6285714285714255,0.0,0.0,0.22,1.088,0.22,1.088,0.9197204370389467,-0.39257396461417177
2025-04-26,0.22,1.088,0.0,0,0.7362066700203923,0.22,0.7362066700203923,0.22,0.7362066700203923,0.7999999999999983,16.59999999999998,2.3714285714285688,0.0,0.0,0.22,1.088,0.22,1.088,0.9128458599921355,-0.40830434224389345
2025-04-27,0.22,1.088,0.0,0,0.7362066700203923,0.22,0.7362066700203923,0.22,0.7362066700203923,0.7999999999999983,16.19999999999998,2.314285714285712,0.0,0.0,0.22,1.088,0.22,1.088,0.9057022630804715,-0.42391439070986064
2025-04-28,0.22,1.088,0.0,0,0.7362066700203923,0.22,0.7362066700203923,0.22,0.7362066700203923,0.0,0.9999999999999805,0.14285714285714007,0.0,0.0,0.22,1.088,0.22,1.088,0.898291751554753,-0.43939950965914143
2025-04-29,0.22,1.088,0.0,0,0.7362066700203923,0.22,0.7362066700203923,0.22,0.7362066700203923,0.0,0.7999999999999805,0.1142857142857115,0.0,0.0,0.22,1.088,0.22,1.088,0.8906165093267405,-0.4547551355561055
2025-04-30,0.22,1.088,3.4,0,0.7362066700203923,0.22,0.7362066700203923,0.22,0.7362066700203923,3.399999999999998,4.199999999999981,0.5999999999999972,0.0,0.0,0.22,1.088,0.22,1.088,0.8826787983255476,-0.4699767430273197
2025-05-01,0.22,1.088,9.0,0,0.7362066700203923,0.22,0.7362066700203923,0.22,0.7362066700203923,12.399999999999999,13.199999999999982,1.885714285714283,0.0,0.0,0.22,1.088,0.22,1.088,0.8744809578310397,-0.4850598461951961
2025-05-02,0.23,1.182,4.0,0,0.7802418874108791,0.22,0.7362066700203923,0.22,0.7362066700203923,16.4,16.39999999999998,2.3428571428571403,0.010000000000000009,0.09399999999999986,0.22333333333333336,1.1193333333333404,0.22142857142857145,1.1014285714285703,0.8660254037844387,-0.4999999999999998
2025-05-03,0.22,1.088,0.0,0,0.7362066700203923,0.23,0.7802418874108791,0.22,0.7362066700203923,12.999999999999998,16.39999999999998,2.3428571428571403,-0.010000000000000009,-0.09399999999999986,0.22333333333333336,1.1193333333333404,0.22142857142857145,1.1014285714285703,0.8573146280763323,-0.5147928015098308
2025-05-04,0.22,1.088,3.0,0,0.7362066700203923,0.22,0.7362066700203923,0.23,0.7802418874108791,6.999999999999998,19.39999999999998,2.7714285714285687,0.0,0.0,0.22333333333333336,1.1193333333333404,0.22142857142857145,1.1014285714285703,0.848351197812304,-0.5294338912181852
2025-05-05,0.22,1.088,3.4,0,0.7362066700203923,0.22,0.7362066700203923,0.22,0.7362066700203923,6.399999999999999,22.79999999999998,3.257142857142854,0.0,0.0,0.22,1.088,0.22142857142857145,1.1014285714285703,0.8391377545563939,-0.5439189543287246
2025-05-06,0.22,1.088,0.6,0,0.7362066700203923,0.22,0.7362066700203923,0.22,0.7362066700203923,6.999999999999998,23.39999999999998,3.3428571428571403,0.0,0.0,0.22,1.088,0.22142857142857145,1.1014285714285703,0.8296770135526188,-0.5582437220268649
2025-05-07,0.22,1.088,0.0,0,0.7362066700203923,0.22,0.7362066700203923,0.22,0.7362066700203923,3.9999999999999982,19.999999999999982,2.8571428571428545,0.0,0.0,0.22,1.088,0.2214285714285714,1.1014285714285703,0.8199717629247771,-0.5724039727378148
2025-05-08,0.22,1.088,0.4,0,0.7362066700203923,0.22,0.7362066700203923,0.22,0.7362066700203923,0.9999999999999982,11.399999999999983,1.6285714285714261,0.0,0.0,0.22,1.088,0.22142857142857145,1.1014285714285703,0.8100248628547752,-0.5863955333706956
2025-05-09,0.23,1.182,6.6,0,0.7802418874108791,0.22,0.7362066700203923,0.22,0.7362066700203923,6.999999999999998,13.999999999999982,1.9999999999999976,0.010000000000000009,0.09399999999999986,0.22333333333333336,1.11933333333334,0.22142857142857145,1.1014285714285705,0.7998392447397195,-0.600214280548368
2025-05-10,0.23,1.182,7.4,0,0.7802418874108791,0.23,0.7802418874108791,0.22,0.7362066700203923,14.399999999999999,21.399999999999984,3.0571428571428547,0.0,0.0,0.22666666666666668,1.1506666666666734,0.22285714285714286,1.1148571428571419,0.7894179103280199,-0.6138561418226116
2025-05-11,0.23,1.182,0.4,0,0.7802418874108791,0.23,0.7802418874108791,0.23,0.7802418874108791,14.399999999999999,18.799999999999983,2.6857142857142833,0.0,0.0,0.23,1.182,0.22428571428571428,1.1282857142857134,0.7787639308347607,-0.6273170968742938
2025-05-12,0.23,1.182,4.6,0,0.7802418874108791,0.23,0.7802418874108791,0.23,0.7802418874108791,12.399999999999999,19.999999999999982,2.8571428571428545,0.0,0.0,0.23,1.182,0.22571428571428573,1.1417142857142848,0.7678804460366001,-0.6405931786981751
2025-05-13,0.23,1.182,5.8,0,0.7802418874108791,0.23,0.7802418874108791,0.23,0.7802418874108791,10.799999999999997,25.199999999999985,3.599999999999998,0.0,0.0,0.23,1.182,0.22714285714285715,1.1551428571428561,0.7567706633464627,-0.6536804747720057
2025-05-14,0.24,1.276,19.8,0,0.8224195162640845,0.23,0.7802418874108791,0.23,0.7802418874108791,30.199999999999996,44.999999999999986,6.428571428571426,0.009999999999999981,0.09400000000000008,0.2333333333333333,1.2133333333333403,0.23,1.181999999999999,0.7454378568683001,-0.6665751282095632
2025-05-15,0.24,1.276,1.0,0,0.8224195162640845,0.24,0.8224195162640845,0.23,0.7802418874108791,26.599999999999998,45.59999999999999,6.5142857142857125,0.0,0.0,0.23666666666666666,1.2446666666666735,0.23285714285714285,1.2088571428571417,0.7338853664321991,-0.6792733388972931
2025-05-16,0.23,1.182,0.0,0,0.7802418874108791,0.24,0.8224195162640845,0.24,0.8224195162640845,20.8,38.999999999999986,5.571428571428569,-0.009999999999999981,-0.09400000000000008,0.23666666666666666,1.2446666666666735,0.23285714285714285,1.2088571428571417,0.722116596610116,-0.6917713646142222
2025-05-17,0.23,1.182,0.0,0,0.7802418874108791,0.23,0.7802418874108791,0.24,0.8224195162640845,1.0,31.599999999999984,4.514285714285712,0.0,0.0,0.2333333333333333,1.21333333333334,0.23285714285714285,1.2088571428571417,0.7101350157125358,-0.7040655221348058
2025-05-18,0.23,1.182,2.6,0,0.7802418874108791,0.23,0.7802418874108791,0.23,0.7802418874108791,2.6,33.79999999999998,4.8285714285714265,0.0,0.0,0.23,1.182,0.23285714285714287,1.2088571428571417,0.6979441547663435,-0.7161521883143933
2025-05-19,0.23,1.182,0.2,0,0.7802418874108791,0.23,0.7802418874108791,0.23,0.7802418874108791,2.8000000000000003,29.399999999999984,4.1999999999999975,0.0,0.0,0.23,1.182,0.23285714285714287,1.2088571428571417,0.6855476064742155,-0.7280278011569847
2025-05-20,0.23,1.182,0.0,0,0.7802418874108791,0.23,0.7802418874108791,0.23,0.7802418874108791,2.8000000000000003,23.599999999999984,3.371428571428569,0.0,0.0,0.23,1.182,0.23285714285714287,1.2088571428571417,0.672949024155833,-0.7396888608649667
2025-05-21,0.36,2.464,0.0,0,1.2424239907001886,0.23,0.7802418874108791,0.23,0.7802418874108791,0.2,3.7999999999999825,0.5428571428571404,0.12999999999999998,1.282,0.2733333333333334,1.60933333333334,0.25,1.3785714285714274,0.660152120671232,-0.7511319308705197
2025-05-22,0.24,1.276,0.2,0,0.8224195162640845,0.36,1.2424239907001886,0.23,0.7802418874108791,0.2,2.9999999999999822,0.42857142857142605,-0.12,-1.188,0.27666666666666667,1.6406666666666734,0.25,1.3785714285714277,0.647160667326606,-0.7623536388483902
2025-05-23,0.24,1.276,0.0,0,0.8224195162640845,0.24,0.8224195162640845,0.36,1.2424239907001886,0.2,2.9999999999999822,0.42857142857142605,0.0,0.0,0.27999999999999997,1.6720000000000066,0.25142857142857145,1.391999999999999,0.6339784927628868,-0.7733506777097298
2025-05-24,0.24,1.276,0.0,0,0.8224195162640845,0.24,0.8224195162640845,0.24,0.8224195162640845,0.2,2.9999999999999822,0.42857142857142605,0.0,0.0,0.24,1.276,0.25285714285714284,1.4054285714285704,0.620609481827423,-0.7841198065767103
2025-05-25,0.24,1.276,2.6,0,0.8224195162640845,0.24,0.8224195162640845,0.24,0.8224195162640845,2.6,2.9999999999999822,0.42857142857142605,0.0,0.0,0.24,1.276,0.2542857142857143,1.418857142857142,0.6070575744291006,-0.7946578517376249
2025-05-26,0.24,1.276,0.0,0,0.8224195162640845,0.24,0.8224195162640845,0.24,0.8224195162640845,2.6,2.799999999999982,0.3999999999999974,0.0,0.0,0.24,1.276,0.2557142857142857,1.4322857142857133,0.593326764377232,-0.8049617075821959
2025-05-27,0.24,1.276,0.0,0,0.8224195162640845,0.24,0.8224195162640845,0.24,0.8224195162640845,2.6,2.799999999999982,0.3999999999999974,0.0,0.0,0.24,1.276,0.2571428571428571,1.4457142857142846,0.5794210982045638,-0.8150283375168113
2025-05-28,0.24,1.276,0.0,0,0.8224195162640845,0.24,0.8224195162640845,0.24,0.8224195162640845,0.0,2.799999999999982,0.3999999999999974,0.0,0.0,0.24,1.276,0.24,1.276,0.5653446739747428,-0.8248547748594245
2025-05-29,0.24,1.276,0.0,0,0.8224195162640845,0.24,0.8224195162640845,0.24,0.8224195162640845,0.0,2.5999999999999823,0.3714285714285689,0.0,0.0,0.24,1.276,0.24,1.276,0.5511016400746,-0.8344381237138473
2025-05-30,0.24,1.276,3.4,0,0.8224195162640845,0.24,0.8224195162640845,0.24,0.8224195162640845,3.4,5.999999999999982,0.8571428571428547,0.0,0.0,0.24,1.276,0.24,1.276,0.5366961939916005,-0.8437755598231856
2025-05-31,0.24,1.276,0.6,0,0.8224195162640845,0.24,0.8224195162640845,0.24,0.8224195162640845,4.0,6.599999999999982,0.9428571428571403,0.0,0.0,0.24,1.276,0.24,1.276,0.522132581076825,-0.8528643314021596
2025-06-01,0.24,1.276,1.2,0,0.8224195162640845,0.24,0.8224195162640845,0.24,0.8224195162640845,5.199999999999999,5.1999999999999815,0.7428571428571402,0.0,0.0,0.24,1.276,0.24,1.276,0.5074150932938458,-0.861701759948068
2025-06-02,0.24,1.276,1.2,0,0.8224195162640845,0.24,0.8224195162640845,0.24,0.8224195162640845,3.0,6.399999999999982,0.9142857142857117,0.0,0.0,0.24,1.276,0.24,1.276,0.4925480679538644,-0.8702852410301553
2025-06-03,0.23,1.182,0.2,0,0.7802418874108791,0.24,0.8224195162640845,0.24,0.8224195162640845,2.5999999999999996,6.599999999999982,0.9428571428571403,-0.009999999999999981,-0.09400000000000008,0.23666666666666666,1.2446666666666735,0.2385714285714286,1.2625714285714278,0.47753588643748834,-0.8786122450571482
2025-06-04,0.23,1.182,0.0,0,0.7802418874108791,0.23,0.7802418874108791,0.24,0.8224195162640845,1.4,6.599999999999982,0.9428571428571403,0.0,0.0,0.2333333333333333,1.2133333333333403,0.23714285714285716,1.249142857142856,0.4623829729035151,-0.8866803180227399
2025-06-05,0.31,1.943,0.0,0,1.0794294692513358,0.23,0.7802418874108791,0.23,0.7802418874108791,0.2,6.599999999999982,0.9428571428571403,0.07999999999999999,0.7610000000000001,0.25666666666666665,1.4356666666666733,0.24714285714285714,1.3444285714285704,0.44709379298511426,-0.8944870822287954
2025-06-06,0.27,1.557,0.0,0,0.9388346963090496,0.31,1.0794294692513358,0.23,0.7802418874108791,0.0,3.199999999999982,0.4571428571428546,-0.03999999999999998,-0.3860000000000001,0.27,1.5606666666666733,0.25142857142857145,1.3845714285714277,0.43167285247378384,-0.9020302369860707
2025-06-07,0.26,1.463,0.0,0,0.9013801191384009,0.27,0.9388346963090496,0.31,1.0794294692513358,0.0,2.599999999999982,0.37142857142856883,-0.010000000000000009,-0.09399999999999986,0.28,1.65433333333334,0.2542857142857143,1.4112857142857134,0.4161246959914746,-0.9093075592922357
2025-06-08,0.26,1.463,0.0,0,0.9013801191384009,0.26,0.9013801191384009,0.27,0.9388346963090496,0.0,1.3999999999999821,0.19999999999999746,0.0,0.0,0.26333333333333336,1.49433333333334,0.2571428571428572,1.437999999999999,0.4004539056512664,-0.9163169044870048
2025-06-09,0.26,1.463,0.0,0,0.9013801191384009,0.26,0.9013801191384009,0.26,0.9013801191384009,0.0,0.19999999999998225,0.028571428571426034,0.0,0.0,0.26,1.463,0.25999999999999995,1.4647142857142847,0.3846650997070012,-0.923056206884176
2025-06-10,0.26,1.463,0.0,0,0.9013801191384009,0.26,0.9013801191384009,0.26,0.9013801191384009,0.0,0.0,0.0,0.0,0.0,0.26,1.463,0.2642857142857143,1.504857142857142,0.3687629311922603,-0.9295234803804002
2025-06-11,0.36,2.464,1.0,0,1.2424239907001886,0.26,0.9013801191384009,0.26,0.9013801191384009,1.0,0.9999999999999822,0.14285714285714032,0.09999999999999998,1.001,0.29333333333333333,1.7966666666666733,0.28285714285714286,1.687999999999999,0.352752086549095,-0.9357168190404935
2025-06-12,0.35,2.36,0.0,0,1.2119409739751128,0.36,1.2424239907001886,0.26,0.9013801191384009,1.0,0.9999999999999822,0.14285714285714032,-0.010000000000000009,-0.10400000000000009,0.3233333333333333,2.0956666666666734,0.2885714285714286,1.7475714285714277,0.3366372842469106,-0.9416343976591258
2025-06-13,0.25,1.37,0.0,0,0.8628899551470398,0.35,1.2119409739751128,0.36,1.2424239907001886,1.0,0.9999999999999822,0.14285714285714032,-0.09999999999999998,-0.9899999999999998,0.32,2.0646666666666733,0.2857142857142857,1.7208571428571418,0.3204232733919116,-0.9472744722987168
2025-06-14,0.25,1.37,0.0,0,0.8628899551470398,0.25,0.8628899551470398,0.35,1.2119409739751128,0.0,0.9999999999999822,0.14285714285714032,0.0,0.0,0.2833333333333333,1.700000000000007,0.2842857142857143,1.7075714285714274,0.30411483232751846,-0.9526353808033824
2025-06-15,0.25,1.37,0.0,0,0.8628899551470398,0.25,0.8628899551470398,0.25,0.8628899551470398,0.0,0.9999999999999822,0.14285714285714032,0.0,0.0,0.25,1.37,0.28285714285714286,1.6942857142857133,0.2877167672261668,-0.9577155432887804
2025-06-16,0.25,1.37,0.2,0,0.8628899551470398,0.25,0.8628899551470398,0.25,0.8628899551470398,0.2,1.1999999999999822,0.17142857142856888,0.0,0.0,0.25,1.37,0.2814285714285715,1.680999999999999,0.27123391067291,-0.9625134626077081
2025-06-17,0.25,1.37,0.0,0,0.8628899551470398,0.25,0.8628899551470398,0.25,0.8628899551470398,0.2,1.1999999999999822,0.17142857142856888,0.0,0.0,0.25,1.37,0.27999999999999997,1.6677142857142846,0.2546711202412288,-0.9670277247913204
2025-06-18,0.25,1.37,0.0,0,0.8628899551470398,0.25,0.8628899551470398,0.25,0.8628899551470398,0.2,0.19999999999998225,0.028571428571426034,0.0,0.0,0.25,1.37,0.2642857142857143,1.5114285714285705,0.2380332770614858,-0.9712569994658313
2025-06-19,0.25,1.37,0.8,0,0.8628899551470398,0.25,0.8628899551470398,0.25,0.8628899551470398,0.8,0.9999999999999822,0.14285714285714032,0.0,0.0,0.25,1.37,0.25,1.37,0.22132528438243243,-0.9752000402445825
2025-06-20,0.45,3.593,0.0,0,1.5245334053436563,0.25,0.8628899551470398,0.25,0.8628899551470398,0.8,0.9999999999999822,0.14285714285714032,0.2,2.223,0.31666666666666665,2.111000000000007,0.2785714285714286,1.6875714285714274,0.2045520661262008,-0.9788556850953578
2025-06-21,0.43,3.308,5.2,0,1.4604737592941421,0.45,1.5245334053436563,0.25,0.8628899551470398,6.0,6.199999999999982,0.8857142857142832,-0.020000000000000018,-0.28500000000000014,0.37666666666666665,2.757000000000007,0.30428571428571427,1.9644285714285705,0.18771856543719884,-0.9822228566828406
2025-06-22,0.43,3.308,0.0,0,1.4604737592941421,0.43,1.4604737592941421,0.45,1.5245334053436563,5.2,6.199999999999982,0.8857142857142832,0.0,0.0,0.4366666666666667,3.403000000000007,0.33,2.241285714285713,0.17082974322534442,-0.985300562686109
2025-06-23,0.63,7.856,1.6,0,2.1810951954063356,0.43,1.4604737592941421,0.43,1.4604737592941421,6.800000000000001,7.599999999999982,1.0857142857142832,0.2,4.548,0.49666666666666665,4.824000000000006,0.38428571428571434,3.167857142857142,0.15389057670406214,-0.9880878960910771
2025-06-24,0.73,11.885,12.8,0,2.556063844104328,0.63,2.1810951954063356,0.43,1.4604737592941421,14.400000000000002,20.399999999999984,2.914285714285712,0.09999999999999998,4.029,0.5966666666666667,7.683000000000007,0.45285714285714285,4.669999999999999,0.13690605792347574,-0.9905840354577969
2025-06-25,0.6,6.791,1.4,0,2.052969221348721,0.73,2.556063844104328,0.63,2.1810951954063356,15.800000000000002,21.799999999999983,3.1142857142857117,-0.13,-5.093999999999999,0.6533333333333333,8.844000000000007,0.5028571428571429,5.44442857142857,0.11988119229922782,-0.9927882451625399
2025-06-26,0.6,6.791,0.2,0,2.052969221348721,0.6,2.052969221348721,0.73,2.556063844104328,14.400000000000002,21.19999999999998,3.028571428571426,0.0,0.0,0.6433333333333333,8.489000000000008,0.5528571428571428,6.218857142857141,0.10282099713736025,-0.9946998756145891
2025-06-27,0.6,6.791,0.0,0,2.052969221348721,0.6,2.052969221348721,0.6,2.052969221348721,1.6000000000000016,21.19999999999998,3.028571428571426,0.0,0.0,0.6,6.791,0.5742857142857142,6.675714285714284,0.0857305001556943,-0.9963183634476755
2025-06-28,0.81,16.118,0.0,0,2.840130541459418,0.6,2.052969221348721,0.6,2.052969221348721,0.2000000000000018,15.999999999999982,2.2857142857142834,0.21000000000000008,9.326999999999998,0.6699999999999999,9.900000000000007,0.6285714285714287,8.505714285714285,0.0686147380021341,-0.9976432316860063
2025-06-29,0.43,3.308,2.8,0,1.4604737592941421,0.81,2.840130541459418,0.6,2.052969221348721,2.8000000000000016,18.799999999999983,2.6857142857142833,-0.38000000000000006,-12.809999999999999,0.6133333333333334,8.739000000000006,0.6285714285714287,8.505714285714285,0.05147875477034673,-0.9986740898848305
2025-06-30,0.72,11.37,0.0,0,2.5152741864043966,0.43,1.4604737592941421,0.81,2.840130541459418,2.8000000000000016,17.19999999999998,2.4571428571428546,0.29,8.062,0.6533333333333334,10.26533333333334,0.6414285714285715,9.007714285714284,0.03432760051324382,-0.9994106342455052
2025-07-01,0.81,16.118,1.6,0,2.840130541459418,0.72,2.5152741864043966,0.43,1.4604737592941421,4.400000000000002,5.999999999999982,0.8571428571428547,0.09000000000000008,4.747999999999999,0.6533333333333333,10.26533333333334,0.6528571428571429,9.61242857142857,0.01716632975470737,-0.9998526477050269
2025-07-02,0.79,14.975,0.4,0,2.7710250002635983,0.81,2.840130541459418,0.72,2.5152741864043966,2.0000000000000018,4.999999999999982,0.7142857142857117,-0.020000000000000018,-1.142999999999999,0.7733333333333334,14.154333333333339,0.6799999999999999,10.781571428571427,1.2246467991473532e-16,-1.0
2025-07-03,0.79,14.975,0.0,0,2.7710250002635983,0.79,2.7710250002635983,0.81,2.840130541459418,2.0000000000000018,4.799999999999983,0.6857142857142833,0.0,0.0,0.7966666666666667,15.356000000000007,0.7071428571428573,11.950714285714284,-0.017166329754707124,-0.9998526477050269
2025-07-04,0.8,15.49,0.2,0,2.8027541365715076,0.79,2.7710250002635983,0.79,2.7710250002635983,0.6000000000000019,4.999999999999982,0.7142857142857117,0.010000000000000009,0.5150000000000006,0.7933333333333333,15.146666666666674,0.7357142857142858,13.19342857142857,-0.03432760051324313,-0.9994106342455054
2025-07-05,0.79,14.975,0.0,0,2.7710250002635983,0.8,2.8027541365715076,0.79,2.7710250002635983,0.2000000000000018,4.999999999999982,0.7142857142857117,-0.010000000000000009,-0.5150000000000006,0.7933333333333333,15.14666666666667,0.732857142857143,13.030142857142854,-0.051478754770346045,-0.9986740898848305
2025-07-06,0.79,14.975,0.2,0,2.7710250002635983,0.79,2.7710250002635983,0.8,2.8027541365715076,0.4000000000000018,2.3999999999999826,0.34285714285714036,0.0,0.0,0.7933333333333333,15.146666666666674,0.7842857142857144,14.696857142857143,-0.06861473800213432,-0.9976432316860063
2025-07-07,0.7,10.34,0.8,0,2.428336298299606,0.79,2.7710250002635983,0.79,2.7710250002635983,1.0000000000000018,3.1999999999999824,0.45714285714285463,-0.09000000000000008,-4.635,0.7600000000000001,13.430000000000005,0.7814285714285715,14.549714285714286,-0.0857305001556945,-0.9963183634476755
2025-07-08,0.79,14.975,0.0,0,2.7710250002635983,0.7,2.428336298299606,0.79,2.7710250002635983,1.0000000000000018,1.5999999999999823,0.22857142857142604,0.09000000000000008,4.635,0.7600000000000001,13.430000000000007,0.7785714285714285,14.386428571428569,-0.10282099713736044,-0.9946998756145891
2025-07-09,0.8,15.49,0.0,0,2.8027541365715076,0.79,2.7710250002635983,0.7,2.428336298299606,0.8000000000000018,1.1999999999999824,0.1714285714285689,0.010000000000000009,0.5150000000000006,0.7633333333333333,13.601666666666672,0.7800000000000001,14.459999999999997,-0.11988119229922714,-0.99278824516254
2025-07-10,0.8,15.49,0.0,0,2.8027541365715076,0.8,2.8027541365715076,0.79,2.7710250002635983,0.0,1.1999999999999824,0.1714285714285689,0.0,0.0,0.7966666666666667,15.31833333333334,0.7814285714285714,14.53357142857143,-0.13690605792347504,-0.990584035457797
2025-07-11,0.8,15.49,12.8,0,2.8027541365715076,0.8,2.8027541365715076,0.8,2.8027541365715076,12.800000000000002,13.799999999999983,1.971428571428569,0.0,0.0,0.8,15.49,0.7814285714285714,14.533571428571426,-0.15389057670406148,-0.9880878960910772
2025-07-12,0.8,15.49,0.0,0,2.8027541365715076,0.8,2.8027541365715076,0.8,2.8027541365715076,12.800000000000002,13.799999999999983,1.971428571428569,0.0,0.0,0.8,15.49,0.7828571428571429,14.607142857142858,-0.17082974322534417,-0.985300562686109
2025-07-13,0.77,13.945,0.0,0,2.704376795735901,0.8,2.8027541365715076,0.8,2.8027541365715076,12.800000000000002,13.599999999999984,1.9428571428571406,-0.030000000000000027,-1.545,0.79,14.975000000000007,0.78,14.459999999999999,-0.1877185654371986,-0.9822228566828407
2025-07-14,0.24,1.276,0.0,0,0.8224195162640845,0.77,2.704376795735901,0.8,2.8027541365715076,0.0,12.799999999999983,1.828571428571426,-0.53,-12.669,0.6033333333333334,10.237000000000005,0.7142857142857143,13.165142857142856,-0.20455206612620058,-0.9788556850953579
2025-07-15,0.8,15.49,0.0,0,2.8027541365715076,0.24,0.8224195162640845,0.77,2.704376795735901,0.0,12.799999999999983,1.828571428571426,0.56,14.214,0.6033333333333334,10.237000000000007,0.7157142857142859,13.238714285714284,-0.22132528438243218,-0.9752000402445826
2025-07-16,0.8,15.49,0.2,0,2.8027541365715076,0.8,2.8027541365715076,0.24,0.8224195162640845,0.2000000000000018,12.999999999999982,1.8571428571428545,0.0,0.0,0.6133333333333334,10.752000000000004,0.7157142857142856,13.238714285714284,-0.23803327706148514,-0.9712569994658315
2025-07-17,0.79,14.975,0.0,0,2.7710250002635983,0.8,2.8027541365715076,0.8,2.8027541365715076,0.2000000000000018,12.999999999999982,1.8571428571428545,-0.010000000000000009,-0.5150000000000006,0.7966666666666667,15.31833333333334,0.7142857142857143,13.165142857142856,-0.254671120241229,-0.9670277247913203
2025-07-18,0.79,14.975,0.0,0,2.7710250002635983,0.79,2.7710250002635983,0.8,2.8027541365715076,0.2000000000000018,0.19999999999998225,0.028571428571426034,0.0,0.0,0.7933333333333333,15.14666666666667,0.7128571428571429,13.091571428571427,-0.2712339106729102,-0.9625134626077081
2025-07-19,0.79,14.975,0.0,0,2.7710250002635983,0.79,2.7710250002635983,0.79,2.7710250002635983,0.0,0.19999999999998225,0.028571428571426034,0.0,0.0,0.79,14.975,0.7114285714285714,13.017999999999999,-0.287716767226167,-0.9577155432887803
2025-07-20,0.79,14.975,0.0,0,2.7710250002635983,0.79,2.7710250002635983,0.79,2.7710250002635983,0.0,0.19999999999998225,0.028571428571426034,0.0,0.0,0.79,14.975,0.7142857142857143,13.165142857142854,-0.3041148323275178,-0.9526353808033826
2025-07-21,0.61,7.146,0.0,0,2.097527009226221,0.79,2.7710250002635983,0.79,2.7710250002635983,0.0,0.19999999999998225,0.028571428571426034,-0.18000000000000005,-7.829,0.73,12.36533333333334,0.7671428571428571,14.003714285714283,-0.32042327339191096,-0.947274472298717
2025-07-22,0.79,14.975,0.0,0,2.7710250002635983,0.61,2.097527009226221,0.79,2.7710250002635983,0.0,0.19999999999998225,0.028571428571426034,0.18000000000000005,7.829,0.73,12.36533333333334,0.7657142857142858,13.930142857142856,-0.3366372842469099,-0.941634397659126
2025-07-23,0.79,14.975,0.6,0,2.7710250002635983,0.79,2.7710250002635983,0.61,2.097527009226221,0.6000000000000018,0.5999999999999822,0.08571428571428318,0.0,0.0,0.73,12.36533333333334,0.7642857142857143,13.856571428571426,-0.35275208654909473,-0.9357168190404936
2025-07-24,0.79,14.975,3.4,0,2.7710250002635983,0.79,2.7710250002635983,0.79,2.7710250002635983,4.000000000000002,3.9999999999999822,0.5714285714285688,0.0,0.0,0.79,14.975,0.7642857142857143,13.856571428571426,-0.36876293119226006,-0.9295234803804003
2025-07-25,0.79,14.975,0.0,0,2.7710250002635983,0.79,2.7710250002635983,0.79,2.7710250002635983,4.000000000000002,3.9999999999999822,0.5714285714285688,0.0,0.0,0.79,14.975,0.7642857142857143,13.856571428571428,-0.38466509970700097,-0.9230562068841761
2025-07-26,0.79,14.975,0.0,0,2.7710250002635983,0.79,2.7710250002635983,0.79,2.7710250002635983,3.4000000000000017,3.9999999999999822,0.5714285714285688,0.0,0.0,0.79,14.975,0.7642857142857143,13.856571428571426,-0.40045390565126615,-0.9163169044870049
2025-07-27,0.79,14.975,0.8,0,2.7710250002635983,0.79,2.7710250002635983,0.79,2.7710250002635983,0.8000000000000018,4.799999999999982,0.6857142857142832,0.0,0.0,0.79,14.975,0.7642857142857143,13.856571428571428,-0.4161246959914748,-0.9093075592922356
2025-07-28,0.61,7.146,0.6,0,2.097527009226221,0.79,2.7710250002635983,0.79,2.7710250002635983,1.4000000000000017,5.399999999999983,0.7714285714285689,-0.18000000000000005,-7.829,0.7300000000000001,12.36533333333334,0.7642857142857142,13.856571428571428,-0.431672852473784,-0.9020302369860707
2025-07-29,0.79,14.975,0.2,0,2.7710250002635983,0.61,2.097527009226221,0.79,2.7710250002635983,1.6000000000000019,5.599999999999982,0.7999999999999974,0.18000000000000005,7.829,0.7300000000000001,12.36533333333334,0.7642857142857142,13.856571428571428,-0.44709379298511404,-0.8944870822287955
2025-07-30,0.79,14.975,0.0,0,2.7710250002635983,0.79,2.7710250002635983,0.61,2.097527009226221,0.8000000000000018,4.999999999999982,0.7142857142857117,0.0,0.0,0.7300000000000001,12.36533333333334,0.7642857142857142,13.856571428571426,-0.4623829729035149,-0.88668031802274
2025-07-31,0.79,14.975,0.0,0,2.7710250002635983,0.79,2.7710250002635983,0.79,2.7710250002635983,0.2000000000000018,1.5999999999999823,0.22857142857142604,0.0,0.0,0.79,14.975,0.7642857142857142,13.856571428571428,-0.4775358864374881,-0.8786122450571483
2025-08-01,0.8,15.49,0.0,0,2.8027541365715076,0.79,2.7710250002635983,0.79,2.7710250002635983,0.0,1.5999999999999823,0.22857142857142604,0.010000000000000009,0.5150000000000006,0.7933333333333333,15.146666666666674,0.7657142857142858,13.930142857142856,-0.4925480679538642,-0.8702852410301554
2025-08-02,0.8,15.49,0.0,0,2.8027541365715076,0.8,2.8027541365715076,0.79,2.7710250002635983,0.0,1.5999999999999823,0.22857142857142604,0.0,0.0,0.7966666666666667,15.318333333333337,0.7671428571428571,14.003714285714283,-0.5074150932938452,-0.8617017599480683
2025-08-03,0.79,14.975,0.0,0,2.7710250002635983,0.8,2.8027541365715076,0.8,2.8027541365715076,0.0,0.7999999999999823,0.11428571428571176,-0.010000000000000009,-0.5150000000000006,0.7966666666666667,15.31833333333334,0.7671428571428571,14.003714285714285,-0.5221325810768248,-0.8528643314021597
2025-08-04,0.61,7.146,0.0,0,2.097527009226221,0.79,2.7710250002635983,0.8,2.8027541365715076,0.0,0.19999999999998225,0.028571428571426034,-0.18000000000000005,-7.829,0.7333333333333334,12.537000000000006,0.7671428571428571,14.003714285714285,-0.5366961939916003,-0.8437755598231858
2025-08-05,0.8,15.49,0.0,0,2.8027541365715076,0.61,2.097527009226221,0.79,2.7710250002635983,0.0,0.0,0.0,0.19000000000000006,8.344000000000001,0.7333333333333334,12.537000000000006,0.7685714285714286,14.077285714285711,-0.5511016400745998,-0.8344381237138474
2025-08-06,0.8,15.49,0.0,0,2.8027541365715076,0.8,2.8027541365715076,0.61,2.097527009226221,0.0,0.0,0.0,0.0,0.0,0.7366666666666667,12.708666666666673,0.7699999999999999,14.150857142857143,-0.5653446739747425,-0.8248547748594246
2025-08-07,0.8,15.49,0.0,0,2.8027541365715076,0.8,2.8027541365715076,0.8,2.8027541365715076,0.0,0.0,0.0,0.0,0.0,0.8,15.49,0.7714285714285714,14.224428571428572,-0.5794210982045637,-0.8150283375168114
2025-08-08,0.8,15.49,0.2,0,2.8027541365715076,0.8,2.8027541365715076,0.8,2.8027541365715076,0.2000000000000018,0.19999999999998225,0.028571428571426034,0.0,0.0,0.8,15.49,0.7714285714285715,14.22442857142857,-0.5933267643772321,-0.8049617075821958
2025-08-09,0.8,15.49,0.0,0,2.8027541365715076,0.8,2.8027541365715076,0.8,2.8027541365715076,0.2000000000000018,0.19999999999998225,0.028571428571426034,0.0,0.0,0.8,15.49,0.7714285714285715,14.224428571428572,-0.6070575744291004,-0.794657851737625
2025-08-10,0.8,15.49,0.0,0,2.8027541365715076,0.8,2.8027541365715076,0.8,2.8027541365715076,0.2000000000000018,0.19999999999998225,0.028571428571426034,0.0,0.0,0.8,15.49,0.7728571428571429,14.298,-0.6206094818274228,-0.7841198065767104
2025-08-11,0.62,7.501,0.0,0,2.140183803635222,0.8,2.8027541365715076,0.8,2.8027541365715076,0.0,0.19999999999998225,0.028571428571426034,-0.18000000000000005,-7.989,0.7400000000000001,12.827000000000005,0.7742857142857142,14.348714285714285,-0.6339784927628865,-0.77335067770973
2025-08-12,0.8,15.49,0.2,0,2.8027541365715076,0.62,2.140183803635222,0.8,2.8027541365715076,0.2000000000000018,0.39999999999998226,0.05714285714285461,0.18000000000000005,7.989,0.7399999999999999,12.827000000000007,0.7742857142857142,14.348714285714284,-0.6471606673266059,-0.7623536388483905
2025-08-13,0.8,15.49,2.4,0,2.8027541365715076,0.8,2.8027541365715076,0.62,2.140183803635222,2.600000000000002,2.799999999999982,0.3999999999999974,0.0,0.0,0.7400000000000001,12.827000000000005,0.7742857142857142,14.348714285714285,-0.6601521206712315,-0.7511319308705201
2025-08-14,0.8,15.49,0.2,0,2.8027541365715076,0.8,2.8027541365715076,0.8,2.8027541365715076,2.800000000000002,2.9999999999999822,0.42857142857142605,0.0,0.0,0.8,15.49,0.7742857142857144,14.348714285714284,-0.6729490241558326,-0.7396888608649671
2025-08-15,0.8,15.49,0.0,0,2.8027541365715076,0.8,2.8027541365715076,0.8,2.8027541365715076,2.600000000000002,2.799999999999982,0.3999999999999974,0.0,0.0,0.8,15.49,0.7742857142857142,14.348714285714284,-0.6855476064742154,-0.7280278011569848
2025-08-16,0.8,15.49,0.0,0,2.8027541365715076,0.8,2.8027541365715076,0.8,2.8027541365715076,0.2000000000000018,2.799999999999982,0.3999999999999974,0.0,0.0,0.8,15.49,0.7742857142857142,14.348714285714285,-0.6979441547663433,-0.7161521883143935
2025-08-17,0.8,15.49,0.0,0,2.8027541365715076,0.8,2.8027541365715076,0.8,2.8027541365715076,0.0,2.799999999999982,0.3999999999999974,0.0,0.0,0.8,15.49,0.7742857142857142,14.348714285714284,-0.7101350157125356,-0.7040655221348059
2025-08-18,0.62,7.501,0.4,0,2.140183803635222,0.8,2.8027541365715076,0.8,2.8027541365715076,0.4000000000000018,3.199999999999982,0.4571428571428546,-0.18000000000000005,-7.989,0.7400000000000001,12.827000000000005,0.7742857142857142,14.348714285714285,-0.7221165966101161,-0.691771364614222
2025-08-19,0.8,15.49,0.0,0,2.8027541365715076,0.62,2.140183803635222,0.8,2.8027541365715076,0.4000000000000018,2.9999999999999822,0.42857142857142605,0.18000000000000005,7.989,0.7400000000000001,12.827000000000007,0.7742857142857144,14.348714285714284,-0.7338853664321993,-0.6792733388972929
2025-08-20,0.8,15.49,0.0,0,2.8027541365715076,0.8,2.8027541365715076,0.62,2.140183803635222,0.4000000000000018,0.5999999999999823,0.08571428571428319,0.0,0.0,0.7400000000000001,12.827000000000005,0.7742857142857144,14.348714285714285,-0.7454378568683003,-0.6665751282095631
2025-08-21,0.81,16.118,0.0,0,2.840130541459418,0.8,2.8027541365715076,0.8,2.8027541365715076,0.0,0.39999999999998226,0.05714285714285461,0.010000000000000009,0.6279999999999983,0.8033333333333333,15.69933333333334,0.7757142857142857,14.43842857142857,-0.7567706633464625,-0.653680474772006
2025-08-22,0.81,16.118,0.0,0,2.840130541459418,0.81,2.840130541459418,0.8,2.8027541365715076,0.0,0.39999999999998226,0.05714285714285461,0.0,0.0,0.8066666666666668,15.90866666666667,0.7771428571428572,14.528142857142855,-0.7678804460366,-0.6405931786981752
2025-08-23,0.81,16.118,0.0,0,2.840130541459418,0.81,2.840130541459418,0.81,2.840130541459418,0.0,0.39999999999998226,0.05714285714285461,0.0,0.0,0.81,16.118,0.7785714285714286,14.617857142857142,-0.7787639308347605,-0.627317096874294
2025-08-24,0.81,16.118,0.0,0,2.840130541459418,0.81,2.840130541459418,0.81,2.840130541459418,0.0,0.39999999999998226,0.05714285714285461,0.0,0.0,0.81,16.118,0.7800000000000001,14.707571428571427,-0.7894179103280194,-0.6138561418226122
2025-08-25,0.62,7.501,0.0,0,2.140183803635222,0.81,2.840130541459418,0.81,2.840130541459418,0.0,0.0,0.0,-0.19000000000000006,-8.616999999999997,0.7466666666666667,13.245666666666674,0.7800000000000001,14.707571428571427,-0.7998392447397191,-0.6002142805483686
2025-08-26,0.8,15.49,0.0,0,2.8027541365715076,0.62,2.140183803635222,0.81,2.840130541459418,0.0,0.0,0.0,0.18000000000000005,7.989,0.7433333333333333,13.03633333333334,0.78,14.707571428571427,-0.8100248628547748,-0.5863955333706962
2025-08-27,0.8,15.49,2.4,0,2.8027541365715076,0.8,2.8027541365715076,0.62,2.140183803635222,2.4000000000000017,2.399999999999982,0.3428571428571403,0.0,0.0,0.7399999999999999,12.827000000000007,0.78,14.707571428571427,-0.8199717629247767,-0.5724039727378154
2025-08-28,0.8,15.49,0.0,0,2.8027541365715076,0.8,2.8027541365715076,0.8,2.8027541365715076,2.4000000000000017,2.399999999999982,0.3428571428571403,0.0,0.0,0.8,15.49,0.7785714285714287,14.617857142857142,-0.8296770135526185,-0.5582437220268655
2025-08-29,0.8,15.49,0.0,0,2.8027541365715076,0.8,2.8027541365715076,0.8,2.8027541365715076,2.4000000000000017,2.399999999999982,0.3428571428571403,0.0,0.0,0.8,15.49,0.7771428571428572,14.528142857142855,-0.8391377545563938,-0.5439189543287248
2025-08-30,0.79,14.975,0.0,0,2.7710250002635983,0.8,2.8027541365715076,0.8,2.8027541365715076,0.0,2.399999999999982,0.3428571428571403,-0.010000000000000009,-0.5150000000000006,0.7966666666666667,15.31833333333334,0.7742857142857144,14.364857142857142,-0.8483511978123038,-0.5294338912181854
2025-08-31,0.79,14.975,8.0,0,2.7710250002635983,0.79,2.7710250002635983,0.8,2.8027541365715076,8.000000000000002,10.399999999999983,1.4857142857142833,0.0,0.0,0.7933333333333333,15.146666666666674,0.7714285714285715,14.201571428571429,-0.8573146280763322,-0.514792801509831
2025-09-01,0.61,7.146,0.0,0,2.097527009226221,0.79,2.7710250002635983,0.79,2.7710250002635983,8.000000000000002,10.399999999999983,1.4857142857142833,-0.18000000000000005,-7.829,0.73,12.36533333333334,0.7699999999999999,14.150857142857143,-0.8660254037844385,-0.5000000000000004
2025-09-02,0.8,15.49,0.0,0,2.8027541365715076,0.61,2.097527009226221,0.79,2.7710250002635983,8.000000000000002,10.399999999999983,1.4857142857142833,0.19000000000000006,8.344000000000001,0.7333333333333334,12.537000000000006,0.7700000000000001,14.150857142857143,-0.8744809578310394,-0.4850598461951967
2025-09-03,0.79,14.975,0.0,0,2.7710250002635983,0.8,2.8027541365715076,0.61,2.097527009226221,0.0,7.999999999999982,1.1428571428571404,-0.010000000000000009,-0.5150000000000006,0.7333333333333334,12.537000000000006,0.7685714285714287,14.077285714285711,-0.8826787983255475,-0.4699767430273199
2025-09-04,0.8,15.49,0.0,0,2.8027541365715076,0.79,2.7710250002635983,0.8,2.8027541365715076,0.0,7.999999999999982,1.1428571428571404,0.010000000000000009,0.5150000000000006,0.7966666666666667,15.318333333333342,0.7685714285714286,14.077285714285713,-0.8906165093267404,-0.45475513555610575
2025-09-05,0.8,15.49,0.0,0,2.8027541365715076,0.8,2.8027541365715076,0.79,2.7710250002635983,0.0,7.999999999999982,1.1428571428571404,0.0,0.0,0.7966666666666667,15.31833333333334,0.7685714285714286,14.077285714285713,-0.8982917515547529,-0.43939950965914165
2025-09-06,0.8,15.49,0.0,0,2.8027541365715076,0.8,2.8027541365715076,0.8,2.8027541365715076,0.0,7.999999999999982,1.1428571428571404,0.0,0.0,0.8,15.49,0.7699999999999999,14.15085714285714,-0.9057022630804714,-0.42391439070986087
2025-09-07,0.8,15.49,0.0,0,2.8027541365715076,0.8,2.8027541365715076,0.8,2.8027541365715076,0.0,0.0,0.0,0.0,0.0,0.8,15.49,0.7714285714285715,14.224428571428572,-0.9128458599921354,-0.40830434224389367
2025-09-08,0.61,7.146,0.0,0,2.097527009226221,0.8,2.8027541365715076,0.8,2.8027541365715076,0.0,0.0,0.0,-0.19000000000000006,-8.344000000000001,0.7366666666666667,12.708666666666673,0.7714285714285715,14.224428571428572,-0.9197204370389468,-0.3925739646141714
2025-09-09,0.81,16.118,0.4,0,2.840130541459418,0.61,2.097527009226221,0.8,2.8027541365715076,0.4000000000000018,0.39999999999998226,0.05714285714285461,0.20000000000000007,8.971999999999998,0.7400000000000001,12.918000000000006,0.7728571428571429,14.314142857142855,-0.9263239682514951,-0.3767278936351848
2025-09-10,0.8,15.49,1.0,0,2.8027541365715076,0.81,2.840130541459418,0.61,2.097527009226221,1.4000000000000017,1.3999999999999821,0.19999999999999746,-0.010000000000000009,-0.6279999999999983,0.7399999999999999,12.918000000000006,0.7742857142857142,14.387714285714283,-0.9326545075388225,-0.3607707992167831
2025-09-11,0.79,14.975,0.4,0,2.7710250002635983,0.8,2.8027541365715076,0.81,2.840130541459418,1.8000000000000018,1.7999999999999823,0.2571428571428546,-0.010000000000000009,-0.5150000000000006,0.8000000000000002,15.527666666666674,0.7728571428571429,14.314142857142857,-0.9387101892619443,-0.3447073839879337
2025-09-12,0.81,16.118,0.0,0,2.840130541459418,0.79,2.7710250002635983,0.8,2.8027541365715076,1.4000000000000017,1.7999999999999823,0.2571428571428546,0.020000000000000018,1.142999999999999,0.8000000000000002,15.527666666666674,0.7742857142857142,14.40385714285714,-0.9444892287836613,-0.32854238191083474
2025-09-13,0.79,14.975,0.0,0,2.7710250002635983,0.81,2.840130541459418,0.79,2.7710250002635983,0.4000000000000018,1.7999999999999823,0.2571428571428546,-0.020000000000000018,-1.142999999999999,0.7966666666666667,15.356000000000007,0.7728571428571429,14.330285714285711,-0.9499899229945009,-0.3122805568857948
2025-09-14,0.8,15.49,0.0,0,2.8027541365715076,0.79,2.7710250002635983,0.81,2.840130541459418,0.0,1.7999999999999823,0.2571428571428546,0.010000000000000009,0.5150000000000006,0.8000000000000002,15.527666666666674,0.7728571428571429,14.330285714285713,-0.9552106508146316,-0.29592670134728966
2025-09-15,0.65,8.566,0.0,0,2.2582151452581054,0.8,2.8027541365715076,0.79,2.7710250002635983,0.0,1.7999999999999823,0.2571428571428546,-0.15000000000000002,-6.9239999999999995,0.7466666666666667,13.01033333333334,0.7785714285714286,14.533142857142858,-0.9601498736716017,-0.2794856348516098
2025-09-16,0.65,8.566,0.0,0,2.2582151452581054,0.65,2.2582151452581054,0.8,2.8027541365715076,0.0,1.3999999999999821,0.19999999999999746,0.0,0.0,0.7000000000000001,10.874000000000008,0.7557142857142857,13.454285714285716,-0.9648061359537644,-0.2629622026565152
2025-09-17,0.65,8.566,0.0,0,2.2582151452581054,0.65,2.2582151452581054,0.65,2.2582151452581054,0.0,0.39999999999998226,0.05714285714285461,0.0,0.0,0.65,8.566,0.7342857142857143,12.465142857142855,-0.9691780654392534,-0.24636127429331536
2025-09-18,0.65,8.566,0.0,0,2.2582151452581054,0.65,2.2582151452581054,0.65,2.2582151452581054,0.0,0.0,0.0,0.0,0.0,0.65,8.566,0.7142857142857143,11.549571428571427,-0.9732643737003823,-0.2296877421317963
2025-09-19,0.65,8.566,4.8,0,2.2582151452581054,0.65,2.2582151452581054,0.65,2.2582151452581054,4.800000000000002,4.799999999999982,0.6857142857142832,0.0,0.0,0.65,8.566,0.6914285714285714,10.470714285714283,-0.9770638564833508,-0.21294651993841573
2025-09-20,0.63,7.856,12.0,0,2.1810951954063356,0.65,2.2582151452581054,0.65,2.2582151452581054,16.8,16.799999999999983,2.3999999999999977,-0.020000000000000018,-0.7100000000000009,0.6433333333333334,8.32933333333334,0.6685714285714287,9.453714285714284,-0.9805753940631429,-0.19614254142819712
2025-09-21,0.63,7.856,1.2,0,2.1810951954063356,0.63,2.1810951954063356,0.65,2.2582151452581054,18.0,17.999999999999982,2.571428571428569,0.0,0.0,0.6366666666666667,8.092666666666673,0.6442857142857142,8.363142857142858,-0.9837979515735163,-0.1792807588107359
2025-09-22,0.63,7.856,7.8,0,2.1810951954063356,0.63,2.1810951954063356,0.63,2.1810951954063356,21.0,25.799999999999983,3.6857142857142833,0.0,0.0,0.63,7.856,0.6414285714285715,8.261714285714286,-0.9867305793119814,-0.16236614133076413
2025-09-23,0.61,7.146,4.8,0,2.097527009226221,0.63,2.1810951954063356,0.63,2.1810951954063356,13.8,30.599999999999984,4.371428571428569,-0.020000000000000018,-0.71,0.6233333333333334,7.619333333333341,0.6357142857142858,8.058857142857141,-0.9893724130196829,-0.14540367380369032
2025-09-24,0.58,6.197,0.0,0,1.9736642725256672,0.61,2.097527009226221,0.63,2.1810951954063356,12.600000000000001,30.599999999999984,4.371428571428569,-0.030000000000000027,-0.9489999999999998,0.6066666666666667,7.06633333333334,0.6257142857142857,7.72042857142857,-0.9917226741361014,-0.12839835514655154
2025-09-25,0.65,8.566,0.0,0,2.2582151452581054,0.58,1.9736642725256672,0.61,2.097527009226221,4.8,30.599999999999984,4.371428571428569,0.07000000000000006,2.3690000000000007,0.6133333333333333,7.303000000000007,0.6257142857142857,7.72042857142857,-0.9937806700284985,-0.11135519690480865
2025-09-26,0.58,6.197,0.0,0,1.9736642725256672,0.65,2.2582151452581054,0.58,1.9736642725256672,0.0,25.799999999999983,3.6857142857142833,-0.07000000000000006,-2.3690000000000007,0.6033333333333334,6.986666666666674,0.6157142857142857,7.381999999999999,-0.9955457941960382,-0.09427922177542443
2025-09-27,0.58,6.197,0.0,0,1.9736642725256672,0.58,1.9736642725256672,0.65,2.2582151452581054,0.0,13.799999999999983,1.971428571428569,0.0,0.0,0.6033333333333334,6.986666666666674,0.6085714285714285,7.144999999999999,-0.9970175264485267,-0.07717546212664643
2025-09-28,0.58,6.197,0.0,0,1.9736642725256672,0.58,1.9736642725256672,0.58,1.9736642725256672,0.0,12.599999999999984,1.7999999999999976,0.0,0.0,0.58,6.197,0.6014285714285714,6.9079999999999995,-0.998195433059714,-0.06004895851494849
2025-09-29,0.58,6.197,0.2,0,1.9736642725256672,0.58,1.9736642725256672,0.58,1.9736642725256672,0.2,4.999999999999982,0.7142857142857117,0.0,0.0,0.58,6.197,0.5942857142857143,6.670999999999999,-0.9990791668951153,-0.04290475819955383
2025-09-30,0.58,6.197,0.0,0,1.9736642725256672,0.58,1.9736642725256672,0.58,1.9736642725256672,0.2,0.19999999999998225,0.028571428571426034,0.0,0.0,0.58,6.197,0.59,6.535428571428571,-0.9996684675143132,-0.025747913654988113
2025-10-01,0.58,6.197,0.0,0,1.9736642725256672,0.58,1.9736642725256672,0.58,1.9736642725256672,0.2,0.19999999999998225,0.028571428571426034,0.0,0.0,0.58,6.197,0.59,6.53542857142857,-0.9999631612477099,-0.008583481082086734
2025-10-02,0.58,6.197,0.0,0,1.9736642725256672,0.58,1.9736642725256672,0.58,1.9736642725256672,0.0,0.19999999999998225,0.028571428571426034,0.0,0.0,0.58,6.197,0.58,6.197,-0.9999631612477099,0.008583481082087254
2025-10-03,0.58,6.197,0.0,0,1.9736642725256672,0.58,1.9736642725256672,0.58,1.9736642725256672,0.0,0.19999999999998225,0.028571428571426034,0.0,0.0,0.58,6.197,0.58,6.197,-0.999668467514313,0.025747913654988634
2025-10-04,0.58,6.197,0.2,0,1.9736642725256672,0.58,1.9736642725256672,0.58,1.9736642725256672,0.2,0.39999999999998226,0.05714285714285461,0.0,0.0,0.58,6.197,0.58,6.197,-0.9990791668951153,0.04290475819955435
2025-10-05,0.58,6.197,0.6,0,1.9736642725256672,0.58,1.9736642725256672,0.58,1.9736642725256672,0.8,0.9999999999999822,0.14285714285714032,0.0,0.0,0.58,6.197,0.58,6.197,-0.998195433059714,0.06004895851494813
2025-10-06,0.58,6.197,0.0,0,1.9736642725256672,0.58,1.9736642725256672,0.58,1.9736642725256672,0.7999999999999999,0.7999999999999823,0.11428571428571176,0.0,0.0,0.58,6.197,0.58,6.197,-0.9970175264485267,0.07717546212664607
2025-10-07,0.58,6.197,0.0,0,1.9736642725256672,0.58,1.9736642725256672,0.58,1.9736642725256672,0.5999999999999999,0.7999999999999823,0.11428571428571176,0.0,0.0,0.58,6.197,0.58,6.197,-0.9955457941960382,0.09427922177542405
2025-10-08,0.59,6.494,0.2,0,2.0141027003714957,0.58,1.9736642725256672,0.58,1.9736642725256672,0.2,0.9999999999999822,0.14285714285714032,0.010000000000000009,0.2969999999999997,0.5833333333333333,6.2960000000000065,0.5814285714285715,6.2394285714285695,-0.9937806700284985,0.11135519690480827
2025-10-09,0.65,8.566,0.0,0,2.2582151452581054,0.59,2.0141027003714957,0.58,1.9736642725256672,0.2,0.9999999999999822,0.14285714285714032,0.06000000000000005,2.072000000000001,0.6066666666666666,7.0856666666666746,0.5914285714285714,6.577857142857142,-0.9917226741361016,0.1283983551465503
2025-10-10,0.64,8.211,0.0,0,2.2203984220060984,0.65,2.2582151452581054,0.59,2.0141027003714957,0.2,0.9999999999999822,0.14285714285714032,-0.010000000000000009,-0.3550000000000004,0.6266666666666666,7.757000000000008,0.5999999999999999,6.865571428571427,-0.9893724130196829,0.14540367380368996
2025-10-11,0.64,8.211,0.0,0,2.2203984220060984,0.64,2.2203984220060984,0.65,2.2582151452581054,0.0,0.7999999999999823,0.11428571428571176,0.0,0.0,0.6433333333333334,8.32933333333334,0.6085714285714285,7.153285714285714,-0.9867305793119814,0.16236614133076377
2025-10-12,0.64,8.211,0.0,0,2.2203984220060984,0.64,2.2203984220060984,0.64,2.2203984220060984,0.0,0.19999999999998225,0.028571428571426034,0.0,0.0,0.64,8.211,0.6171428571428572,7.441,-0.9837979515735163,0.17928075881073555
2025-10-13,0.64,8.211,0.0,0,2.2203984220060984,0.64,2.2203984220060984,0.64,2.2203984220060984,0.0,0.19999999999998225,0.028571428571426034,0.0,0.0,0.64,8.211,0.6257142857142857,7.728714285714284,-0.980575394063143,0.19614254142819676
2025-10-14,0.64,8.211,0.0,0,2.2203984220060984,0.64,2.2203984220060984,0.64,2.2203984220060984,0.0,0.19999999999998225,0.028571428571426034,0.0,0.0,0.64,8.211,0.6342857142857142,8.016428571428571,-0.9770638564833509,0.21294651993841537
2025-10-15,0.64,8.211,0.2,0,2.2203984220060984,0.64,2.2203984220060984,0.64,2.2203984220060984,0.2,0.19999999999998225,0.028571428571426034,0.0,0.0,0.64,8.211,0.6414285714285715,8.261714285714286,-0.9732643737003827,0.22968774213179508
2025-10-16,0.64,8.211,0.2,0,2.2203984220060984,0.64,2.2203984220060984,0.64,2.2203984220060984,0.4,0.39999999999998226,0.05714285714285461,0.0,0.0,0.64,8.211,0.64,8.211,-0.9691780654392538,0.24636127429331414
2025-10-17,0.64,8.211,0.0,0,2.2203984220060984,0.64,2.2203984220060984,0.64,2.2203984220060984,0.4,0.39999999999998226,0.05714285714285461,0.0,0.0,0.64,8.211,0.64,8.211,-0.9648061359537647,0.262962202656514
2025-10-18,0.64,8.211,0.0,0,2.2203984220060984,0.64,2.2203984220060984,0.64,2.2203984220060984,0.2,0.39999999999998226,0.05714285714285461,0.0,0.0,0.64,8.211,0.64,8.211,-0.9601498736716018,0.2794856348516095
2025-10-19,0.64,8.211,2.0,0,2.2203984220060984,0.64,2.2203984220060984,0.64,2.2203984220060984,2.0,2.399999999999982,0.3428571428571403,0.0,0.0,0.64,8.211,0.64,8.211,-0.9552106508146317,0.2959267013472893
2025-10-20,0.64,8.211,0.0,0,2.2203984220060984,0.64,2.2203984220060984,0.64,2.2203984220060984,2.0,2.399999999999982,0.3428571428571403,0.0,0.0,0.64,8.211,0.64,8.211,-0.9499899229945011,0.3122805568857945
2025-10-21,0.61,7.146,0.6,0,2.097527009226221,0.64,2.2203984220060984,0.64,2.2203984220060984,2.6,2.9999999999999822,0.42857142857142605,-0.030000000000000027,-1.0650000000000004,0.63,7.856000000000008,0.6357142857142858,8.058857142857143,-0.9444892287836614,0.3285423819108344
2025-10-22,0.61,7.146,6.0,0,2.097527009226221,0.61,2.097527009226221,0.64,2.2203984220060984,6.6,8.799999999999983,1.2571428571428547,0.0,0.0,0.62,7.501000000000007,0.6314285714285715,7.906714285714285,-0.938710189261944,0.3447073839879342
2025-10-23,0.61,7.146,0.0,0,2.097527009226221,0.61,2.097527009226221,0.61,2.097527009226221,6.6,8.599999999999984,1.2285714285714262,0.0,0.0,0.61,7.146,0.6271428571428572,7.754571428571427,-0.9326545075388223,0.3607707992167836
2025-10-24,0.67,9.275,0.0,0,2.3297137603822984,0.61,2.097527009226221,0.61,2.097527009226221,6.0,8.599999999999984,1.2285714285714262,0.06000000000000005,2.1290000000000004,0.63,7.855666666666674,0.6314285714285715,7.906571428571427,-0.9263239682514949,0.3767278936351853
2025-10-25,0.67,9.275,0.2,0,2.3297137603822984,0.67,2.3297137603822984,0.61,2.097527009226221,0.2,8.799999999999983,1.2571428571428547,0.0,0.0,0.65,8.56533333333334,0.6357142857142858,8.058571428571428,-0.9197204370389466,0.3925739646141719
2025-10-26,0.67,9.275,0.6,0,2.3297137603822984,0.67,2.3297137603822984,0.67,2.3297137603822984,0.8,7.399999999999983,1.0571428571428547,0.0,0.0,0.67,9.275,0.64,8.210571428571429,-0.9128458599921356,0.40830434224389334
2025-10-27,0.67,9.275,0.0,0,2.3297137603822984,0.67,2.3297137603822984,0.67,2.3297137603822984,0.7999999999999999,7.399999999999983,1.0571428571428547,0.0,0.0,0.67,9.275,0.6442857142857144,8.362571428571426,-0.9057022630804715,0.42391439070986053
2025-10-28,0.61,7.146,0.0,0,2.097527009226221,0.67,2.3297137603822984,0.67,2.3297137603822984,0.5999999999999999,6.799999999999982,0.9714285714285689,-0.06000000000000005,-2.1290000000000004,0.65,8.56533333333334,0.6442857142857142,8.362571428571426,-0.898291751554753,0.4393995096591413
2025-10-29,0.61,7.146,0.4,0,2.097527009226221,0.61,2.097527009226221,0.67,2.3297137603822984,0.4,1.1999999999999824,0.1714285714285689,0.0,0.0,0.63,7.855666666666674,0.6442857142857142,8.362571428571428,-0.8906165093267406,0.4547551355561054
2025-10-30,0.61,7.146,0.2,0,2.097527009226221,0.61,2.097527009226221,0.61,2.097527009226221,0.6000000000000001,1.3999999999999824,0.19999999999999749,0.0,0.0,0.61,7.146,0.6442857142857142,8.362571428571428,-0.8826787983255476,0.46997674302731957
2025-10-31,0.62,7.501,9.8,0,2.140183803635222,0.61,2.097527009226221,0.61,2.097527009226221,10.4,11.199999999999983,1.5999999999999976,0.010000000000000009,0.3550000000000004,0.6133333333333333,7.26433333333334,0.6371428571428571,8.109142857142855,-0.8744809578310401,0.4850598461951956
2025-11-01,0.61,7.146,0.0,0,2.097527009226221,0.62,2.140183803635222,0.61,2.097527009226221,10.0,10.999999999999984,1.5714285714285692,-0.010000000000000009,-0.3550000000000004,0.6133333333333334,7.26433333333334,0.6285714285714287,7.804999999999999,-0.8660254037844386,0.5000000000000001
2025-11-02,0.61,7.146,0.0,0,2.097527009226221,0.61,2.097527009226221,0.62,2.140183803635222,9.8,10.399999999999983,1.4857142857142833,0.0,0.0,0.6133333333333333,7.26433333333334,0.62,7.500857142857142,-0.8573146280763323,0.5147928015098306
2025-11-03,0.61,7.146,0.2,0,2.097527009226221,0.61,2.097527009226221,0.61,2.097527009226221,0.2,10.599999999999982,1.5142857142857118,0.0,0.0,0.61,7.146,0.6114285714285714,7.196714285714285,-0.848351197812304,0.5294338912181851
2025-11-04,0.61,7.146,0.0,0,2.097527009226221,0.61,2.097527009226221,0.61,2.097527009226221,0.2,10.599999999999982,1.5142857142857118,0.0,0.0,0.61,7.146,0.6114285714285713,7.196714285714285,-0.8391377545563939,0.5439189543287245
2025-11-05,0.61,7.146,2.0,0,2.097527009226221,0.61,2.097527009226221,0.61,2.097527009226221,2.2,12.199999999999985,1.7428571428571407,0.0,0.0,0.61,7.146,0.6114285714285713,7.196714285714285,-0.8296770135526191,0.5582437220268645
2025-11-06,0.61,7.146,1.0,0,2.097527009226221,0.61,2.097527009226221,0.61,2.097527009226221,3.0,12.999999999999982,1.8571428571428545,0.0,0.0,0.61,7.146,0.6114285714285714,7.196714285714285,-0.8199717629247775,0.5724039727378144
2025-11-07,0.61,7.146,7.2,0,2.097527009226221,0.61,2.097527009226221,0.61,2.097527009226221,10.2,10.399999999999983,1.4857142857142833,0.0,0.0,0.61,7.146,0.61,7.146,-0.8100248628547756,0.5863955333706952
2025-11-08,0.61,7.146,0.0,0,2.097527009226221,0.61,2.097527009226221,0.61,2.097527009226221,8.2,10.399999999999983,1.4857142857142833,0.0,0.0,0.61,7.146,0.61,7.146,-0.7998392447397198,0.6002142805483676
2025-11-09,0.61,7.146,0.2,0,2.097527009226221,0.61,2.097527009226221,0.61,2.097527009226221,7.4,10.599999999999982,1.5142857142857118,0.0,0.0,0.61,7.146,0.61,7.146,-0.7894179103280197,0.613856141822612
2025-11-10,0.61,7.146,0.0,0,2.097527009226221,0.61,2.097527009226221,0.61,2.097527009226221,0.2,10.399999999999983,1.4857142857142833,0.0,0.0,0.61,7.146,0.61,7.146,-0.7787639308347607,0.6273170968742937
2025-11-11,0.61,7.146,0.0,0,2.097527009226221,0.61,2.097527009226221,0.61,2.097527009226221,0.2,10.399999999999983,1.4857142857142833,0.0,0.0,0.61,7.146,0.61,7.146,-0.7678804460366002,0.640593178698175
2025-11-12,0.58,6.197,0.0,0,1.9736642725256672,0.61,2.097527009226221,0.61,2.097527009226221,0.0,8.39999999999998,1.1999999999999973,-0.030000000000000027,-0.9489999999999998,0.6,6.8296666666666725,0.6057142857142858,7.01042857142857,-0.7567706633464628,0.6536804747720056
2025-11-13,0.58,6.197,19.0,0,1.9736642725256672,0.58,1.9736642725256672,0.61,2.097527009226221,19.0,26.39999999999998,3.7714285714285687,0.0,0.0,0.59,6.51333333333334,0.6014285714285714,6.874857142857141,-0.7454378568682999,0.6665751282095634
2025-11-14,0.58,6.197,4.0,0,1.9736642725256672,0.58,1.9736642725256672,0.58,1.9736642725256672,23.0,23.19999999999998,3.314285714285712,0.0,0.0,0.58,6.197,0.5971428571428571,6.739285714285714,-0.7338853664321989,0.6792733388972934
2025-11-15,0.58,6.197,6.4,0,1.9736642725256672,0.58,1.9736642725256672,0.58,1.9736642725256672,29.4,29.59999999999998,4.228571428571426,0.0,0.0,0.58,6.197,0.5928571428571427,6.603714285714284,-0.7221165966101161,0.6917713646142221
2025-11-16,0.58,6.197,0.0,0,1.9736642725256672,0.58,1.9736642725256672,0.58,1.9736642725256672,10.4,29.399999999999984,4.1999999999999975,0.0,0.0,0.58,6.197,0.5885714285714286,6.4681428571428565,-0.7101350157125358,0.7040655221348057
2025-11-17,0.58,6.197,1.4,0,1.9736642725256672,0.58,1.9736642725256672,0.58,1.9736642725256672,7.800000000000001,30.799999999999983,4.399999999999998,0.0,0.0,0.58,6.197,0.5842857142857143,6.332571428571428,-0.6979441547663436,0.7161521883143932
2025-11-18,0.58,6.197,0.2,0,1.9736642725256672,0.58,1.9736642725256672,0.58,1.9736642725256672,1.5999999999999999,30.999999999999982,4.428571428571426,0.0,0.0,0.58,6.197,0.58,6.197,-0.6855476064742156,0.7280278011569846
2025-11-19,0.58,6.197,12.2,0,1.9736642725256672,0.58,1.9736642725256672,0.58,1.9736642725256672,13.799999999999999,43.19999999999998,6.171428571428569,0.0,0.0,0.58,6.197,0.58,6.197,-0.6729490241558331,0.7396888608649665
2025-11-20,0.58,6.197,12.4,0,1.9736642725256672,0.58,1.9736642725256672,0.58,1.9736642725256672,24.799999999999997,36.59999999999998,5.228571428571426,0.0,0.0,0.58,6.197,0.58,6.197,-0.6601521206712321,0.7511319308705195
2025-11-21,0.59,6.494,11.6,0,2.0141027003714957,0.58,1.9736642725256672,0.58,1.9736642725256672,36.2,44.19999999999998,6.314285714285711,0.010000000000000009,0.2969999999999997,0.5833333333333333,6.2960000000000065,0.5814285714285713,6.2394285714285695,-0.6471606673266065,0.7623536388483899
2025-11-22,0.27,1.557,17.8,0,0.9388346963090496,0.59,2.0141027003714957,0.58,1.9736642725256672,41.8,55.59999999999998,7.94285714285714,-0.31999999999999995,-4.936999999999999,0.48,4.7493333333333405,0.5371428571428571,5.576571428571428,-0.6339784927628872,0.7733506777097294
2025-11-23,0.27,1.557,0.8,0,0.9388346963090496,0.27,0.9388346963090496,0.59,2.0141027003714957,30.200000000000003,56.399999999999984,8.057142857142855,0.0,0.0,0.37666666666666665,3.202666666666674,0.4928571428571429,4.913714285714285,-0.6206094818274227,0.7841198065767104
2025-11-24,0.28,1.651,13.8,0,0.9749369273068885,0.27,0.9388346963090496,0.27,0.9388346963090496,32.400000000000006,68.79999999999998,9.828571428571426,0.010000000000000009,0.09400000000000008,0.2733333333333334,1.5883333333333403,0.45,4.264285714285713,-0.607057574429101,0.7946578517376245
2025-11-25,0.28,1.651,20.8,0,0.9749369273068885,0.28,0.9749369273068885,0.27,0.9388346963090496,35.400000000000006,89.39999999999998,12.771428571428569,0.0,0.0,0.27666666666666667,1.6196666666666737,0.4071428571428571,3.6148571428571414,-0.5933267643772321,0.8049617075821958
2025-11-26,0.28,1.651,4.0,0,0.9749369273068885,0.28,0.9749369273068885,0.28,0.9749369273068885,38.60000000000001,81.19999999999999,11.599999999999998,0.0,0.0,0.28,1.651,0.36428571428571427,2.9654285714285704,-0.5794210982045647,0.8150283375168107
2025-11-27,0.28,1.651,0.2,0,0.9749369273068885,0.28,0.9749369273068885,0.28,0.9749369273068885,25.0,68.99999999999999,9.857142857142856,0.0,0.0,0.28,1.651,0.32142857142857145,2.315999999999999,-0.5653446739747432,0.8248547748594242
2025-11-28,0.28,1.651,0.0,0,0.9749369273068885,0.28,0.9749369273068885,0.28,0.9749369273068885,4.2,57.399999999999984,8.199999999999998,0.0,0.0,0.28,1.651,0.2771428571428572,1.624142857142856,-0.5511016400745998,0.8344381237138475
2025-11-29,0.28,1.651,5.6,0,0.9749369273068885,0.28,0.9749369273068885,0.28,0.9749369273068885,5.8,45.19999999999998,6.457142857142855,0.0,0.0,0.28,1.651,0.2785714285714286,1.6375714285714273,-0.5366961939916011,0.8437755598231853
2025-11-30,0.28,1.651,1.0,0,0.9749369273068885,0.28,0.9749369273068885,0.28,0.9749369273068885,6.6,45.399999999999984,6.485714285714283,0.0,0.0,0.28,1.651,0.28,1.651,-0.5221325810768248,0.8528643314021598
2025-12-01,0.28,1.651,2.4,0,0.9749369273068885,0.28,0.9749369273068885,0.28,0.9749369273068885,9.0,33.999999999999986,4.857142857142855,0.0,0.0,0.28,1.651,0.28,1.651,-0.5074150932938463,0.8617017599480677
2025-12-02,0.28,1.651,0.2,0,0.9749369273068885,0.28,0.9749369273068885,0.28,0.9749369273068885,3.6,13.399999999999983,1.9142857142857117,0.0,0.0,0.28,1.651,0.28,1.651,-0.4925480679538645,0.8702852410301551
2025-12-03,0.28,1.651,0.0,0,0.9749369273068885,0.28,0.9749369273068885,0.28,0.9749369273068885,2.6,9.399999999999983,1.3428571428571403,0.0,0.0,0.28,1.651,0.28,1.651,-0.47753588643748845,0.8786122450571482
2025-12-04,0.28,1.651,12.2,0,0.9749369273068885,0.28,0.9749369273068885,0.28,0.9749369273068885,12.399999999999999,21.399999999999984,3.0571428571428547,0.0,0.0,0.28,1.651,0.28,1.651,-0.4623829729035152,0.8866803180227398
2025-12-05,0.28,1.651,0.2,0,0.9749369273068885,0.28,0.9749369273068885,0.28,0.9749369273068885,12.399999999999999,21.599999999999984,3.085714285714283,0.0,0.0,0.28,1.651,0.28,1.651,-0.44709379298511437,0.8944870822287954
2025-12-06,0.28,1.651,0.0,0,0.9749369273068885,0.28,0.9749369273068885,0.28,0.9749369273068885,12.399999999999999,15.99999999999998,2.285714285714283,0.0,0.0,0.28,1.651,0.28,1.651,-0.43167285247378356,0.9020302369860709
2025-12-07,0.28,1.651,0.0,0,0.9749369273068885,0.28,0.9749369273068885,0.28,0.9749369273068885,0.2,14.999999999999982,2.14285714285714,0.0,0.0,0.28,1.651,0.28,1.651,-0.4161246959914751,0.9093075592922355
2025-12-08,0.28,1.651,0.0,0,0.9749369273068885,0.28,0.9749369273068885,0.28,0.9749369273068885,0.0,12.599999999999982,1.7999999999999974,0.0,0.0,0.28,1.651,0.28,1.651,-0.4004539056512665,0.9163169044870048
2025-12-09,0.28,1.651,0.0,0,0.9749369273068885,0.28,0.9749369273068885,0.28,0.9749369273068885,0.0,12.39999999999998,1.7714285714285687,0.0,0.0,0.28,1.651,0.28,1.651,-0.3846650997070013,0.923056206884176
2025-12-10,0.28,1.651,0.6,0,0.9749369273068885,0.28,0.9749369273068885,0.28,0.9749369273068885,0.6,12.999999999999982,1.8571428571428545,0.0,0.0,0.28,1.651,0.28,1.651,-0.3687629311922604,0.9295234803804002
2025-12-11,0.28,1.651,0.0,0,0.9749369273068885,0.28,0.9749369273068885,0.28,0.9749369273068885,0.6,0.7999999999999823,0.11428571428571176,0.0,0.0,0.28,1.651,0.28,1.651,-0.3527520865490943,0.9357168190404939
2025-12-12,0.28,1.651,0.8,0,0.9749369273068885,0.28,0.9749369273068885,0.28,0.9749369273068885,1.4,1.3999999999999824,0.19999999999999749,0.0,0.0,0.28,1.651,0.28,1.651,-0.3366372842469107,0.9416343976591258
2025-12-13,0.28,1.651,0.0,0,0.9749369273068885,0.28,0.9749369273068885,0.28,0.9749369273068885,0.8,1.3999999999999824,0.19999999999999749,0.0,0.0,0.28,1.651,0.28,1.651,-0.3204232733919109,0.947274472298717
2025-12-14,0.28,1.651,0.0,0,0.9749369273068885,0.28,0.9749369273068885,0.28,0.9749369273068885,0.8,1.3999999999999824,0.19999999999999749,0.0,0.0,0.28,1.651,0.28,1.651,-0.30411483232751857,0.9526353808033823
2025-12-15,0.28,1.651,0.4,0,0.9749369273068885,0.28,0.9749369273068885,0.28,0.9749369273068885,0.4,1.7999999999999825,0.2571428571428546,0.0,0.0,0.28,1.651,0.28,1.651,-0.28771676722616696,0.9577155432887803
2025-12-16,0.28,1.651,1.2,0,0.9749369273068885,0.28,0.9749369273068885,0.28,0.9749369273068885,1.6,2.9999999999999822,0.42857142857142605,0.0,0.0,0.28,1.651,0.28,1.651,-0.27123391067291097,0.9625134626077079
2025-12-17,0.28,1.651,0.0,0,0.9749369273068885,0.28,0.9749369273068885,0.28,0.9749369273068885,1.5999999999999999,2.399999999999982,0.3428571428571403,0.0,0.0,0.28,1.651,0.28,1.651,-0.25467112024122895,0.9670277247913203
2025-12-18,0.28,1.651,3.2,0,0.9749369273068885,0.28,0.9749369273068885,0.28,0.9749369273068885,4.4,5.599999999999982,0.7999999999999974,0.0,0.0,0.28,1.651,0.28,1.651,-0.23803327706148678,0.9712569994658311
2025-12-19,0.28,1.651,10.6,0,0.9749369273068885,0.28,0.9749369273068885,0.28,0.9749369273068885,13.8,15.39999999999998,2.199999999999997,0.0,0.0,0.28,1.651,0.28,1.651,-0.22132528438243296,0.9752000402445824
2025-12-20,0.28,1.651,6.2,0,0.9749369273068885,0.28,0.9749369273068885,0.28,0.9749369273068885,20.0,21.599999999999984,3.085714285714283,0.0,0.0,0.28,1.651,0.28,1.651,-0.2045520661262005,0.9788556850953579
2025-12-21,0.28,1.651,3.0,0,0.9749369273068885,0.28,0.9749369273068885,0.28,0.9749369273068885,19.8,24.599999999999984,3.514285714285712,0.0,0.0,0.28,1.651,0.28,1.651,-0.1877185654371994,0.9822228566828405
2025-12-22,0.28,1.651,0.0,0,0.9749369273068885,0.28,0.9749369273068885,0.28,0.9749369273068885,9.2,24.199999999999985,3.457142857142855,0.0,0.0,0.28,1.651,0.28,1.651,-0.17082974322534408,0.985300562686109
2025-12-23,0.28,1.651,1.2,0,0.9749369273068885,0.28,0.9749369273068885,0.28,0.9749369273068885,4.2,24.19999999999998,3.4571428571428546,0.0,0.0,0.28,1.651,0.28,1.651,-0.1538905767040627,0.9880878960910771
2025-12-24,0.28,1.651,2.0,0,0.9749369273068885,0.28,0.9749369273068885,0.28,0.9749369273068885,3.2,26.19999999999998,3.74285714285714,0.0,0.0,0.28,1.651,0.28,1.651,-0.1369060579234754,0.9905840354577969
2025-12-25,0.28,1.651,0.4,0,0.9749369273068885,0.28,0.9749369273068885,0.28,0.9749369273068885,3.6,23.39999999999998,3.3428571428571403,0.0,0.0,0.28,1.651,0.28,1.651,-0.1198811922992275,0.99278824516254
2025-12-26,0.28,1.651,2.4,0,0.9749369273068885,0.28,0.9749369273068885,0.28,0.9749369273068885,4.800000000000001,15.199999999999982,2.1714285714285686,0.0,0.0,0.28,1.651,0.28,1.651,-0.1028209971373608,0.9946998756145891
2025-12-27,0.28,1.651,0.2,0,0.9749369273068885,0.28,0.9749369273068885,0.28,0.9749369273068885,3.0000000000000004,9.199999999999983,1.3142857142857118,0.0,0.0,0.28,1.651,0.28,1.651,-0.08573050015569487,0.9963183634476755
2025-12-28,0.28,1.651,0.0,0,0.9749369273068885,0.28,0.9749369273068885,0.28,0.9749369273068885,2.6000000000000005,6.199999999999982,0.8857142857142832,0.0,0.0,0.28,1.651,0.28,1.651,-0.06861473800213468,0.9976432316860063
2025-12-29,0.28,1.651,0.0,0,0.9749369273068885,0.28,0.9749369273068885,0.28,0.9749369273068885,0.20000000000000046,6.199999999999982,0.8857142857142832,0.0,0.0,0.28,1.651,0.28,1.651,-0.05147875477034641,0.9986740898848305
2025-12-30,0.28,1.651,0.0,0,0.9749369273068885,0.28,0.9749369273068885,0.28,0.9749369273068885,0.0,4.999999999999982,0.7142857142857117,0.0,0.0,0.28,1.651,0.28,1.651,-0.034327600513243496,0.9994106342455052
2025-12-31,0.28,1.651,0.0,0,0.9749369273068885,0.28,0.9749369273068885,0.28,0.9749369273068885,0.0,2.9999999999999822,0.42857142857142605,0.0,0.0,0.28,1.651,0.28,1.651,-0.017166329754707492,0.9998526477050269
2026-01-01,0.28,1.651,0.4,0,0.9749369273068885,0.28,0.9749369273068885,0.28,0.9749369273068885,0.40000000000000047,2.9999999999999822,0.42857142857142605,0.0,0.0,0.28,1.651,0.28,1.651,0.01716632975470737,0.9998526477050269
2026-01-02,0.28,1.651,2.8,0,0.9749369273068885,0.28,0.9749369273068885,0.28,0.9749369273068885,3.2,3.399999999999982,0.48571428571428316,0.0,0.0,0.28,1.651,0.28,1.651,0.034327600513243496,0.9994106342455052
2026-01-03,0.28,1.651,1.0,0,0.9749369273068885,0.28,0.9749369273068885,0.28,0.9749369273068885,4.2,4.1999999999999815,0.5999999999999973,0.0,0.0,0.28,1.651,0.28,1.651,0.05147875477034653,0.9986740898848305
2026-01-04,0.28,1.651,0.4,0,0.9749369273068885,0.28,0.9749369273068885,0.28,0.9749369273068885,4.2,4.599999999999982,0.6571428571428546,0.0,0.0,0.28,1.651,0.28,1.651,0.06861473800213404,0.9976432316860063
2026-01-05,0.28,1.651,0.0,0,0.9749369273068885,0.28,0.9749369273068885,0.28,0.9749369273068885,1.4000000000000004,4.599999999999982,0.6571428571428546,0.0,0.0,0.28,1.651,0.28,1.651,0.08573050015569435,0.9963183634476755
2026-01-06,0.28,1.651,0.8,0,0.9749369273068885,0.28,0.9749369273068885,0.28,0.9749369273068885,1.2000000000000006,5.399999999999982,0.7714285714285688,0.0,0.0,0.28,1.651,0.28,1.651,0.1028209971373604,0.9946998756145891
2026-01-07,0.28,1.651,3.8,0,0.9749369273068885,0.28,0.9749369273068885,0.28,0.9749369273068885,4.6000000000000005,9.199999999999982,1.3142857142857116,0.0,0.0,0.28,1.651,0.28,1.651,0.11988119229922722,0.99278824516254
2026-01-08,0.28,1.651,0.4,0,0.9749369273068885,0.28,0.9749369273068885,0.28,0.9749369273068885,5.000000000000001,9.199999999999982,1.3142857142857116,0.0,0.0,0.28,1.651,0.28,1.651,0.13690605792347524,0.990584035457797
2026-01-09,0.28,1.651,0.0,0,0.9749369273068885,0.28,0.9749369273068885,0.28,0.9749369273068885,4.200000000000001,6.399999999999983,0.9142857142857118,0.0,0.0,0.28,1.651,0.28,1.651,0.15389057670406178,0.9880878960910772
2026-01-10,0.28,1.651,0.0,0,0.9749369273068885,0.28,0.9749369273068885,0.28,0.9749369273068885,0.4000000000000009,5.399999999999983,0.7714285714285689,0.0,0.0,0.28,1.651,0.28,1.651,0.17082974322534417,0.985300562686109
2026-01-11,0.28,1.651,0.0,0,0.9749369273068885,0.28,0.9749369273068885,0.28,0.9749369273068885,0.0,4.999999999999982,0.7142857142857117,0.0,0.0,0.28,1.651,0.28,1.651,0.1877185654371987,0.9822228566828407
2026-01-12,0.28,1.651,0.0,0,0.9749369273068885,0.28,0.9749369273068885,0.28,0.9749369273068885,0.0,4.999999999999982,0.7142857142857117,0.0,0.0,0.28,1.651,0.28,1.651,0.2045520661262008,0.9788556850953578
2026-01-13,0.67,9.275,0.2,0,2.3297137603822984,0.28,0.9749369273068885,0.28,0.9749369273068885,0.2000000000000009,4.399999999999983,0.6285714285714261,0.39,7.6240000000000006,0.41,4.19233333333334,0.33571428571428574,2.7401428571428563,0.22132528438243257,0.9752000402445825
2026-01-14,0.26,1.463,0.0,0,0.9013801191384009,0.67,2.3297137603822984,0.28,0.9749369273068885,0.2000000000000009,0.5999999999999823,0.08571428571428319,-0.41000000000000003,-7.812,0.4033333333333333,4.129666666666673,0.3328571428571429,2.7132857142857136,0.2380332770614856,0.9712569994658314
2026-01-15,0.26,1.463,0.2,0,0.9013801191384009,0.26,0.9013801191384009,0.67,2.3297137603822984,0.4000000000000009,0.39999999999998226,0.05714285714285461,0.0,0.0,0.39666666666666667,4.067000000000007,0.33,2.6864285714285705,0.2546711202412287,0.9670277247913204
2026-01-16,0.23,1.182,2.2,0,0.7802418874108791,0.26,0.9013801191384009,0.26,0.9013801191384009,2.4000000000000012,2.5999999999999823,0.3714285714285689,-0.03,-0.28100000000000014,0.25,1.3693333333333406,0.3228571428571429,2.6194285714285708,0.27123391067291003,0.9625134626077081
2026-01-17,0.23,1.182,7.0,0,0.7802418874108791,0.23,0.7802418874108791,0.26,0.9013801191384009,9.400000000000002,9.599999999999982,1.3714285714285688,0.0,0.0,0.24,1.2756666666666738,0.3157142857142857,2.5524285714285706,0.287716767226167,0.9577155432887803
2026-01-18,0.23,1.182,0.4,0,0.7802418874108791,0.23,0.7802418874108791,0.23,0.7802418874108791,9.600000000000001,9.999999999999982,1.428571428571426,0.0,0.0,0.23,1.182,0.3085714285714286,2.485428571428571,0.30411483232751785,0.9526353808033826
2026-01-19,0.24,1.276,0.0,0,0.8224195162640845,0.23,0.7802418874108791,0.23,0.7802418874108791,7.400000000000001,9.999999999999982,1.428571428571426,0.009999999999999981,0.09400000000000008,0.23333333333333336,1.2133333333333403,0.3028571428571429,2.4318571428571416,0.3204232733919111,0.9472744722987169
2026-01-20,0.24,1.276,0.2,0,0.8224195162640845,0.24,0.8224195162640845,0.23,0.7802418874108791,0.600000000000001,9.999999999999982,1.428571428571426,0.0,0.0,0.23666666666666666,1.2446666666666737,0.24142857142857146,1.2891428571428563,0.33663728424691025,0.9416343976591259
2026-01-21,0.24,1.276,7.4,0,0.8224195162640845,0.24,0.8224195162640845,0.24,0.8224195162640845,7.600000000000001,17.399999999999984,2.4857142857142835,0.0,0.0,0.24,1.276,0.2385714285714286,1.2624285714285703,0.3527520865490948,0.9357168190404936
2026-01-22,0.24,1.276,1.2,0,0.8224195162640845,0.24,0.8224195162640845,0.24,0.8224195162640845,8.8,18.399999999999984,2.6285714285714263,0.0,0.0,0.24,1.276,0.23571428571428574,1.2357142857142847,0.3687629311922601,0.9295234803804003
2026-01-23,0.24,1.276,0.0,0,0.8224195162640845,0.24,0.8224195162640845,0.24,0.8224195162640845,8.600000000000001,16.19999999999998,2.314285714285712,0.0,0.0,0.24,1.276,0.23714285714285713,1.249142857142856,0.3846650997070012,0.9230562068841761
2026-01-24,0.23,1.182,0.4,0,0.7802418874108791,0.24,0.8224195162640845,0.24,0.8224195162640845,1.600000000000001,9.599999999999982,1.3714285714285688,-0.009999999999999981,-0.09400000000000008,0.23666666666666666,1.2446666666666737,0.23714285714285713,1.249142857142856,0.40045390565126643,0.9163169044870048
2026-01-25,0.23,1.182,2.8,0,0.7802418874108791,0.23,0.7802418874108791,0.24,0.8224195162640845,3.200000000000001,11.999999999999982,1.7142857142857117,0.0,0.0,0.23333333333333336,1.2133333333333403,0.23714285714285713,1.249142857142856,0.41612469599147445,0.9093075592922358
2026-01-26,0.23,1.182,11.4,0,0.7802418874108791,0.23,0.7802418874108791,0.23,0.7802418874108791,14.600000000000001,23.399999999999984,3.3428571428571408,0.0,0.0,0.23,1.182,0.2357142857142857,1.2357142857142847,0.43167285247378384,0.9020302369860707
2026-01-27,0.24,1.276,1.4,0,0.8224195162640845,0.23,0.7802418874108791,0.23,0.7802418874108791,15.600000000000001,24.599999999999984,3.514285714285712,0.009999999999999981,0.09400000000000008,0.2333333333333333,1.2133333333333403,0.2357142857142857,1.2357142857142847,0.44709379298511387,0.8944870822287956
2026-01-28,0.23,1.182,4.0,0,0.7802418874108791,0.24,0.8224195162640845,0.23,0.7802418874108791,16.8,21.19999999999998,3.028571428571426,-0.009999999999999981,-0.09400000000000008,0.23333333333333336,1.2133333333333405,0.23428571428571426,1.2222857142857133,0.4623829729035149,0.88668031802274
2026-01-29,0.23,1.182,1.2,0,0.7802418874108791,0.23,0.7802418874108791,0.24,0.8224195162640845,6.600000000000001,21.19999999999998,3.028571428571426,0.0,0.0,0.2333333333333333,1.2133333333333405,0.23285714285714285,1.2088571428571417,0.47753588643748823,0.8786122450571483
2026-01-30,0.24,1.276,4.8,0,0.8224195162640845,0.23,0.7802418874108791,0.23,0.7802418874108791,10.0,25.999999999999982,3.7142857142857117,0.009999999999999981,0.09400000000000008,0.2333333333333333,1.2133333333333403,0.23285714285714285,1.2088571428571417,0.4925480679538643,0.8702852410301553
2026-01-31,0.24,1.276,0.6,0,0.8224195162640845,0.24,0.8224195162640845,0.23,0.7802418874108791,6.6000000000000005,26.19999999999998,3.74285714285714,0.0,0.0,0.23666666666666666,1.2446666666666737,0.2342857142857143,1.2222857142857133,0.5074150932938455,0.8617017599480682
2026-02-01,0.24,1.276,4.6,0,0.8224195162640845,0.24,0.8224195162640845,0.24,0.8224195162640845,10.0,27.999999999999982,3.9999999999999973,0.0,0.0,0.24,1.276,0.2357142857142857,1.2357142857142847,0.5221325810768248,0.8528643314021597
2026-02-02,0.24,1.276,4.2,0,0.8224195162640845,0.24,0.8224195162640845,0.24,0.8224195162640845,9.400000000000002,20.79999999999998,2.9714285714285684,0.0,0.0,0.24,1.276,0.23714285714285716,1.249142857142856,0.5366961939916004,0.8437755598231856
2026-02-03,0.24,1.276,1.8,0,0.8224195162640845,0.24,0.8224195162640845,0.24,0.8224195162640845,10.600000000000001,21.19999999999998,3.028571428571426,0.0,0.0,0.24,1.276,0.23714285714285716,1.249142857142856,0.5511016400746002,0.8344381237138473
2026-02-04,0.24,1.276,1.8,0,0.8224195162640845,0.24,0.8224195162640845,0.24,0.8224195162640845,7.8000000000000025,18.999999999999982,2.7142857142857117,0.0,0.0,0.24,1.276,0.23857142857142857,1.2625714285714278,0.5653446739747429,0.8248547748594244
2026-02-05,0.25,1.37,5.8,0,0.8628899551470398,0.24,0.8224195162640845,0.24,0.8224195162640845,9.400000000000002,23.59999999999998,3.3714285714285688,0.010000000000000009,0.09400000000000008,0.24333333333333332,1.3073333333333406,0.2414285714285714,1.2894285714285705,0.5794210982045637,0.8150283375168114
2026-02-06,0.24,1.276,0.6,0,0.8224195162640845,0.25,0.8628899551470398,0.24,0.8224195162640845,8.200000000000001,19.39999999999998,2.7714285714285687,-0.010000000000000009,-0.09400000000000008,0.24333333333333332,1.3073333333333403,0.2414285714285714,1.2894285714285705,0.593326764377232,0.8049617075821959
2026-02-07,0.2,0.9,1.6,0,0.6418538861723948,0.24,0.8224195162640845,0.25,0.8628899551470398,8.0,20.399999999999984,2.914285714285712,-0.03999999999999998,-0.376,0.22999999999999998,1.1820000000000073,0.23571428571428574,1.2357142857142847,0.6070575744291002,0.7946578517376252
2026-02-08,0.2,0.9,6.6,0,0.6418538861723948,0.2,0.6418538861723948,0.24,0.8224195162640845,8.8,22.39999999999998,3.199999999999997,0.0,0.0,0.21333333333333335,1.0253333333333405,0.23,1.181999999999999,0.6206094818274227,0.7841198065767104
2026-02-09,0.21,0.994,3.8,0,0.6901426715396466,0.2,0.6418538861723948,0.2,0.6418538861723948,12.000000000000002,21.999999999999982,3.14285714285714,0.009999999999999981,0.09399999999999997,0.20333333333333334,0.9313333333333405,0.22571428571428573,1.1417142857142848,0.6339784927628866,0.7733506777097299
2026-02-10,0.21,0.994,0.6,0,0.6901426715396466,0.21,0.6901426715396466,0.2,0.6418538861723948,11.000000000000002,20.799999999999983,2.971428571428569,0.0,0.0,0.20666666666666667,0.9626666666666738,0.2214285714285714,1.1014285714285703,0.647160667326606,0.7623536388483904
2026-02-11,0.24,1.276,9.2,0,0.8224195162640845,0.21,0.6901426715396466,0.21,0.6901426715396466,13.600000000000001,28.19999999999998,4.028571428571426,0.03,0.28200000000000003,0.21999999999999997,1.0880000000000072,0.22142857142857145,1.1014285714285703,0.6601521206712317,0.7511319308705199
2026-02-12,0.21,0.994,2.0,0,0.6901426715396466,0.24,0.8224195162640845,0.21,0.6901426715396466,11.8,24.399999999999984,3.4857142857142835,-0.03,-0.28200000000000003,0.22,1.0880000000000072,0.2157142857142857,1.0477142857142847,0.6729490241558329,0.7396888608649668
2026-02-13,0.22,1.088,24.4,0,0.7362066700203923,0.21,0.6901426715396466,0.24,0.8224195162640845,35.6,48.19999999999998,6.8857142857142835,0.010000000000000009,0.09400000000000008,0.2233333333333333,1.1193333333333404,0.21285714285714288,1.020857142857142,0.6855476064742154,0.7280278011569848
2026-02-14,0.24,1.276,8.4,0,0.8224195162640845,0.22,0.7362066700203923,0.21,0.6901426715396466,34.800000000000004,54.99999999999998,7.857142857142854,0.01999999999999999,0.18799999999999994,0.2233333333333333,1.1193333333333404,0.21857142857142856,1.0745714285714276,0.6979441547663435,0.7161521883143933
2026-02-15,0.22,1.088,1.4,0,0.7362066700203923,0.24,0.8224195162640845,0.22,0.7362066700203923,34.2,49.799999999999976,7.114285714285711,-0.01999999999999999,-0.18799999999999994,0.22666666666666668,1.1506666666666738,0.22142857142857145,1.1014285714285703,0.7101350157125358,0.7040655221348057
2026-02-16,0.23,1.182,16.2,0,0.7802418874108791,0.22,0.7362066700203923,0.24,0.8224195162640845,26.000000000000004,62.19999999999998,8.885714285714283,0.010000000000000009,0.09399999999999986,0.22999999999999998,1.1820000000000073,0.22428571428571428,1.1282857142857132,0.7221165966101162,0.6917713646142218
2026-02-17,0.22,1.088,0.0,0,0.7362066700203923,0.23,0.7802418874108791,0.22,0.7362066700203923,17.6,61.59999999999998,8.799999999999997,-0.010000000000000009,-0.09399999999999986,0.22333333333333336,1.1193333333333406,0.22571428571428573,1.1417142857142848,0.733885366432199,0.6792733388972931
2026-02-18,0.21,0.994,1.6,0,0.6901426715396466,0.22,0.7362066700203923,0.23,0.7802418874108791,17.800000000000004,53.999999999999986,7.714285714285713,-0.010000000000000009,-0.09400000000000008,0.22,1.0880000000000072,0.22142857142857145,1.1014285714285705,0.7454378568683001,0.6665751282095632
2026-02-19,0.21,0.994,0.0,0,0.6901426715396466,0.21,0.6901426715396466,0.22,0.7362066700203923,1.6000000000000036,51.999999999999986,7.428571428571426,0.0,0.0,0.21333333333333335,1.0253333333333403,0.22142857142857145,1.1014285714285705,0.7567706633464626,0.653680474772006
2026-02-20,0.21,0.994,0.0,0,0.6901426715396466,0.21,0.6901426715396466,0.21,0.6901426715396466,1.6000000000000036,27.599999999999987,3.942857142857141,0.0,0.0,0.21,0.994,0.22,1.087999999999999,0.7678804460366,0.6405931786981751
2026-02-21,0.21,0.994,0.0,0,0.6901426715396466,0.21,0.6901426715396466,0.21,0.6901426715396466,0.0,19.19999999999999,2.742857142857141,0.0,0.0,0.21,0.994,0.2157142857142857,1.0477142857142847,0.7787639308347607,0.6273170968742937
2026-02-22,0.21,0.994,0.0,0,0.6901426715396466,0.21,0.6901426715396466,0.21,0.6901426715396466,0.0,17.799999999999986,2.542857142857141,0.0,0.0,0.21,0.994,0.21428571428571427,1.0342857142857134,0.7894179103280197,0.613856141822612
2026-02-23,0.21,0.994,0.0,0,0.6901426715396466,0.21,0.6901426715396466,0.21,0.6901426715396466,0.0,1.5999999999999859,0.22857142857142657,0.0,0.0,0.21,0.994,0.21142857142857144,1.0074285714285705,0.7998392447397193,0.6002142805483682
2026-02-24,0.21,0.994,0.0,0,0.6901426715396466,0.21,0.6901426715396466,0.21,0.6901426715396466,0.0,1.5999999999999859,0.22857142857142657,0.0,0.0,0.21,0.994,0.21,0.994,0.8100248628547753,0.5863955333706956
2026-02-25,0.21,0.994,0.0,0,0.6901426715396466,0.21,0.6901426715396466,0.21,0.6901426715396466,0.0,0.0,0.0,0.0,0.0,0.21,0.994,0.21,0.994,0.8199717629247771,0.5724039727378148
2026-02-26,0.21,0.994,0.0,0,0.6901426715396466,0.21,0.6901426715396466,0.21,0.6901426715396466,0.0,0.0,0.0,0.0,0.0,0.21,0.994,0.21,0.994,0.8296770135526188,0.5582437220268648
2026-02-27,0.21,0.994,0.2,0,0.6901426715396466,0.21,0.6901426715396466,0.21,0.6901426715396466,0.20000000000000356,0.1999999999999858,0.028571428571426544,0.0,0.0,0.21,0.994,0.21,0.994,0.8391377545563938,0.5439189543287247
2026-02-28,0.21,0.994,0.0,0,0.6901426715396466,0.21,0.6901426715396466,0.21,0.6901426715396466,0.20000000000000356,0.1999999999999858,0.028571428571426544,0.0,0.0,0.21,0.994,0.21,0.994,0.8483511978123038,0.5294338912181853
2026-03-01,0.21,0.994,0.2,0,0.6901426715396466,0.21,0.6901426715396466,0.21,0.6901426715396466,0.4000000000000036,0.3999999999999858,0.057142857142855115,0.0,0.0,0.21,0.994,0.21,0.994,0.8573146280763322,0.5147928015098309
2026-03-02,0.21,0.994,0.0,0,0.6901426715396466,0.21,0.6901426715396466,0.21,0.6901426715396466,0.20000000000000356,0.3999999999999858,0.057142857142855115,0.0,0.0,0.21,0.994,0.21,0.994,0.8660254037844386,0.5000000000000001
2026-03-03,0.26,1.463,0.0,0,0.9013801191384009,0.21,0.6901426715396466,0.21,0.6901426715396466,0.20000000000000356,0.3999999999999858,0.057142857142855115,0.05000000000000002,0.4690000000000001,0.22666666666666666,1.1503333333333405,0.21714285714285714,1.0609999999999988,0.8744809578310397,0.4850598461951962
2026-03-04,0.25,1.37,0.0,0,0.8628899551470398,0.26,0.9013801191384009,0.21,0.6901426715396466,0.0,0.3999999999999858,0.057142857142855115,-0.010000000000000009,-0.09299999999999997,0.24,1.2756666666666738,0.22285714285714286,1.1147142857142849,0.8826787983255474,0.46997674302731995
2026-03-05,0.22,1.088,3.4,0,0.7362066700203923,0.25,0.8628899551470398,0.26,0.9013801191384009,3.4000000000000035,3.7999999999999856,0.5428571428571408,-0.03,-0.28200000000000003,0.24333333333333337,1.3070000000000073,0.22428571428571428,1.1281428571428562,0.8906165093267404,0.4547551355561058
2026-03-06,0.22,1.088,2.8,0,0.7362066700203923,0.22,0.7362066700203923,0.25,0.8628899551470398,6.200000000000003,6.399999999999985,0.9142857142857121,0.0,0.0,0.22999999999999998,1.1820000000000073,0.22571428571428573,1.1415714285714276,0.8982917515547528,0.4393995096591417
2026-03-07,0.22,1.088,0.6,0,0.7362066700203923,0.22,0.7362066700203923,0.22,0.7362066700203923,6.800000000000003,6.999999999999985,0.9999999999999979,0.0,0.0,0.22,1.088,0.22714285714285715,1.1549999999999991,0.9057022630804714,0.42391439070986076
2026-03-08,0.22,1.088,1.6,0,0.7362066700203923,0.22,0.7362066700203923,0.22,0.7362066700203923,5.0000000000000036,8.399999999999984,1.1999999999999977,0.0,0.0,0.22,1.088,0.2285714285714286,1.1684285714285705,0.9128458599921356,0.40830434224389334
2026-03-09,0.22,1.088,0.8,0,0.7362066700203923,0.22,0.7362066700203923,0.22,0.7362066700203923,3.0000000000000036,9.199999999999985,1.314285714285712,0.0,0.0,0.22,1.088,0.23,1.181857142857142,0.9197204370389467,0.3925739646141717
2026-03-10,0.22,1.088,0.2,0,0.7362066700203923,0.22,0.7362066700203923,0.22,0.7362066700203923,2.6000000000000036,9.399999999999986,1.342857142857141,0.0,0.0,0.22,1.088,0.22428571428571428,1.1282857142857132,0.926323968251495,0.3767278936351851
2026-03-11,0.22,1.088,0.0,0,0.7362066700203923,0.22,0.7362066700203923,0.22,0.7362066700203923,1.0000000000000036,9.399999999999986,1.342857142857141,0.0,0.0,0.22,1.088,0.22,1.088,0.9326545075388224,0.36077079921678346
2026-03-12,0.22,1.088,0.0,0,0.7362066700203923,0.22,0.7362066700203923,0.22,0.7362066700203923,0.20000000000000356,5.999999999999986,0.8571428571428551,0.0,0.0,0.22,1.088,0.22,1.088,0.9387101892619443,0.3447073839879338
2026-03-13,0.22,1.088,5.4,0,0.7362066700203923,0.22,0.7362066700203923,0.22,0.7362066700203923,5.400000000000004,8.599999999999987,1.2285714285714266,0.0,0.0,0.22,1.088,0.22,1.088,0.9444892287836613,0.32854238191083485
2026-03-14,0.25,1.37,16.4,0,0.8628899551470398,0.22,0.7362066700203923,0.22,0.7362066700203923,21.800000000000004,24.399999999999984,3.4857142857142835,0.03,0.28200000000000003,0.23,1.1820000000000073,0.22428571428571428,1.1282857142857132,0.949989922994501,0.3122805568857947
2026-03-15,0.23,1.182,3.0,0,0.7802418874108791,0.25,0.8628899551470398,0.22,0.7362066700203923,24.800000000000004,25.799999999999983,3.6857142857142833,-0.01999999999999999,-0.18800000000000017,0.2333333333333333,1.2133333333333405,0.22571428571428573,1.1417142857142848,0.9552106508146316,0.2959267013472893
2026-03-16,0.47,3.878,0.0,0,1.5847352997937285,0.23,0.7802418874108791,0.25,0.8628899551470398,19.400000000000006,24.999999999999982,3.571428571428569,0.23999999999999996,2.696,0.31666666666666665,2.14333333333334,0.26142857142857145,1.5402857142857134,0.9601498736716018,0.2794856348516095
2026-03-17,0.22,1.088,0.0,0,0.7362066700203923,0.47,1.5847352997937285,0.23,0.7802418874108791,3.000000000000007,24.799999999999983,3.5428571428571405,-0.24999999999999997,-2.79,0.3066666666666667,2.0493333333333403,0.26142857142857145,1.5402857142857134,0.9648061359537645,0.2629622026565149
2026-03-18,0.22,1.088,0.0,0,0.7362066700203923,0.22,0.7362066700203923,0.47,1.5847352997937285,0.0,24.799999999999983,3.5428571428571405,0.0,0.0,0.30333333333333334,2.0180000000000073,0.26142857142857145,1.5402857142857134,0.9691780654392536,0.2463612742933148
2026-03-19,0.22,1.088,0.0,0,0.7362066700203923,0.22,0.7362066700203923,0.22,0.7362066700203923,0.0,24.799999999999983,3.5428571428571405,0.0,0.0,0.22,1.088,0.2614285714285714,1.5402857142857134,0.9732643737003824,0.22968774213179574
2026-03-20,0.22,1.088,0.0,0,0.7362066700203923,0.22,0.7362066700203923,0.22,0.7362066700203923,0.0,19.399999999999984,2.771428571428569,0.0,0.0,0.22,1.088,0.2614285714285714,1.5402857142857134,0.9770638564833508,0.21294651993841582
2026-03-21,0.22,1.088,0.0,0,0.7362066700203923,0.22,0.7362066700203923,0.22,0.7362066700203923,0.0,2.999999999999986,0.42857142857142655,0.0,0.0,0.22,1.088,0.2571428571428571,1.499999999999999,0.9805753940631429,0.19614254142819698
2026-03-22,0.22,1.088,0.0,0,0.7362066700203923,0.22,0.7362066700203923,0.22,0.7362066700203923,0.0,0.0,0.0,0.0,0.0,0.22,1.088,0.2557142857142857,1.4865714285714275,0.9837979515735163,0.17928075881073577
2026-03-23,0.22,1.088,0.0,0,0.7362066700203923,0.22,0.7362066700203923,0.22,0.7362066700203923,0.0,0.0,0.0,0.0,0.0,0.22,1.088,0.22,1.088,0.9867305793119814,0.162366141330764
2026-03-24,0.22,1.088,0.0,0,0.7362066700203923,0.22,0.7362066700203923,0.22,0.7362066700203923,0.0,0.0,0.0,0.0,0.0,0.22,1.088,0.22,1.088,0.989372413019683,0.14540367380368976
2026-03-25,0.22,1.088,4.4,0,0.7362066700203923,0.22,0.7362066700203923,0.22,0.7362066700203923,4.4000000000000075,4.399999999999986,0.6285714285714266,0.0,0.0,0.22,1.088,0.22,1.088,0.9917226741361015,0.12839835514655099
2026-03-26,0.22,1.088,4.4,0,0.7362066700203923,0.22,0.7362066700203923,0.22,0.7362066700203923,8.800000000000008,8.799999999999986,1.2571428571428551,0.0,0.0,0.22,1.088,0.22,1.088,0.9937806700284985,0.11135519690480875
2026-03-27,0.22,1.088,0.2,0,0.7362066700203923,0.22,0.7362066700203923,0.22,0.7362066700203923,9.000000000000007,8.999999999999986,1.2857142857142836,0.0,0.0,0.22,1.088,0.22,1.088,0.9955457941960382,0.09427922177542453
2026-03-28,0.22,1.088,5.6,0,0.7362066700203923,0.22,0.7362066700203923,0.22,0.7362066700203923,10.200000000000006,14.599999999999987,2.085714285714284,0.0,0.0,0.22,1.088,0.22,1.088,0.9970175264485267,0.07717546212664653
2026-03-29,0.22,1.088,0.0,0,0.7362066700203923,0.22,0.7362066700203923,0.22,0.7362066700203923,5.800000000000007,14.599999999999987,2.085714285714284,0.0,0.0,0.22,1.088,0.22,1.088,0.998195433059714,0.0600489585149486
2026-03-30,0.21,0.994,5.8,0,0.6901426715396466,0.22,0.7362066700203923,0.22,0.7362066700203923,11.400000000000006,20.399999999999984,2.914285714285712,-0.010000000000000009,-0.09400000000000008,0.2166666666666667,1.0566666666666737,0.21857142857142856,1.0745714285714276,0.9990791668951153,0.042904758199554374
2026-03-31,0.22,1.088,0.8,0,0.7362066700203923,0.21,0.6901426715396466,0.22,0.7362066700203923,6.600000000000007,21.199999999999985,3.0285714285714262,0.010000000000000009,0.09400000000000008,0.21666666666666667,1.0566666666666737,0.21857142857142858,1.0745714285714276,0.999668467514313,0.025747913654988658
2026-04-01,0.22,1.088,0.8,0,0.7362066700203923,0.22,0.7362066700203923,0.21,0.6901426715396466,7.4000000000000075,17.599999999999984,2.514285714285712,0.0,0.0,0.2166666666666667,1.0566666666666737,0.21857142857142858,1.0745714285714276,0.9999631612477099,0.008583481082087055
2026-04-02,0.21,0.994,0.2,0,0.6901426715396466,0.22,0.7362066700203923,0.22,0.7362066700203923,1.8000000000000071,13.399999999999986,1.9142857142857124,-0.010000000000000009,-0.09400000000000008,0.21666666666666667,1.056666666666674,0.21714285714285714,1.0611428571428563,0.9999631612477099,-0.008583481082086933
2026-04-03,0.21,0.994,0.0,0,0.6901426715396466,0.21,0.6901426715396466,0.22,0.7362066700203923,1.000000000000007,13.199999999999987,1.885714285714284,0.0,0.0,0.21333333333333337,1.0253333333333403,0.21571428571428572,1.0477142857142847,0.9996684675143132,-0.025747913654988314
2026-04-04,0.21,0.994,0.0,0,0.6901426715396466,0.21,0.6901426715396466,0.21,0.6901426715396466,0.20000000000000712,7.599999999999985,1.0857142857142836,0.0,0.0,0.21,0.994,0.21428571428571427,1.0342857142857134,0.9990791668951153,-0.04290475819955447
2026-04-05,0.21,0.994,0.0,0,0.6901426715396466,0.21,0.6901426715396466,0.21,0.6901426715396466,0.0,7.599999999999985,1.0857142857142836,0.0,0.0,0.21,0.994,0.21285714285714286,1.0208571428571418,0.998195433059714,-0.06004895851494825
2026-04-06,0.21,0.994,0.0,0,0.6901426715396466,0.21,0.6901426715396466,0.21,0.6901426715396466,0.0,1.7999999999999858,0.2571428571428551,0.0,0.0,0.21,0.994,0.21285714285714283,1.020857142857142,0.9970175264485267,-0.07717546212664618
2026-04-07,0.22,1.088,0.2,0,0.7362066700203923,0.21,0.6901426715396466,0.21,0.6901426715396466,0.20000000000000712,1.199999999999986,0.17142857142856943,0.010000000000000009,0.09400000000000008,0.21333333333333337,1.0253333333333405,0.21285714285714283,1.020857142857142,0.9955457941960382,-0.0942792217754244
2026-04-08,0.22,1.088,0.0,0,0.7362066700203923,0.22,0.7362066700203923,0.21,0.6901426715396466,0.20000000000000712,0.3999999999999858,0.057142857142855115,0.0,0.0,0.21666666666666667,1.0566666666666737,0.21285714285714286,1.020857142857142,0.9937806700284985,-0.11135519690480862
2026-04-09,0.22,1.088,0.0,0,0.7362066700203923,0.22,0.7362066700203923,0.22,0.7362066700203923,0.20000000000000712,0.1999999999999858,0.028571428571426544,0.0,0.0,0.22,1.088,0.21428571428571427,1.0342857142857134,0.9917226741361015,-0.12839835514655107
2026-04-10,0.22,1.088,0.0,0,0.7362066700203923,0.22,0.7362066700203923,0.22,0.7362066700203923,0.0,0.1999999999999858,0.028571428571426544,0.0,0.0,0.22,1.088,0.21571428571428572,1.0477142857142847,0.9893724130196829,-0.14540367380368988
2026-04-11,0.22,1.088,0.6,0,0.7362066700203923,0.22,0.7362066700203923,0.22,0.7362066700203923,0.6000000000000071,0.7999999999999858,0.11428571428571226,0.0,0.0,0.22,1.088,0.21714285714285714,1.0611428571428563,0.9867305793119814,-0.16236614133076366
2026-04-12,0.22,1.088,1.0,0,0.7362066700203923,0.22,0.7362066700203923,0.22,0.7362066700203923,1.6000000000000072,1.7999999999999856,0.25714285714285506,0.0,0.0,0.22,1.088,0.21857142857142858,1.0745714285714276,0.9837979515735163,-0.17928075881073566
2026-04-13,0.22,1.088,0.2,0,0.7362066700203923,0.22,0.7362066700203923,0.22,0.7362066700203923,1.8000000000000071,1.9999999999999858,0.2857142857142837,0.0,0.0,0.22,1.088,0.22,1.088,0.980575394063143,-0.19614254142819687
2026-04-14,0.33,2.151,1.8,0,1.1477198627751375,0.22,0.7362066700203923,0.22,0.7362066700203923,3.000000000000007,3.599999999999986,0.5142857142857122,0.11000000000000001,1.0629999999999997,0.25666666666666665,1.4423333333333404,0.2357142857142857,1.2398571428571419,0.9770638564833507,-0.21294651993841593
2026-04-15,0.22,1.088,0.0,0,0.7362066700203923,0.33,1.1477198627751375,0.22,0.7362066700203923,2.000000000000007,3.599999999999986,0.5142857142857122,-0.11000000000000001,-1.0629999999999997,0.2566666666666667,1.4423333333333404,0.2357142857142857,1.2398571428571419,0.9732643737003824,-0.22968774213179563
2026-04-16,0.22,1.088,0.0,0,0.7362066700203923,0.22,0.7362066700203923,0.33,1.1477198627751375,1.8000000000000074,3.599999999999986,0.5142857142857122,0.0,0.0,0.25666666666666665,1.4423333333333404,0.2357142857142857,1.2398571428571419,0.9691780654392537,-0.2463612742933147
2026-04-17,0.22,1.088,0.0,0,0.7362066700203923,0.22,0.7362066700203923,0.22,0.7362066700203923,0.0,3.599999999999986,0.5142857142857122,0.0,0.0,0.22,1.088,0.2357142857142857,1.2398571428571419,0.9648061359537646,-0.26296220265651454
2026-04-18,0.22,1.088,8.8,0,0.7362066700203923,0.22,0.7362066700203923,0.22,0.7362066700203923,8.800000000000008,11.799999999999986,1.6857142857142837,0.0,0.0,0.22,1.088,0.2357142857142857,1.2398571428571419,0.9601498736716018,-0.2794856348516094
2026-04-19,0.22,1.088,0.0,0,0.7362066700203923,0.22,0.7362066700203923,0.22,0.7362066700203923,8.800000000000008,10.799999999999986,1.542857142857141,0.0,0.0,0.22,1.088,0.23571428571428574,1.2398571428571419,0.9552106508146317,-0.2959267013472892
2026-04-20,0.28,1.651,0.2,0,0.9749369273068885,0.22,0.7362066700203923,0.22,0.7362066700203923,9.000000000000007,10.799999999999986,1.542857142857141,0.060000000000000026,0.563,0.24000000000000002,1.2756666666666738,0.24428571428571427,1.3202857142857132,0.949989922994501,-0.31228055688579476
2026-04-21,0.22,1.088,0.0,0,0.7362066700203923,0.28,0.9749369273068885,0.22,0.7362066700203923,0.20000000000000712,8.999999999999986,1.2857142857142836,-0.060000000000000026,-0.563,0.24,1.2756666666666738,0.2285714285714286,1.1684285714285705,0.9444892287836613,-0.32854238191083474
2026-04-22,0.24,1.276,0.0,0,0.8224195162640845,0.22,0.7362066700203923,0.28,0.9749369273068885,0.20000000000000712,8.999999999999986,1.2857142857142836,0.01999999999999999,0.18799999999999994,0.24666666666666667,1.3383333333333407,0.23142857142857146,1.1952857142857134,0.9387101892619443,-0.3447073839879337
2026-04-23,0.22,1.088,2.8,0,0.7362066700203923,0.24,0.8224195162640845,0.22,0.7362066700203923,2.800000000000007,11.799999999999986,1.6857142857142837,-0.01999999999999999,-0.18799999999999994,0.22666666666666666,1.1506666666666738,0.23142857142857146,1.1952857142857134,0.9326545075388225,-0.3607707992167831
2026-04-24,0.22,1.088,0.0,0,0.7362066700203923,0.22,0.7362066700203923,0.24,0.8224195162640845,2.800000000000007,11.799999999999986,1.6857142857142837,0.0,0.0,0.22666666666666668,1.1506666666666738,0.23142857142857146,1.1952857142857134,0.926323968251495,-0.376727893635185
2026-04-25,0.22,1.088,0.0,0,0.7362066700203923,0.22,0.7362066700203923,0.22,0.7362066700203923,2.800000000000007,2.999999999999986,0.42857142857142655,0.0,0.0,0.22,1.088,0.2314285714285714,1.1952857142857134,0.9197204370389467,-0.39257396461417177
2026-04-26,0.22,1.088,0.0,0,0.7362066700203923,0.22,0.7362066700203923,0.22,0.7362066700203923,0.0,2.999999999999986,0.42857142857142655,0.0,0.0,0.22,1.088,0.2314285714285714,1.1952857142857134,0.9128458599921355,-0.40830434224389345
2026-04-27,0.22,1.0878,0.0,0,0.736110879992061,0.22,0.7362066700203923,0.22,0.7362066700203923,0.0,2.7999999999999856,0.39999999999999797,0.0,-0.00019999999999997797,0.22,1.0879333333333405,0.22285714285714284,1.1148285714285706,0.9057022630804715,-0.42391439070986064
2026-04-28,0.22,1.0878,0.0,0,0.736110879992061,0.22,0.736110879992061,0.22,0.7362066700203923,0.0,2.7999999999999856,0.39999999999999797,0.0,0.0,0.22,1.0878666666666739,0.22285714285714284,1.1147999999999991,0.898291751554753,-0.43939950965914143
2026-04-29,0.2215625,1.1024718750000002,0.0,0,0.7431137358432707,0.22,0.736110879992061,0.22,0.736110879992061,0.0,2.7999999999999856,0.39999999999999797,0.0015624999999999944,0.014671875000000112,0.22052083333333336,1.0926906250000072,0.22022321428571429,1.090010267857142,0.8906165093267405,-0.4547551355561055
2026-04-30,0.22,1.0878,0.0,0,0.736110879992061,0.2215625,0.7431137358432707,0.22,0.736110879992061,0.0,0.0,0.0,-0.0015624999999999944,-0.014671875000000112,0.22052083333333336,1.0926906250000072,0.22022321428571429,1.0899816964285705,0.8826787983255476,-0.4699767430273197
2026-05-01,0.22,1.0878,0.0,0,0.736110879992061,0.22,0.736110879992061,0.2215625,0.7431137358432707,0.0,0.0,0.0,0.0,0.0,0.22052083333333336,1.0926906250000072,0.22022321428571429,1.089953124999999,0.8744809578310397,-0.4850598461951961
2026-05-02,0.22229166666666667,1.1093187500000001,0.0,0,0.7463650280565292,0.22,0.736110879992061,0.22,0.736110879992061,0.0,0.0,0.0,0.002291666666666664,0.02151875000000003,0.2207638888888889,1.094972916666674,0.22055059523809525,1.0929986607142848,0.8660254037844387,-0.4999999999999998
2026-05-03,0.22,1.0878,0.0,0,0.736110879992061,0.22229166666666667,0.7463650280565292,0.22,0.736110879992061,0.0,0.0,0.0,-0.002291666666666664,-0.02151875000000003,0.2207638888888889,1.094972916666674,0.22055059523809525,1.0929700892857135,0.8573146280763323,-0.5147928015098308
2026-05-04,0.22802083333333334,1.1631156249999999,0.0,0,0.7715496013905675,0.22,0.736110879992061,0.22229166666666667,0.7463650280565292,0.0,0.0,0.0,0.008020833333333338,0.07531562499999978,0.22343750000000004,1.1200781250000071,0.2216964285714286,1.1037294642857134,0.848351197812304,-0.5294338912181852
2026-05-05,0.22645833333333334,1.14844375,0.0,0,0.7647437428336318,0.22802083333333334,0.7715496013905675,0.22,0.736110879992061,0.0,0.0,0.0,-0.0015624999999999944,-0.01467187499999989,0.22482638888888892,1.1331197916666738,0.22261904761904763,1.1123928571428563,0.8391377545563939,-0.5439189543287246
2026-05-06,0.25677083333333334,1.6307104166666668,0.0,0,0.9672539301193016,0.22645833333333334,0.7647437428336318,0.22802083333333334,0.7715496013905675,0.0,0.0,0.0,0.030312499999999992,0.48226666666666684,0.2370833333333333,1.3140899305555627,0.22764880952380953,1.1878555059523799,0.8296770135526188,-0.5582437220268649
2026-05-07,0.33364583333333336,3.0323666666666664,0.0,0,1.3943534657877925,0.25677083333333334,0.9672539301193016,0.22645833333333334,0.7647437428336318,0.0,0.0,0.0,0.07687500000000003,1.4016562499999996,0.27229166666666665,1.9371736111111184,0.24388392857142857,1.465650744047618,0.8199717629247771,-0.5724039727378148
2026-05-08,0.2461458333333333,1.4630291666666668,0.0,0,0.9013919609954749,0.33364583333333336,1.3943534657877925,0.25677083333333334,0.9672539301193016,0.0,0.0,0.0,-0.08750000000000005,-1.5693374999999996,0.2788541666666667,2.042035416666674,0.24761904761904763,1.5192549107142848,0.8100248628547752,-0.5863955333706956
2026-05-09,0.22052083333333336,1.0926906250000001,0.0,0,0.7384506183958964,0.2461458333333333,0.9013919609954749,0.33364583333333336,1.3943534657877925,0.0,0.0,0.0,-0.025624999999999953,-0.3703385416666667,0.26677083333333335,1.8626954861111182,0.24736607142857142,1.5168794642857133,0.7998392447397195,-0.600214280548368
2026-05-10,0.23,1.1817,0.0,0,0.7801043894158415,0.22052083333333336,0.7384506183958964,0.2461458333333333,0.9013919609954749,0.0,0.0,0.0,0.00947916666666665,0.08900937499999984,0.23222222222222222,1.2458065972222294,0.24879464285714284,1.5302937499999991,0.7894179103280199,-0.6138561418226116
2026-05-11,0.2708333333333333,1.5669312499999999,0.0,0,0.9427111192942796,0.23,0.7801043894158415,0.22052083333333336,0.7384506183958964,0.0,0.0,0.0,0.040833333333333305,0.3852312499999999,0.24045138888888887,1.280440625000007,0.25491071428571427,1.5879816964285705,0.7787639308347607,-0.6273170968742938
2026-05-12,0.26479166666666665,1.50839375,0.0,0,0.9196426080554951,0.2708333333333333,0.9427111192942796,0.23,0.7801043894158415,0.0,0.0,0.0,-0.006041666666666667,-0.05853749999999991,0.2552083333333333,1.4190083333333403,0.2603869047619048,1.6394031249999992,0.7678804460366001,-0.6405931786981751
2026-05-13,0.21604166666666666,1.0506312500000001,0.0,0,0.7181476725798492,0.26479166666666665,0.9196426080554951,0.2708333333333333,0.9427111192942796,0.0,0.0,0.0,-0.04874999999999999,-0.45776249999999985,0.25055555555555553,1.375318750000007,0.2545684523809524,1.5565346726190465,0.7567706633464627,-0.6536804747720057
2026-05-14,0.21145833333333333,1.00759375,0.0,0,0.6969368656238415,0.21604166666666666,0.7181476725798492,0.26479166666666665,0.9196426080554951,0.0,0.0,0.0,-0.004583333333333328,-0.04303750000000006,0.23076388888888885,1.1888729166666738,0.23711309523809523,1.2672813988095228,0.7454378568683001,-0.6665751282095632
2026-05-15,0.2228125,1.114209375,0.0,0,0.7486809246439847,0.21145833333333333,0.6969368656238415,0.21604166666666666,0.7181476725798492,0.0,0.0,0.0,0.011354166666666665,0.10661562499999988,0.21677083333333327,1.0574781250000072,0.2337797619047619,1.217449999999999,0.7338853664321991,-0.6792733388972931
2026-05-16,0.22,1.0878,0.0,0,0.736110879992061,0.2228125,0.7486809246439847,0.21145833333333333,0.6969368656238415,0.0,0.0,0.0,-0.0028124999999999956,-0.026409374999999846,0.2180902777777777,1.0698677083333406,0.23370535714285715,1.2167513392857132,0.722116596610116,-0.6917713646142222
2026-05-17,0.22,1.0878,0.0,0,0.736110879992061,0.22,0.736110879992061,0.2228125,0.7486809246439847,0.0,0.0,0.0,0.0,0.0,0.22093749999999998,1.096603125000007,0.23227678571428573,1.2033370535714276,0.7101350157125358,-0.7040655221348058
2026-05-18,0.22,1.0878,0.0,0,0.736110879992061,0.22,0.736110879992061,0.22,0.736110879992061,0.0,0.0,0.0,0.0,0.0,0.22,1.0878,0.22501488095238092,1.1348897321428562,0.6979441547663435,-0.7161521883143933
2026-05-19,0.22395833333333334,1.12496875,0.0,0,0.7537570963858947,0.22,0.736110879992061,0.22,0.736110879992061,0.0,0.0,0.0,0.0039583333333333415,0.03716874999999997,0.2213194444444444,1.1001895833333404,0.2191815476190476,1.0801147321428561,0.6855476064742155,-0.7280278011569847
2026-05-20,0.23,1.1817,0.0,0,0.7801043894158415,0.22395833333333334,0.7537570963858947,0.22,0.736110879992061,0.0,0.0,0.0,0.006041666666666667,0.0567312499999999,0.22465277777777773,1.1314895833333407,0.22117559523809524,1.0988388392857134,0.672949024155833,-0.7396888608649667
2026-05-21,0.23,1.1817,0.0,0,0.7801043894158415,0.23,0.7801043894158415,0.22395833333333334,0.7537570963858947,0.0,0.0,0.0,0.0,0.0,0.22798611111111108,1.1627895833333404,0.22382440476190477,1.1237111607142847,0.660152120671232,-0.7511319308705197
2026-05-22,0.2226041666666667,1.112253125,0.0,0,0.7477552095147482,0.23,0.7801043894158415,0.23,0.7801043894158415,0.0,0.0,0.0,-0.007395833333333324,-0.06944687499999991,0.22753472222222218,1.1585510416666738,0.22379464285714284,1.1234316964285704,0.647160667326606,-0.7623536388483902
2026-05-23,0.22,1.0878,0.0,0,0.736110879992061,0.2226041666666667,0.7477552095147482,0.23,0.7801043894158415,0.0,0.0,0.0,-0.002604166666666685,-0.024453124999999964,0.22420138888888885,1.1272510416666737,0.22379464285714287,1.1234316964285704,0.6339784927628868,-0.7733506777097298
2026-05-24,0.22,1.0878,0.0,0,0.736110879992061,0.22,0.736110879992061,0.2226041666666667,0.7477552095147482,0.0,0.0,0.0,0.0,0.0,0.22086805555555555,1.0959510416666738,0.22379464285714287,1.1234316964285704,0.620609481827423,-0.7841198065767103
2026-05-25,0.22,1.0878,0.0,0,0.736110879992061,0.22,0.736110879992061,0.22,0.736110879992061,0.0,0.0,0.0,0.0,0.0,0.22,1.0878,0.22379464285714287,1.1234316964285704,0.6070575744291006,-0.7946578517376249
2026-05-26,0.24072916666666666,1.3178145833333335,0.0,0,0.8406247517843436,0.22,0.736110879992061,0.22,0.736110879992061,0.0,0.0,0.0,0.02072916666666666,0.23001458333333336,0.2269097222222222,1.164471527777785,0.22619047619047622,1.1509811011904751,0.593326764377232,-0.8049617075821959
2026-05-27,0.22541666666666668,1.1400750000000002,0.0,0,0.7608408751486099,0.24072916666666666,0.8406247517843436,0.22,0.736110879992061,0.0,0.0,0.0,-0.015312499999999979,-0.17773958333333328,0.22871527777777775,1.181896527777785,0.2255357142857143,1.1450346726190468,0.5794210982045638,-0.8150283375168113
2026-05-28,0.22947916666666668,1.1889020833333335,0.0,0,0.7834000863083374,0.22541666666666668,0.7608408751486099,0.24072916666666666,0.8406247517843436,0.0,0.0,0.0,0.004062499999999997,0.0488270833333333,0.23187499999999997,1.2155972222222295,0.22546130952380952,1.1460635416666658,0.5653446739747428,-0.8248547748594245
2026-05-29,0.22,1.0878,0.0,0,0.736110879992061,0.22947916666666668,0.7834000863083374,0.22541666666666668,0.7608408751486099,0.0,0.0,0.0,-0.009479166666666677,-0.10110208333333337,0.22496527777777775,1.1389256944444517,0.2250892857142857,1.1425702380952372,0.5511016400746,-0.8344381237138473
2026-05-30,0.21291666666666664,1.0212875,0.0,0,0.7037346846127728,0.22,0.736110879992061,0.22947916666666668,0.7834000863083374,0.0,0.0,0.0,-0.007083333333333358,-0.0665125000000002,0.22079861111111107,1.0993298611111182,0.22407738095238092,1.1330684523809516,0.5366961939916005,-0.8437755598231856
2026-05-31,0.21,0.9939,0.0,0,0.6900925198307166,0.21291666666666664,0.7037346846127728,0.22,0.736110879992061,0.0,0.0,0.0,-0.0029166666666666508,-0.027387499999999898,0.21430555555555553,1.0343291666666738,0.22264880952380953,1.1196541666666657,0.522132581076825,-0.8528643314021596
2026-06-01,0.21,0.9939,0.0,0,0.6900925198307166,0.21,0.6900925198307166,0.21291666666666664,0.7037346846127728,0.0,0.0,0.0,0.0,0.0,0.2109722222222222,1.0030291666666737,0.2212202380952381,1.10623988095238,0.5074150932938458,-0.861701759948068
2026-06-02,0.21,0.9939,0.0,0,0.6900925198307166,0.21,0.6900925198307166,0.21,0.6900925198307166,0.0,0.0,0.0,0.0,0.0,0.21,0.9939,0.21683035714285714,1.059966369047618,0.4925480679538644,-0.8702852410301553
2026-06-03,0.21,0.9939,0.0,0,0.6900925198307166,0.21,0.6900925198307166,0.21,0.6900925198307166,0.0,0.0,0.0,0.0,0.0,0.21,0.9939,0.2146279761904762,1.0390842261904751,0.47753588643748834,-0.8786122450571482
2026-06-04,0.21375,1.0291125,0.0,0,0.7075985053391316,0.21,0.6900925198307166,0.21,0.6900925198307166,0.0,0.0,0.0,0.0037500000000000033,0.03521250000000009,0.21124999999999997,1.005637500000007,0.21238095238095236,1.0162571428571419,0.4623829729035151,-0.8866803180227399
2026-06-05,0.21020833333333333,0.99585625,0.0,0,0.6910731562577006,0.21375,0.7075985053391316,0.21,0.6900925198307166,0.0,0.0,0.0,-0.003541666666666665,-0.0332562500000001,0.2113194444444444,1.0062895833333405,0.21098214285714284,1.0031223214285705,0.44709379298511426,-0.8944870822287954
2026-06-06,0.21,0.9939,0.0,0,0.6900925198307166,0.21020833333333333,0.6910731562577006,0.21375,0.7075985053391316,0.0,0.0,0.0,-0.00020833333333333814,-0.0019562499999999927,0.2113194444444444,1.0062895833333405,0.21056547619047622,0.9992098214285704,0.43167285247378384,-0.9020302369860707
2026-06-07,0.21,0.9939,0.0,0,0.6900925198307166,0.21,0.6900925198307166,0.21020833333333333,0.6910731562577006,0.0,0.0,0.0,0.0,0.0,0.21006944444444442,0.9945520833333404,0.21056547619047622,0.9992098214285704,0.4161246959914746,-0.9093075592922357
2026-06-08,0.21,0.9939,0.0,0,0.6900925198307166,0.21,0.6900925198307166,0.21,0.6900925198307166,0.0,0.0,0.0,0.0,0.0,0.21,0.9939,0.2105654761904762,0.9992098214285704,0.4004539056512664,-0.9163169044870048
2026-06-09,0.21,0.9939,0.0,0,0.6900925198307166,0.21,0.6900925198307166,0.21,0.6900925198307166,0.0,0.0,0.0,0.0,0.0,0.21,0.9939,0.2105654761904762,0.9992098214285704,0.3846650997070012,-0.923056206884176
