fecha,nivel_m,caudal_m3s,lluvia_mm,desbordamiento,caudal_log,nivel_lag1,caudal_lag1,nivel_lag2,caudal_lag2,lluvia_3d,lluvia_7d,lluvia_media_7d,nivel_diff,caudal_diff,nivel_media_3,caudal_media_3,nivel_media_7,caudal_media_7,dia_sin,dia_cos
2020-01-09,1.37,213.0,0.0,0,5.365976015021851,1.39,5.3981627015177525,1.41,5.424950017481403,0.0,0.0,0.0,-0.019999999999999796,-7.0,1.39,219.66666666666666,1.39,219.66666666666666,0.15389057670406178,0.9880878960910772
2020-01-10,1.34,203.0,0.0,0,5.318119993844216,1.37,5.365976015021851,1.39,5.3981627015177525,0.0,0.0,0.0,-0.030000000000000027,-10.0,1.3666666666666665,212.0,1.3775,215.5,0.17082974322534417,0.985300562686109
2020-01-11,1.32,197.0,0.0,0,5.288267030694535,1.34,5.318119993844216,1.37,5.365976015021851,0.0,0.0,0.0,-0.020000000000000018,-6.0,1.3433333333333335,204.33333333333334,1.366,211.8,0.1877185654371987,0.9822228566828407
2020-01-12,1.32,197.0,0.0,0,5.288267030694535,1.32,5.288267030694535,1.34,5.318119993844216,0.0,0.0,0.0,0.0,0.0,1.3266666666666669,199.0,1.3583333333333334,209.33333333333334,0.2045520661262008,0.9788556850953578
2020-01-13,1.33,200.0,0.0,0,5.303304908059076,1.32,5.288267030694535,1.32,5.288267030694535,0.0,0.0,0.0,0.010000000000000009,3.0,1.3233333333333335,198.0,1.3542857142857143,208.0,0.22132528438243257,0.9752000402445825
2020-01-14,1.3,190.0,0.0,0,5.25227342804663,1.33,5.303304908059076,1.32,5.288267030694535,0.0,0.0,0.0,-0.030000000000000027,-10.0,1.3166666666666667,195.66666666666666,1.3385714285714287,202.85714285714286,0.2380332770614856,0.9712569994658314
2020-01-15,1.29,187.0,0.0,0,5.236441962829949,1.3,5.25227342804663,1.33,5.303304908059076,0.0,0.0,0.0,-0.010000000000000009,-3.0,1.3066666666666666,192.33333333333334,1.3242857142857143,198.14285714285714,0.2546711202412287,0.9670277247913204
2020-01-16,1.25,175.0,0.2,0,5.170483995038151,1.29,5.236441962829949,1.3,5.25227342804663,0.2,0.2,0.028571428571428574,-0.040000000000000036,-12.0,1.28,184.0,1.3071428571428572,192.71428571428572,0.27123391067291003,0.9625134626077081
2020-01-17,1.18,153.0,0.0,0,5.0369526024136295,1.25,5.170483995038151,1.29,5.236441962829949,0.2,0.2,0.028571428571428574,-0.07000000000000006,-22.0,1.24,171.66666666666666,1.2842857142857143,185.57142857142858,0.287716767226167,0.9577155432887803
2020-01-18,1.16,147.0,2.8,0,4.997212273764115,1.18,5.0369526024136295,1.25,5.170483995038151,3.0,3.0,0.42857142857142855,-0.020000000000000018,-6.0,1.1966666666666665,158.33333333333334,1.2614285714285713,178.42857142857142,0.30411483232751785,0.9526353808033826
2020-01-19,1.15,144.0,1.0,0,4.976733742420574,1.16,4.997212273764115,1.18,5.0369526024136295,3.8,4.0,0.5714285714285714,-0.010000000000000009,-3.0,1.1633333333333333,148.0,1.237142857142857,170.85714285714286,0.3204232733919111,0.9472744722987169
2020-01-20,1.41,226.0,7.0,0,5.424950017481403,1.15,4.976733742420574,1.16,4.997212273764115,10.8,11.0,1.5714285714285714,0.26,82.0,1.24,172.33333333333334,1.2485714285714287,174.57142857142858,0.33663728424691025,0.9416343976591259
2020-01-21,1.54,270.0,42.8,0,5.602118820879701,1.41,5.424950017481403,1.15,4.976733742420574,50.8,53.8,7.685714285714285,0.13000000000000012,44.0,1.3666666666666665,213.33333333333334,1.282857142857143,186.0,0.3527520865490948,0.9357168190404936
2020-01-22,1.55,273.0,0.8,0,5.6131281063880705,1.54,5.602118820879701,1.41,5.424950017481403,50.599999999999994,54.599999999999994,7.799999999999999,0.010000000000000009,3.0,1.5,256.3333333333333,1.32,198.28571428571428,0.3687629311922601,0.9295234803804003
2020-01-23,1.44,236.0,0.0,0,5.4680601411351315,1.55,5.6131281063880705,1.54,5.602118820879701,43.599999999999994,54.39999999999999,7.7714285714285705,-0.1100000000000001,-37.0,1.5099999999999998,259.6666666666667,1.3471428571428572,207.0,0.3846650997070012,0.9230562068841761
2020-01-24,1.38,216.0,0.0,0,5.37989735354046,1.44,5.4680601411351315,1.55,5.6131281063880705,0.8,54.39999999999999,7.7714285714285705,-0.06000000000000005,-20.0,1.4566666666666663,241.66666666666666,1.3757142857142857,216.0,0.40045390565126643,0.9163169044870048
2020-01-25,1.47,246.0,12.6,0,5.5093883366279774,1.38,5.37989735354046,1.44,5.4680601411351315,12.6,64.2,9.171428571428573,0.09000000000000008,30.0,1.43,232.66666666666666,1.42,230.14285714285714,0.41612469599147445,0.9093075592922358
2020-01-26,1.46,242.0,0.2,0,5.493061443340548,1.47,5.5093883366279774,1.38,5.37989735354046,12.799999999999999,63.4,9.057142857142857,-0.010000000000000009,-4.0,1.4366666666666665,234.66666666666666,1.4642857142857142,244.14285714285714,0.43167285247378384,0.9020302369860707
2020-01-27,1.38,216.0,0.0,0,5.37989735354046,1.46,5.493061443340548,1.47,5.5093883366279774,12.799999999999999,56.4,8.057142857142857,-0.08000000000000007,-26.0,1.4366666666666665,234.66666666666666,1.4599999999999997,242.71428571428572,0.44709379298511387,0.8944870822287956
2020-01-28,1.41,226.0,0.0,0,5.424950017481403,1.38,5.37989735354046,1.46,5.493061443340548,0.2,13.6,1.9428571428571428,0.030000000000000027,10.0,1.4166666666666667,228.0,1.4414285714285715,236.42857142857142,0.4623829729035149,0.88668031802274
2020-01-29,1.37,213.0,0.0,0,5.365976015021851,1.41,5.424950017481403,1.38,5.37989735354046,0.0,12.799999999999999,1.8285714285714285,-0.039999999999999813,-13.0,1.3866666666666667,218.33333333333334,1.4157142857142857,227.85714285714286,0.47753588643748823,0.8786122450571483
2020-01-30,1.39,220.0,0.0,0,5.3981627015177525,1.37,5.365976015021851,1.41,5.424950017481403,0.0,12.799999999999999,1.8285714285714285,0.019999999999999796,7.0,1.39,219.66666666666666,1.4085714285714286,225.57142857142858,0.4925480679538643,0.8702852410301553
2020-01-31,1.39,220.0,0.4,0,5.3981627015177525,1.39,5.3981627015177525,1.37,5.365976015021851,0.4,13.2,1.8857142857142857,0.0,0.0,1.3833333333333335,217.66666666666666,1.4100000000000001,226.14285714285714,0.5074150932938455,0.8617017599480682
2020-02-01,1.44,236.0,0.0,0,5.4680601411351315,1.39,5.3981627015177525,1.39,5.3981627015177525,0.4,0.6000000000000001,0.08571428571428573,0.050000000000000044,16.0,1.4066666666666665,225.33333333333334,1.4057142857142857,224.71428571428572,0.5221325810768248,0.8528643314021597
2020-02-02,1.6,291.0,0.0,0,5.676753802268282,1.44,5.4680601411351315,1.39,5.3981627015177525,0.4,0.4,0.05714285714285715,0.16000000000000014,55.0,1.4766666666666666,249.0,1.4257142857142855,231.71428571428572,0.5366961939916004,0.8437755598231856
2020-02-03,1.51,259.0,0.0,0,5.560681631015528,1.6,5.676753802268282,1.44,5.4680601411351315,0.0,0.4,0.05714285714285715,-0.09000000000000008,-32.0,1.5166666666666666,262.0,1.4442857142857142,237.85714285714286,0.5511016400746002,0.8344381237138473
2020-02-04,1.45,239.0,0.0,0,5.480638923341991,1.51,5.560681631015528,1.6,5.676753802268282,0.0,0.4,0.05714285714285715,-0.06000000000000005,-20.0,1.5200000000000002,263.0,1.45,239.71428571428572,0.5653446739747429,0.8248547748594244
2020-02-05,1.43,233.0,0.0,0,5.455321115357702,1.45,5.480638923341991,1.51,5.560681631015528,0.0,0.4,0.05714285714285715,-0.020000000000000018,-6.0,1.4633333333333332,243.66666666666666,1.4585714285714286,242.57142857142858,0.5794210982045637,0.8150283375168114
2020-02-06,1.43,233.0,0.0,0,5.455321115357702,1.43,5.455321115357702,1.45,5.480638923341991,0.0,0.4,0.05714285714285715,0.0,0.0,1.4366666666666668,235.0,1.4642857142857142,244.42857142857142,0.593326764377232,0.8049617075821959
2020-02-07,1.38,216.0,0.0,0,5.37989735354046,1.43,5.455321115357702,1.43,5.455321115357702,0.0,0.0,0.0,-0.050000000000000044,-17.0,1.4133333333333333,227.33333333333334,1.4628571428571426,243.85714285714286,0.6070575744291002,0.7946578517376252
2020-02-08,1.35,207.0,0.0,0,5.337538079701318,1.38,5.37989735354046,1.43,5.455321115357702,0.0,0.0,0.0,-0.029999999999999805,-9.0,1.3866666666666667,218.66666666666666,1.45,239.71428571428572,0.6206094818274227,0.7841198065767104
2020-02-09,1.34,203.0,0.0,0,5.318119993844216,1.35,5.337538079701318,1.38,5.37989735354046,0.0,0.0,0.0,-0.010000000000000009,-4.0,1.3566666666666667,208.66666666666666,1.412857142857143,227.14285714285714,0.6339784927628866,0.7733506777097299
2020-02-10,1.3,190.0,0.0,0,5.25227342804663,1.34,5.318119993844216,1.35,5.337538079701318,0.0,0.0,0.0,-0.040000000000000036,-13.0,1.33,200.0,1.3828571428571428,217.28571428571428,0.647160667326606,0.7623536388483904
2020-02-11,1.28,184.0,0.0,0,5.220355825078324,1.3,5.25227342804663,1.34,5.318119993844216,0.0,0.0,0.0,-0.020000000000000018,-6.0,1.3066666666666666,192.33333333333334,1.3585714285714285,209.42857142857142,0.6601521206712317,0.7511319308705199
2020-02-12,1.27,181.0,0.0,0,5.204006687076795,1.28,5.220355825078324,1.3,5.25227342804663,0.0,0.0,0.0,-0.010000000000000009,-3.0,1.2833333333333334,185.0,1.3357142857142856,202.0,0.6729490241558329,0.7396888608649668
2020-02-13,1.23,169.0,0.0,0,5.135798437050262,1.27,5.204006687076795,1.28,5.220355825078324,0.0,0.0,0.0,-0.040000000000000036,-12.0,1.26,178.0,1.3071428571428572,192.85714285714286,0.6855476064742154,0.7280278011569848
2020-02-14,1.18,153.0,0.0,0,5.0369526024136295,1.23,5.135798437050262,1.27,5.204006687076795,0.0,0.0,0.0,-0.050000000000000044,-16.0,1.2266666666666666,167.66666666666666,1.2785714285714285,183.85714285714286,0.6979441547663435,0.7161521883143933
2020-02-15,1.15,144.0,0.0,0,4.976733742420574,1.18,5.0369526024136295,1.23,5.135798437050262,0.0,0.0,0.0,-0.030000000000000027,-9.0,1.1866666666666668,155.33333333333334,1.25,174.85714285714286,0.7101350157125358,0.7040655221348057
2020-02-16,1.1,128.0,0.0,0,4.859812404361672,1.15,4.976733742420574,1.18,5.0369526024136295,0.0,0.0,0.0,-0.04999999999999982,-16.0,1.1433333333333333,141.66666666666666,1.2157142857142857,164.14285714285714,0.7221165966101162,0.6917713646142218
2020-02-17,1.07,120.0,0.0,0,4.795790545596741,1.1,4.859812404361672,1.15,4.976733742420574,0.0,0.0,0.0,-0.030000000000000027,-8.0,1.1066666666666667,130.66666666666666,1.1828571428571428,154.14285714285714,0.733885366432199,0.6792733388972931
2020-02-18,1.04,112.0,0.0,0,4.727387818712341,1.07,4.795790545596741,1.1,4.859812404361672,0.0,0.0,0.0,-0.030000000000000027,-8.0,1.07,120.0,1.1485714285714284,143.85714285714286,0.7454378568683001,0.6665751282095632
2020-02-19,1.03,109.0,0.0,0,4.700480365792417,1.04,4.727387818712341,1.07,4.795790545596741,0.0,0.0,0.0,-0.010000000000000009,-3.0,1.0466666666666666,113.66666666666667,1.1142857142857143,133.57142857142858,0.7567706633464626,0.653680474772006
2020-02-20,1.03,109.0,0.0,0,4.700480365792417,1.03,4.700480365792417,1.04,4.727387818712341,0.0,0.0,0.0,0.0,0.0,1.0333333333333334,110.0,1.0857142857142856,125.0,0.7678804460366,0.6405931786981751
2020-02-21,1.03,109.0,0.0,0,4.700480365792417,1.03,4.700480365792417,1.03,4.700480365792417,0.0,0.0,0.0,0.0,0.0,1.03,109.0,1.0642857142857143,118.71428571428571,0.7787639308347607,0.6273170968742937
2020-02-22,1.05,114.0,0.0,0,4.74493212836325,1.03,4.700480365792417,1.03,4.700480365792417,0.0,0.0,0.0,0.020000000000000018,5.0,1.0366666666666668,110.66666666666667,1.05,114.42857142857143,0.7894179103280197,0.613856141822612
2020-02-23,0.98,95.0,0.0,0,4.564348191467836,1.05,4.74493212836325,1.03,4.700480365792417,0.0,0.0,0.0,-0.07000000000000006,-19.0,1.0199999999999998,106.0,1.032857142857143,109.71428571428571,0.7998392447397193,0.6002142805483682
2020-02-24,0.97,93.0,0.0,0,4.543294782270004,0.98,4.564348191467836,1.05,4.74493212836325,0.0,0.0,0.0,-0.010000000000000009,-2.0,1.0,100.66666666666667,1.0185714285714285,105.85714285714286,0.8100248628547753,0.5863955333706956
2020-02-25,0.92,80.0,0.0,0,4.394449154672439,0.97,4.543294782270004,0.98,4.564348191467836,0.0,0.0,0.0,-0.04999999999999993,-13.0,0.9566666666666667,89.33333333333333,1.0014285714285713,101.28571428571429,0.8199717629247771,0.5724039727378148
2020-02-26,0.91,77.0,0.0,0,4.356708826689592,0.92,4.394449154672439,0.97,4.543294782270004,0.0,0.0,0.0,-0.010000000000000009,-3.0,0.9333333333333332,83.33333333333333,0.9842857142857143,96.71428571428571,0.8296770135526188,0.5582437220268648
2020-02-27,0.91,77.0,0.0,0,4.356708826689592,0.91,4.356708826689592,0.92,4.394449154672439,0.0,0.0,0.0,0.0,0.0,0.9133333333333334,78.0,0.9671428571428572,92.14285714285714,0.8391377545563938,0.5439189543287247
2020-02-28,0.96,90.0,0.0,0,4.51085950651685,0.91,4.356708826689592,0.91,4.356708826689592,0.0,0.0,0.0,0.04999999999999993,13.0,0.9266666666666667,81.33333333333333,0.9571428571428572,89.42857142857143,0.8483511978123038,0.5294338912181853
2020-02-29,0.99,98.0,0.0,0,4.59511985013459,0.96,4.51085950651685,0.91,4.356708826689592,0.0,0.0,0.0,0.030000000000000027,8.0,0.9533333333333333,88.33333333333333,0.9485714285714286,87.14285714285714,0.8573146280763322,0.5147928015098309
2020-03-01,1.13,138.0,1.6,0,4.9344739331306915,0.99,4.59511985013459,0.96,4.51085950651685,1.6,1.6,0.2285714285714286,0.1399999999999999,40.0,1.0266666666666666,108.66666666666667,0.9699999999999999,93.28571428571429,0.8660254037844386,0.5000000000000001
2020-03-02,1.14,141.0,0.0,0,4.955827057601261,1.13,4.9344739331306915,0.99,4.59511985013459,1.6,1.6,0.2285714285714286,0.010000000000000009,3.0,1.0866666666666667,125.66666666666667,0.9942857142857143,100.14285714285714,0.8744809578310397,0.4850598461951962
2020-03-03,1.12,135.0,2.0,0,4.912654885736052,1.14,4.955827057601261,1.13,4.9344739331306915,3.6,3.6,0.5142857142857143,-0.019999999999999796,-6.0,1.13,138.0,1.022857142857143,108.0,0.8826787983255474,0.46997674302731995
2020-03-04,1.5,256.0,0.0,0,5.54907608489522,1.12,4.912654885736052,1.14,4.955827057601261,2.0,3.6,0.5142857142857143,0.3799999999999999,121.0,1.2533333333333332,177.33333333333334,1.1071428571428572,133.57142857142858,0.8906165093267404,0.4547551355561058
2020-03-05,1.57,280.0,0.6,0,5.638354669333745,1.5,5.54907608489522,1.12,4.912654885736052,2.6,4.2,0.6,0.07000000000000006,24.0,1.3966666666666667,223.66666666666666,1.2014285714285715,162.57142857142858,0.8982917515547528,0.4393995096591417
2020-03-06,1.68,319.0,2.0,0,5.768320995793772,1.57,5.638354669333745,1.5,5.54907608489522,2.6,6.2,0.8857142857142858,0.10999999999999988,39.0,1.5833333333333333,285.0,1.304285714285714,195.28571428571428,0.9057022630804714,0.42391439070986076
2020-03-07,1.89,398.0,0.0,0,5.988961416889864,1.68,5.768320995793772,1.57,5.638354669333745,2.6,6.2,0.8857142857142858,0.20999999999999996,79.0,1.7133333333333336,332.3333333333333,1.4328571428571428,238.14285714285714,0.9128458599921356,0.40830434224389334
2020-03-08,2.21,533.0,0.0,0,6.280395838960195,1.89,5.988961416889864,1.68,5.768320995793772,2.0,4.6,0.6571428571428571,0.32000000000000006,135.0,1.9266666666666665,416.6666666666667,1.587142857142857,294.57142857142856,0.9197204370389467,0.3925739646141717
2020-03-09,2.29,567.0,0.0,0,6.342121418721152,2.21,6.280395838960195,1.89,5.988961416889864,0.0,4.6,0.6571428571428571,0.08000000000000007,34.0,2.1300000000000003,499.3333333333333,1.7514285714285713,355.42857142857144,0.926323968251495,0.3767278936351851
2020-03-10,2.28,563.0,0.0,0,6.335054251498059,2.29,6.342121418721152,2.21,6.280395838960195,0.0,2.6,0.37142857142857144,-0.010000000000000231,-4.0,2.26,554.3333333333334,1.917142857142857,416.57142857142856,0.9326545075388224,0.36077079921678346
2020-03-11,2.01,447.0,0.0,0,6.104793232414985,2.28,6.335054251498059,2.29,6.342121418721152,0.0,2.6,0.37142857142857144,-0.27,-116.0,2.1933333333333334,525.6666666666666,1.99,443.85714285714283,0.9387101892619443,0.3447073839879338
2020-03-12,1.87,390.0,0.0,0,5.968707559985366,2.01,6.104793232414985,2.28,6.335054251498059,0.0,2.0,0.2857142857142857,-0.13999999999999968,-57.0,2.0533333333333332,466.6666666666667,2.032857142857143,459.57142857142856,0.9444892287836613,0.32854238191083485
2020-03-13,1.63,302.0,0.0,0,5.713732805509369,1.87,5.968707559985366,2.01,6.104793232414985,0.0,0.0,0.0,-0.2400000000000002,-88.0,1.8366666666666667,379.6666666666667,2.025714285714286,457.14285714285717,0.949989922994501,0.3122805568857947
2020-03-14,1.59,287.0,0.0,0,5.662960480135946,1.63,5.713732805509369,1.87,5.968707559985366,0.0,0.0,0.0,-0.039999999999999813,-15.0,1.6966666666666665,326.3333333333333,1.9828571428571427,441.2857142857143,0.9552106508146316,0.2959267013472893
2020-03-15,1.67,316.0,14.6,0,5.75890177387728,1.59,5.662960480135946,1.63,5.713732805509369,14.6,14.6,2.085714285714286,0.07999999999999985,29.0,1.63,301.6666666666667,1.9057142857142855,410.2857142857143,0.9601498736716018,0.2794856348516095
2020-03-16,1.78,355.0,33.6,0,5.87493073085203,1.67,5.75890177387728,1.59,5.662960480135946,48.2,48.2,6.885714285714286,0.1100000000000001,39.0,1.68,319.3333333333333,1.832857142857143,380.0,0.9648061359537645,0.2629622026565149
2020-03-17,2.65,726.0,0.4,0,6.588926477533519,1.78,5.87493073085203,1.67,5.75890177387728,48.6,48.6,6.942857142857143,0.8699999999999999,371.0,2.033333333333333,465.6666666666667,1.8857142857142857,403.2857142857143,0.9691780654392536,0.2463612742933148
2020-03-18,3.31,1032.0,0.0,0,6.940222469119639,2.65,6.588926477533519,1.78,5.87493073085203,34.0,48.6,6.942857142857143,0.6600000000000001,306.0,2.58,704.3333333333334,2.0714285714285716,486.85714285714283,0.9732643737003824,0.22968774213179574
2020-03-19,3.32,1036.0,0.0,0,6.9440872082295275,3.31,6.940222469119639,2.65,6.588926477533519,0.4,48.6,6.942857142857143,0.009999999999999787,4.0,3.0933333333333333,931.3333333333334,2.2785714285714285,579.1428571428571,0.9770638564833508,0.21294651993841582
2020-03-20,2.82,805.0,0.0,0,6.692083742506628,3.32,6.9440872082295275,3.31,6.940222469119639,0.0,48.6,6.942857142857143,-0.5,-231.0,3.15,957.6666666666666,2.448571428571429,651.0,0.9805753940631429,0.19614254142819698
2020-03-21,2.41,618.0,0.0,0,6.428105272684596,2.82,6.692083742506628,3.32,6.9440872082295275,0.0,48.6,6.942857142857143,-0.4099999999999997,-187.0,2.85,819.6666666666666,2.565714285714286,698.2857142857143,0.9837979515735163,0.17928075881073577
2020-03-22,2.16,511.0,0.0,0,6.238324625039508,2.41,6.428105272684596,2.82,6.692083742506628,0.0,34.0,4.857142857142857,-0.25,-107.0,2.4633333333333334,644.6666666666666,2.6357142857142857,726.1428571428571,0.9867305793119814,0.162366141330764
2020-03-23,1.94,418.0,0.2,0,6.037870919922137,2.16,6.238324625039508,2.41,6.428105272684596,0.2,0.6000000000000001,0.08571428571428573,-0.2200000000000002,-93.0,2.17,515.6666666666666,2.6585714285714284,735.1428571428571,0.989372413019683,0.14540367380368976
2020-03-24,1.82,370.0,1.2,0,5.916202062607435,1.94,6.037870919922137,2.16,6.238324625039508,1.4,1.4,0.19999999999999998,-0.11999999999999988,-48.0,1.9733333333333334,433.0,2.5399999999999996,684.2857142857143,0.9917226741361015,0.12839835514655099
2020-03-25,1.72,334.0,0.0,0,5.814130531825066,1.82,5.916202062607435,1.94,6.037870919922137,1.4,1.4000000000000001,0.2,-0.10000000000000009,-36.0,1.8266666666666669,374.0,2.312857142857143,584.5714285714286,0.9937806700284985,0.11135519690480875
2020-03-26,1.6,291.0,0.0,0,5.676753802268282,1.72,5.814130531825066,1.82,5.916202062607435,1.2,1.4000000000000001,0.2,-0.11999999999999988,-43.0,1.7133333333333336,331.6666666666667,2.067142857142857,478.14285714285717,0.9955457941960382,0.09427922177542453
2020-03-27,1.56,277.0,0.0,0,5.627621113690637,1.6,5.676753802268282,1.72,5.814130531825066,0.0,1.4000000000000001,0.2,-0.040000000000000036,-14.0,1.6266666666666667,300.6666666666667,1.8871428571428572,402.7142857142857,0.9970175264485267,0.07717546212664653
2020-03-28,1.48,249.0,0.0,0,5.521460917862246,1.56,5.627621113690637,1.6,5.676753802268282,0.0,1.4000000000000001,0.2,-0.08000000000000007,-28.0,1.5466666666666669,272.3333333333333,1.7542857142857142,350.0,0.998195433059714,0.0600489585149486
2020-03-29,1.4,223.0,0.0,0,5.4116460518550396,1.48,5.521460917862246,1.56,5.627621113690637,0.0,1.4000000000000001,0.2,-0.08000000000000007,-26.0,1.4799999999999998,249.66666666666666,1.6457142857142857,308.85714285714283,0.9990791668951153,0.042904758199554374
2020-03-30,1.34,203.0,4.2,0,5.318119993844216,1.4,5.4116460518550396,1.48,5.521460917862246,4.2,5.4,0.7714285714285715,-0.05999999999999983,-20.0,1.4066666666666665,225.0,1.56,278.14285714285717,0.999668467514313,0.025747913654988658
2020-03-31,1.29,187.0,15.8,0,5.236441962829949,1.34,5.318119993844216,1.4,5.4116460518550396,20.0,20.0,2.857142857142857,-0.050000000000000044,-16.0,1.3433333333333335,204.33333333333334,1.4842857142857144,252.0,0.9999631612477099,0.008583481082087055
2020-04-01,1.4,223.0,13.4,0,5.4116460518550396,1.29,5.236441962829949,1.34,5.318119993844216,33.4,33.4,4.771428571428571,0.10999999999999988,36.0,1.3433333333333335,204.33333333333334,1.4385714285714286,236.14285714285714,0.9999631612477099,-0.008583481082086933
2020-04-02,1.62,298.0,0.2,0,5.700443573390687,1.4,5.4116460518550396,1.29,5.236441962829949,29.400000000000002,33.6,4.8,0.2200000000000002,75.0,1.4366666666666668,236.0,1.4414285714285715,237.14285714285714,0.9996684675143132,-0.025747913654988314
2020-04-03,1.71,330.0,0.0,0,5.802118375377063,1.62,5.700443573390687,1.4,5.4116460518550396,13.6,33.6,4.8,0.08999999999999986,32.0,1.5766666666666669,283.6666666666667,1.4628571428571429,244.71428571428572,0.9990791668951153,-0.04290475819955447
2020-04-04,1.66,312.0,0.0,0,5.746203190540153,1.71,5.802118375377063,1.62,5.700443573390687,0.2,33.6,4.8,-0.050000000000000044,-18.0,1.6633333333333333,313.3333333333333,1.4885714285714287,253.71428571428572,0.998195433059714,-0.06004895851494825
2020-04-05,1.53,266.0,0.2,0,5.58724865840025,1.66,5.746203190540153,1.71,5.802118375377063,0.2,33.8,4.828571428571428,-0.1299999999999999,-46.0,1.633333333333333,302.6666666666667,1.5071428571428573,259.85714285714283,0.9970175264485267,-0.07717546212664618
2020-04-06,1.47,246.0,1.2,0,5.5093883366279774,1.53,5.58724865840025,1.66,5.746203190540153,1.4,30.8,4.4,-0.06000000000000005,-20.0,1.5533333333333335,274.6666666666667,1.5257142857142856,266.0,0.9955457941960382,-0.0942792217754244
2020-04-07,1.39,220.0,1.0,0,5.3981627015177525,1.47,5.5093883366279774,1.53,5.58724865840025,2.4,16.0,2.2857142857142856,-0.08000000000000007,-26.0,1.4633333333333332,244.0,1.5399999999999998,270.7142857142857,0.9937806700284985,-0.11135519690480862
2020-04-08,1.39,220.0,0.0,0,5.3981627015177525,1.39,5.3981627015177525,1.47,5.5093883366279774,2.1999999999999997,2.6,0.37142857142857144,0.0,0.0,1.4166666666666667,228.66666666666666,1.5385714285714285,270.2857142857143,0.9917226741361015,-0.12839835514655107
2020-04-09,1.4,223.0,0.0,0,5.4116460518550396,1.39,5.3981627015177525,1.39,5.3981627015177525,1.0,2.4,0.34285714285714286,0.010000000000000009,3.0,1.3933333333333333,221.0,1.507142857142857,259.57142857142856,0.9893724130196829,-0.14540367380368988
2020-04-10,1.41,226.0,2.8,0,5.424950017481403,1.4,5.4116460518550396,1.39,5.3981627015177525,2.8,5.199999999999999,0.7428571428571428,0.010000000000000009,3.0,1.4000000000000001,223.0,1.4642857142857142,244.71428571428572,0.9867305793119814,-0.16236614133076366
2020-04-11,1.5,256.0,0.2,0,5.54907608489522,1.41,5.424950017481403,1.4,5.4116460518550396,3.0,5.3999999999999995,0.7714285714285714,0.09000000000000008,30.0,1.4366666666666665,235.0,1.4414285714285715,236.71428571428572,0.9837979515735163,-0.17928075881073566
2020-04-12,1.49,252.0,0.0,0,5.53338948872752,1.5,5.54907608489522,1.41,5.424950017481403,3.0,5.199999999999999,0.7428571428571428,-0.010000000000000009,-4.0,1.4666666666666668,244.66666666666666,1.4357142857142855,234.71428571428572,0.980575394063143,-0.19614254142819687
2020-04-13,1.76,348.0,0.0,0,5.855071922202427,1.49,5.53338948872752,1.5,5.54907608489522,0.2,4.0,0.5714285714285714,0.27,96.0,1.5833333333333333,285.3333333333333,1.477142857142857,249.28571428571428,0.9770638564833507,-0.21294651993841593
2020-04-14,1.77,351.0,0.0,0,5.863631175598097,1.76,5.855071922202427,1.49,5.53338948872752,0.0,3.0,0.42857142857142855,0.010000000000000009,3.0,1.6733333333333331,317.0,1.5314285714285714,268.0,0.9732643737003824,-0.22968774213179563
2020-04-15,1.75,344.0,0.4,0,5.84354441703136,1.77,5.863631175598097,1.76,5.855071922202427,0.4,3.4,0.4857142857142857,-0.020000000000000018,-7.0,1.76,347.6666666666667,1.5828571428571425,285.7142857142857,0.9691780654392537,-0.2463612742933147
2020-04-16,1.64,305.0,0.8,0,5.723585101952381,1.75,5.84354441703136,1.77,5.863631175598097,1.2000000000000002,4.2,0.6,-0.1100000000000001,-39.0,1.72,333.3333333333333,1.6171428571428572,297.42857142857144,0.9648061359537646,-0.26296220265651454
2020-04-17,1.52,263.0,1.4,0,5.575949103146316,1.64,5.723585101952381,1.75,5.84354441703136,2.6,2.8,0.39999999999999997,-0.11999999999999988,-42.0,1.6366666666666667,304.0,1.6328571428571428,302.7142857142857,0.9601498736716018,-0.2794856348516094
2020-04-18,1.5,256.0,2.8,0,5.54907608489522,1.52,5.575949103146316,1.64,5.723585101952381,5.0,5.3999999999999995,0.7714285714285714,-0.020000000000000018,-7.0,1.5533333333333335,274.6666666666667,1.6328571428571428,302.7142857142857,0.9552106508146317,-0.2959267013472892
2020-04-19,1.54,270.0,0.2,0,5.602118820879701,1.5,5.54907608489522,1.52,5.575949103146316,4.4,5.6,0.7999999999999999,0.040000000000000036,14.0,1.5200000000000002,263.0,1.6400000000000001,305.2857142857143,0.949989922994501,-0.31228055688579476
2020-04-20,1.67,316.0,0.0,0,5.75890177387728,1.54,5.602118820879701,1.5,5.54907608489522,3.0,5.6,0.7999999999999999,0.1299999999999999,46.0,1.57,280.6666666666667,1.6271428571428572,300.7142857142857,0.9444892287836613,-0.32854238191083474
2020-04-21,1.72,334.0,5.4,0,5.814130531825066,1.67,5.75890177387728,1.54,5.602118820879701,5.6000000000000005,11.0,1.5714285714285714,0.050000000000000044,18.0,1.6433333333333333,306.6666666666667,1.6199999999999999,298.2857142857143,0.9387101892619443,-0.3447073839879337
2020-04-22,1.73,337.0,0.0,0,5.823045895483019,1.72,5.814130531825066,1.67,5.75890177387728,5.4,10.6,1.5142857142857142,0.010000000000000009,3.0,1.7066666666666668,329.0,1.6171428571428572,297.2857142857143,0.9326545075388225,-0.3607707992167831
2020-04-23,1.79,359.0,0.0,0,5.886104031450156,1.73,5.823045895483019,1.72,5.814130531825066,5.4,9.8,1.4000000000000001,0.06000000000000005,22.0,1.7466666666666668,343.3333333333333,1.6385714285714286,305.0,0.926323968251495,-0.376727893635185
2020-04-24,1.84,378.0,0.0,0,5.937536205082426,1.79,5.886104031450156,1.73,5.823045895483019,0.0,8.4,1.2,0.050000000000000044,19.0,1.7866666666666668,358.0,1.6842857142857144,321.42857142857144,0.9197204370389467,-0.39257396461417177
2020-04-25,1.78,355.0,0.0,0,5.87493073085203,1.84,5.937536205082426,1.79,5.886104031450156,0.0,5.6000000000000005,0.8,-0.06000000000000005,-23.0,1.8033333333333335,364.0,1.7242857142857144,335.57142857142856,0.9128458599921355,-0.40830434224389345
2020-04-26,1.67,316.0,15.0,0,5.75890177387728,1.78,5.87493073085203,1.84,5.937536205082426,15.0,20.4,2.914285714285714,-0.1100000000000001,-39.0,1.7633333333333334,349.6666666666667,1.7428571428571427,342.14285714285717,0.9057022630804715,-0.42391439070986064
2020-04-27,1.76,348.0,0.0,0,5.855071922202427,1.67,5.75890177387728,1.78,5.87493073085203,15.0,20.4,2.914285714285714,0.09000000000000008,32.0,1.7366666666666666,339.6666666666667,1.7557142857142856,346.7142857142857,0.898291751554753,-0.43939950965914143
2020-04-28,1.86,386.0,0.0,0,5.958424693029782,1.76,5.855071922202427,1.67,5.75890177387728,15.0,15.0,2.142857142857143,0.10000000000000009,38.0,1.7633333333333334,350.0,1.775714285714286,354.14285714285717,0.8906165093267405,-0.4547551355561055
2020-04-29,2.1,485.0,0.0,0,6.186208623900494,1.86,5.958424693029782,1.76,5.855071922202427,0.0,15.0,2.142857142857143,0.24,99.0,1.9066666666666665,406.3333333333333,1.8285714285714287,375.2857142857143,0.8826787983255476,-0.4699767430273197
2020-04-30,2.1,485.0,0.0,0,6.186208623900494,2.1,6.186208623900494,1.86,5.958424693029782,0.0,15.0,2.142857142857143,0.0,0.0,2.02,452.0,1.8728571428571428,393.2857142857143,0.8744809578310397,-0.4850598461951961
2020-05-01,1.88,394.0,0.0,0,5.978885764901122,2.1,6.186208623900494,2.1,6.186208623900494,0.0,15.0,2.142857142857143,-0.2200000000000002,-91.0,2.026666666666667,454.6666666666667,1.8785714285714286,395.57142857142856,0.8660254037844387,-0.4999999999999998
2020-05-02,1.63,302.0,0.0,0,5.713732805509369,1.88,5.978885764901122,2.1,6.186208623900494,0.0,15.0,2.142857142857143,-0.25,-92.0,1.8699999999999999,393.6666666666667,1.8571428571428572,388.0,0.8573146280763323,-0.5147928015098308
2020-05-03,1.54,270.0,0.0,0,5.602118820879701,1.63,5.713732805509369,1.88,5.978885764901122,0.0,0.0,0.0,-0.08999999999999986,-32.0,1.6833333333333333,322.0,1.8385714285714287,381.42857142857144,0.848351197812304,-0.5294338912181852
2020-05-04,1.49,252.0,0.0,0,5.53338948872752,1.54,5.602118820879701,1.63,5.713732805509369,0.0,0.0,0.0,-0.050000000000000044,-18.0,1.5533333333333335,274.6666666666667,1.8000000000000003,367.7142857142857,0.8391377545563939,-0.5439189543287246
2020-05-05,1.38,216.0,0.0,0,5.37989735354046,1.49,5.53338948872752,1.54,5.602118820879701,0.0,0.0,0.0,-0.1100000000000001,-36.0,1.47,246.0,1.7314285714285713,343.42857142857144,0.8296770135526188,-0.5582437220268649
2020-05-06,1.3,190.0,0.0,0,5.25227342804663,1.38,5.37989735354046,1.49,5.53338948872752,0.0,0.0,0.0,-0.07999999999999985,-26.0,1.39,219.33333333333334,1.6171428571428572,301.2857142857143,0.8199717629247771,-0.5724039727378148
2020-05-07,1.24,172.0,0.0,0,5.153291594497779,1.3,5.25227342804663,1.38,5.37989735354046,0.0,0.0,0.0,-0.06000000000000005,-18.0,1.3066666666666666,192.66666666666666,1.4942857142857144,256.57142857142856,0.8100248628547752,-0.5863955333706956
2020-05-08,1.15,144.0,0.4,0,4.976733742420574,1.24,5.153291594497779,1.3,5.25227342804663,0.4,0.4,0.05714285714285715,-0.09000000000000008,-28.0,1.2299999999999998,168.66666666666666,1.39,220.85714285714286,0.7998392447397195,-0.600214280548368
2020-05-09,1.13,138.0,4.8,0,4.9344739331306915,1.15,4.976733742420574,1.24,5.153291594497779,5.2,5.2,0.7428571428571429,-0.020000000000000018,-6.0,1.1733333333333331,151.33333333333334,1.3185714285714287,197.42857142857142,0.7894179103280199,-0.6138561418226116
2020-05-10,1.19,156.0,15.0,0,5.056245805348308,1.13,4.9344739331306915,1.15,4.976733742420574,20.2,20.2,2.8857142857142857,0.06000000000000005,18.0,1.1566666666666665,146.0,1.2685714285714285,181.14285714285714,0.7787639308347607,-0.6273170968742938
2020-05-11,1.41,226.0,0.0,0,5.424950017481403,1.19,5.056245805348308,1.13,4.9344739331306915,19.8,20.2,2.8857142857142857,0.21999999999999997,70.0,1.2433333333333334,173.33333333333334,1.2571428571428573,177.42857142857142,0.7678804460366001,-0.6405931786981751
2020-05-12,1.6,291.0,5.2,0,5.676753802268282,1.41,5.424950017481403,1.19,5.056245805348308,20.2,25.4,3.6285714285714286,0.19000000000000017,65.0,1.3999999999999997,224.33333333333334,1.2885714285714285,188.14285714285714,0.7567706633464627,-0.6536804747720057
2020-05-13,1.61,295.0,0.0,0,5.69035945432406,1.6,5.676753802268282,1.41,5.424950017481403,5.2,25.4,3.6285714285714286,0.010000000000000009,4.0,1.54,270.6666666666667,1.332857142857143,203.14285714285714,0.7454378568683001,-0.6665751282095632
2020-05-14,1.79,359.0,34.6,0,5.886104031450156,1.61,5.69035945432406,1.6,5.676753802268282,39.800000000000004,60.0,8.571428571428571,0.17999999999999994,64.0,1.6666666666666667,315.0,1.4114285714285713,229.85714285714286,0.7338853664321991,-0.6792733388972931
2020-05-15,1.84,378.0,1.0,0,5.937536205082426,1.79,5.886104031450156,1.61,5.69035945432406,35.6,60.6,8.657142857142857,0.050000000000000044,19.0,1.7466666666666668,344.0,1.51,263.2857142857143,0.722116596610116,-0.6917713646142222
2020-05-16,1.68,319.0,0.2,0,5.768320995793772,1.84,5.937536205082426,1.79,5.886104031450156,35.800000000000004,56.0,8.0,-0.16000000000000014,-59.0,1.7699999999999998,352.0,1.5885714285714285,289.14285714285717,0.7101350157125358,-0.7040655221348058
2020-05-17,1.57,280.0,0.0,0,5.638354669333745,1.68,5.768320995793772,1.84,5.937536205082426,1.2,41.0,5.857142857142857,-0.10999999999999988,-39.0,1.6966666666666665,325.6666666666667,1.6428571428571428,306.85714285714283,0.6979441547663435,-0.7161521883143933
2020-05-18,1.52,263.0,0.0,0,5.575949103146316,1.57,5.638354669333745,1.68,5.768320995793772,0.2,41.0,5.857142857142857,-0.050000000000000044,-17.0,1.5899999999999999,287.3333333333333,1.6585714285714286,312.14285714285717,0.6855476064742155,-0.7280278011569847
2020-05-19,1.44,236.0,0.0,0,5.4680601411351315,1.52,5.575949103146316,1.57,5.638354669333745,0.0,35.800000000000004,5.114285714285715,-0.08000000000000007,-27.0,1.51,259.6666666666667,1.635714285714286,304.2857142857143,0.672949024155833,-0.7396888608649667
2020-05-20,1.35,207.0,0.0,0,5.337538079701318,1.44,5.4680601411351315,1.52,5.575949103146316,0.0,35.800000000000004,5.114285714285715,-0.08999999999999986,-29.0,1.4366666666666668,235.33333333333334,1.5985714285714285,291.7142857142857,0.660152120671232,-0.7511319308705197
2020-05-21,1.2,159.0,0.0,0,5.075173815233827,1.35,5.337538079701318,1.44,5.4680601411351315,0.0,1.2,0.17142857142857143,-0.15000000000000013,-48.0,1.33,200.66666666666666,1.5142857142857142,263.14285714285717,0.647160667326606,-0.7623536388483902
2020-05-22,1.13,138.0,0.0,0,4.9344739331306915,1.2,5.075173815233827,1.35,5.337538079701318,0.0,0.2,0.028571428571428574,-0.07000000000000006,-21.0,1.2266666666666666,168.0,1.412857142857143,228.85714285714286,0.6339784927628868,-0.7733506777097298
2020-05-23,1.08,123.0,0.0,0,4.820281565605037,1.13,4.9344739331306915,1.2,5.075173815233827,0.0,0.0,0.0,-0.04999999999999982,-15.0,1.1366666666666667,140.0,1.3271428571428572,200.85714285714286,0.620609481827423,-0.7841198065767103
2020-05-24,1.0,100.0,0.6,0,4.61512051684126,1.08,4.820281565605037,1.13,4.9344739331306915,0.6,0.6,0.08571428571428572,-0.08000000000000007,-23.0,1.07,120.33333333333333,1.2457142857142858,175.14285714285714,0.6070575744291006,-0.7946578517376249
2020-05-25,1.01,103.0,11.8,0,4.6443908991413725,1.0,4.61512051684126,1.08,4.820281565605037,12.4,12.4,1.7714285714285716,0.010000000000000009,3.0,1.03,108.66666666666667,1.172857142857143,152.28571428571428,0.593326764377232,-0.8049617075821959
2020-05-26,0.96,90.0,0.0,0,4.51085950651685,1.01,4.6443908991413725,1.0,4.61512051684126,12.4,12.4,1.7714285714285716,-0.050000000000000044,-13.0,0.9899999999999999,97.66666666666667,1.1042857142857143,131.42857142857142,0.5794210982045638,-0.8150283375168113
2020-05-27,1.04,112.0,0.0,0,4.727387818712341,0.96,4.51085950651685,1.01,4.6443908991413725,11.8,12.4,1.7714285714285716,0.08000000000000007,22.0,1.0033333333333332,101.66666666666667,1.06,117.85714285714286,0.5653446739747428,-0.8248547748594245
2020-05-28,0.94,85.0,0.0,0,4.454347296253507,1.04,4.727387818712341,0.96,4.51085950651685,0.0,12.4,1.7714285714285716,-0.10000000000000009,-27.0,0.98,95.66666666666667,1.022857142857143,107.28571428571429,0.5511016400746,-0.8344381237138473
2020-05-29,0.93,83.0,0.0,0,4.430816798843313,0.94,4.454347296253507,1.04,4.727387818712341,0.0,12.4,1.7714285714285716,-0.009999999999999898,-2.0,0.9700000000000001,93.33333333333333,0.9942857142857143,99.42857142857143,0.5366961939916005,-0.8437755598231856
2020-05-30,0.9,75.0,0.0,0,4.330733340286331,0.93,4.430816798843313,0.94,4.454347296253507,0.0,12.4,1.7714285714285716,-0.030000000000000027,-8.0,0.9233333333333333,81.0,0.9685714285714285,92.57142857142857,0.522132581076825,-0.8528643314021596
2020-05-31,0.94,85.0,9.8,0,4.454347296253507,0.9,4.330733340286331,0.93,4.430816798843313,9.8,21.6,3.085714285714286,0.039999999999999925,10.0,0.9233333333333333,81.0,0.96,90.42857142857143,0.5074150932938458,-0.861701759948068
2020-06-01,0.93,83.0,2.0,0,4.430816798843313,0.94,4.454347296253507,0.9,4.330733340286331,11.8,11.8,1.6857142857142857,-0.009999999999999898,-2.0,0.9233333333333333,81.0,0.9485714285714285,87.57142857142857,0.4925480679538644,-0.8702852410301553
2020-06-02,0.95,88.0,0.0,0,4.48863636973214,0.93,4.430816798843313,0.94,4.454347296253507,11.8,11.8,1.6857142857142857,0.019999999999999907,5.0,0.94,85.33333333333333,0.9471428571428572,87.28571428571429,0.47753588643748834,-0.8786122450571482
2020-06-03,0.97,93.0,25.4,0,4.543294782270004,0.95,4.48863636973214,0.93,4.430816798843313,27.4,37.2,5.314285714285715,0.020000000000000018,5.0,0.9500000000000001,88.0,0.937142857142857,84.57142857142857,0.4623829729035151,-0.8866803180227399
2020-06-04,1.11,131.0,0.0,0,4.882801922586371,0.97,4.543294782270004,0.95,4.48863636973214,25.4,37.2,5.314285714285715,0.14000000000000012,38.0,1.01,104.0,0.9614285714285714,91.14285714285714,0.44709379298511426,-0.8944870822287954
2020-06-05,1.26,178.0,0.0,0,5.187385805840755,1.11,4.882801922586371,0.97,4.543294782270004,25.4,37.2,5.314285714285715,0.1499999999999999,47.0,1.1133333333333333,134.0,1.0085714285714285,104.71428571428571,0.43167285247378384,-0.9020302369860707
2020-06-06,1.17,150.0,0.2,0,5.017279836814924,1.26,5.187385805840755,1.11,4.882801922586371,0.2,37.4,5.3428571428571425,-0.09000000000000008,-28.0,1.18,153.0,1.0471428571428572,115.42857142857143,0.4161246959914746,-0.9093075592922357
2020-06-07,1.08,123.0,0.6,0,4.820281565605037,1.17,5.017279836814924,1.26,5.187385805840755,0.8,28.2,4.0285714285714285,-0.08999999999999986,-27.0,1.17,150.33333333333334,1.0671428571428572,120.85714285714286,0.4004539056512664,-0.9163169044870048
2020-06-08,1.15,144.0,0.0,0,4.976733742420574,1.08,4.820281565605037,1.17,5.017279836814924,0.7999999999999999,26.2,3.742857142857143,0.06999999999999984,21.0,1.1333333333333335,139.0,1.0985714285714285,129.57142857142858,0.3846650997070012,-0.923056206884176
2020-06-09,1.12,135.0,0.0,0,4.912654885736052,1.15,4.976733742420574,1.08,4.820281565605037,0.5999999999999999,26.2,3.742857142857143,-0.029999999999999805,-9.0,1.116666666666667,134.0,1.122857142857143,136.28571428571428,0.3687629311922603,-0.9295234803804002
2020-06-10,1.08,123.0,0.0,0,4.820281565605037,1.12,4.912654885736052,1.15,4.976733742420574,0.0,0.8,0.1142857142857143,-0.040000000000000036,-12.0,1.116666666666667,134.0,1.1385714285714286,140.57142857142858,0.352752086549095,-0.9357168190404935
2020-06-11,1.02,106.0,2.4,0,4.672828834461906,1.08,4.820281565605037,1.12,4.912654885736052,2.4,3.2,0.4571428571428572,-0.06000000000000005,-17.0,1.0733333333333333,121.33333333333333,1.1257142857142857,137.0,0.3366372842469106,-0.9416343976591258
2020-06-12,1.03,109.0,1.0,0,4.700480365792417,1.02,4.672828834461906,1.08,4.820281565605037,3.4,4.199999999999999,0.5999999999999999,0.010000000000000009,3.0,1.0433333333333332,112.66666666666667,1.092857142857143,127.14285714285714,0.3204232733919116,-0.9472744722987168
2020-06-13,1.02,106.0,0.0,0,4.672828834461906,1.03,4.700480365792417,1.02,4.672828834461906,3.4,3.9999999999999996,0.5714285714285714,-0.010000000000000009,-3.0,1.0233333333333332,107.0,1.0714285714285714,120.85714285714286,0.30411483232751846,-0.9526353808033824
2020-06-14,1.12,135.0,0.0,0,4.912654885736052,1.02,4.672828834461906,1.03,4.700480365792417,1.0,3.3999999999999995,0.48571428571428565,0.10000000000000009,29.0,1.0566666666666666,116.66666666666667,1.0771428571428572,122.57142857142857,0.2877167672261668,-0.9577155432887804
2020-06-15,1.08,123.0,2.2,0,4.820281565605037,1.12,4.912654885736052,1.02,4.672828834461906,2.2,5.6,0.7999999999999999,-0.040000000000000036,-12.0,1.0733333333333335,121.33333333333333,1.0671428571428572,119.57142857142857,0.27123391067291,-0.9625134626077081
2020-06-16,1.02,106.0,3.8,0,4.672828834461906,1.08,4.820281565605037,1.12,4.912654885736052,6.0,9.399999999999999,1.3428571428571427,-0.06000000000000005,-17.0,1.0733333333333335,121.33333333333333,1.052857142857143,115.42857142857143,0.2546711202412288,-0.9670277247913204
2020-06-17,0.96,90.0,8.6,0,4.51085950651685,1.02,4.672828834461906,1.08,4.820281565605037,14.6,18.0,2.5714285714285716,-0.06000000000000005,-16.0,1.02,106.33333333333333,1.0357142857142858,110.71428571428571,0.2380332770614858,-0.9712569994658313
2020-06-18,1.04,112.0,0.0,0,4.727387818712341,0.96,4.51085950651685,1.02,4.672828834461906,12.399999999999999,15.600000000000001,2.2285714285714286,0.08000000000000007,22.0,1.0066666666666666,102.66666666666667,1.0385714285714287,111.57142857142857,0.22132528438243243,-0.9752000402445825
2020-06-19,0.97,93.0,0.0,0,4.543294782270004,1.04,4.727387818712341,0.96,4.51085950651685,8.6,14.600000000000001,2.085714285714286,-0.07000000000000006,-19.0,0.9899999999999999,98.33333333333333,1.03,109.28571428571429,0.2045520661262008,-0.9788556850953578
2020-06-20,0.92,80.0,0.0,0,4.394449154672439,0.97,4.543294782270004,1.04,4.727387818712341,0.0,14.600000000000001,2.085714285714286,-0.04999999999999993,-13.0,0.9766666666666667,95.0,1.0157142857142856,105.57142857142857,0.18771856543719884,-0.9822228566828406
2020-06-21,0.92,80.0,0.0,0,4.394449154672439,0.92,4.394449154672439,0.97,4.543294782270004,0.0,14.600000000000001,2.085714285714286,0.0,0.0,0.9366666666666666,84.33333333333333,0.9871428571428572,97.71428571428571,0.17082974322534442,-0.985300562686109
2020-06-22,0.89,73.0,0.0,0,4.30406509320417,0.92,4.394449154672439,0.92,4.394449154672439,0.0,12.4,1.7714285714285716,-0.030000000000000027,-7.0,0.91,77.66666666666667,0.9600000000000001,90.57142857142857,0.15389057670406214,-0.9880878960910771
2020-06-23,0.83,61.0,0.0,0,4.127134385045092,0.89,4.30406509320417,0.92,4.394449154672439,0.0,8.600000000000001,1.2285714285714289,-0.06000000000000005,-12.0,0.88,71.33333333333333,0.9328571428571429,84.14285714285714,0.13690605792347574,-0.9905840354577969
2020-06-24,0.79,53.0,0.0,0,3.9889840465642745,0.83,4.127134385045092,0.89,4.30406509320417,0.0,0.0,0.0,-0.039999999999999925,-8.0,0.8366666666666666,62.333333333333336,0.9085714285714286,78.85714285714286,0.11988119229922782,-0.9927882451625399
2020-06-25,0.82,59.0,9.0,0,4.0943445622221,0.79,3.9889840465642745,0.83,4.127134385045092,9.0,9.0,1.2857142857142858,0.029999999999999916,6.0,0.8133333333333334,57.666666666666664,0.8771428571428571,71.28571428571429,0.10282099713736025,-0.9946998756145891
2020-06-26,0.85,64.0,3.2,0,4.174387269895637,0.82,4.0943445622221,0.79,3.9889840465642745,12.2,12.2,1.7428571428571427,0.030000000000000027,5.0,0.82,58.666666666666664,0.8600000000000001,67.14285714285714,0.0857305001556943,-0.9963183634476755
2020-06-27,0.95,88.0,0.0,0,4.48863636973214,0.85,4.174387269895637,0.82,4.0943445622221,12.2,12.2,1.7428571428571427,0.09999999999999998,24.0,0.8733333333333334,70.33333333333333,0.8642857142857144,68.28571428571429,0.0686147380021341,-0.9976432316860063
2020-06-28,0.99,98.0,0.0,0,4.59511985013459,0.95,4.48863636973214,0.85,4.174387269895637,3.2,12.2,1.7428571428571427,0.040000000000000036,10.0,0.93,83.33333333333333,0.8742857142857143,70.85714285714286,0.05147875477034673,-0.9986740898848305
2020-06-29,0.98,95.0,0.0,0,4.564348191467836,0.99,4.59511985013459,0.95,4.48863636973214,0.0,12.2,1.7428571428571427,-0.010000000000000009,-3.0,0.9733333333333333,93.66666666666667,0.8871428571428571,74.0,0.03432760051324382,-0.9994106342455052
2020-06-30,0.9,75.0,0.0,0,4.330733340286331,0.98,4.564348191467836,0.99,4.59511985013459,0.0,12.2,1.7428571428571427,-0.07999999999999996,-20.0,0.9566666666666667,89.33333333333333,0.897142857142857,76.0,0.01716632975470737,-0.9998526477050269
2020-07-01,0.86,67.0,0.0,0,4.219507705176107,0.9,4.330733340286331,0.98,4.564348191467836,0.0,12.2,1.7428571428571427,-0.040000000000000036,-8.0,0.9133333333333334,79.0,0.9071428571428571,78.0,1.2246467991473532e-16,-1.0
2020-07-02,0.84,63.0,0.0,0,4.1588830833596715,0.86,4.219507705176107,0.9,4.330733340286331,0.0,3.2,0.4571428571428572,-0.020000000000000018,-4.0,0.8666666666666667,68.33333333333333,0.91,78.57142857142857,-0.017166329754707124,-0.9998526477050269
2020-07-03,0.81,57.0,0.0,0,4.060443010546419,0.84,4.1588830833596715,0.86,4.219507705176107,0.0,0.0,0.0,-0.029999999999999916,-6.0,0.8366666666666668,62.333333333333336,0.9042857142857142,77.57142857142857,-0.03432760051324313,-0.9994106342455054
2020-07-04,0.8,55.0,0.0,0,4.02535169073515,0.81,4.060443010546419,0.84,4.1588830833596715,0.0,0.0,0.0,-0.010000000000000009,-2.0,0.8166666666666668,58.333333333333336,0.8828571428571429,72.85714285714286,-0.051478754770346045,-0.9986740898848305
2020-07-05,0.82,59.0,0.0,0,4.0943445622221,0.8,4.02535169073515,0.81,4.060443010546419,0.0,0.0,0.0,0.019999999999999907,4.0,0.81,57.0,0.8585714285714285,67.28571428571429,-0.06861473800213432,-0.9976432316860063
2020-07-06,0.82,59.0,0.0,0,4.0943445622221,0.82,4.0943445622221,0.8,4.02535169073515,0.0,0.0,0.0,0.0,0.0,0.8133333333333334,57.666666666666664,0.8357142857142856,62.142857142857146,-0.0857305001556945,-0.9963183634476755
2020-07-07,0.8,55.0,0.0,0,4.02535169073515,0.82,4.0943445622221,0.82,4.0943445622221,0.0,0.0,0.0,-0.019999999999999907,-4.0,0.8133333333333334,57.666666666666664,0.8214285714285714,59.285714285714285,-0.10282099713736044,-0.9946998756145891
2020-07-08,0.75,47.0,0.0,0,3.871201010907891,0.8,4.02535169073515,0.82,4.0943445622221,0.0,0.0,0.0,-0.050000000000000044,-8.0,0.79,53.666666666666664,0.8057142857142857,56.42857142857143,-0.11988119229922714,-0.99278824516254
2020-07-09,0.77,50.0,1.4,0,3.9318256327243257,0.75,3.871201010907891,0.8,4.02535169073515,1.4,1.4,0.19999999999999998,0.020000000000000018,3.0,0.7733333333333334,50.666666666666664,0.7957142857142857,54.57142857142857,-0.13690605792347504,-0.990584035457797
2020-07-10,0.78,52.0,0.0,0,3.970291913552122,0.77,3.9318256327243257,0.75,3.871201010907891,1.4,1.4,0.19999999999999998,0.010000000000000009,2.0,0.7666666666666666,49.666666666666664,0.7914285714285715,53.857142857142854,-0.15389057670406148,-0.9880878960910772
2020-07-11,0.8,55.0,0.0,0,4.02535169073515,0.78,3.970291913552122,0.77,3.9318256327243257,1.4,1.4,0.19999999999999998,0.020000000000000018,3.0,0.7833333333333333,52.333333333333336,0.7914285714285715,53.857142857142854,-0.17082974322534417,-0.985300562686109
2020-07-12,0.83,61.0,0.8,0,4.127134385045092,0.8,4.02535169073515,0.78,3.970291913552122,0.8,2.2,0.31428571428571433,0.029999999999999916,6.0,0.8033333333333333,56.0,0.7928571428571429,54.142857142857146,-0.1877185654371986,-0.9822228566828407
2020-07-13,0.87,69.0,0.0,0,4.248495242049359,0.83,4.127134385045092,0.8,4.02535169073515,0.8,2.2,0.31428571428571433,0.040000000000000036,8.0,0.8333333333333334,61.666666666666664,0.8,55.57142857142857,-0.20455206612620058,-0.9788556850953579
2020-07-14,0.87,69.0,0.0,0,4.248495242049359,0.87,4.248495242049359,0.83,4.127134385045092,0.8,2.2,0.31428571428571433,0.0,0.0,0.8566666666666666,66.33333333333333,0.8099999999999999,57.57142857142857,-0.22132528438243218,-0.9752000402445826
2020-07-15,0.84,63.0,0.0,0,4.1588830833596715,0.87,4.248495242049359,0.87,4.248495242049359,0.0,2.2,0.31428571428571433,-0.030000000000000027,-6.0,0.86,67.0,0.822857142857143,59.857142857142854,-0.23803327706148514,-0.9712569994658315
2020-07-16,0.82,59.0,0.0,0,4.0943445622221,0.84,4.1588830833596715,0.87,4.248495242049359,0.0,0.8,0.1142857142857143,-0.020000000000000018,-4.0,0.8433333333333333,63.666666666666664,0.83,61.142857142857146,-0.254671120241229,-0.9670277247913203
2020-07-17,0.81,57.0,0.0,0,4.060443010546419,0.82,4.0943445622221,0.84,4.1588830833596715,0.0,0.8,0.1142857142857143,-0.009999999999999898,-2.0,0.8233333333333333,59.666666666666664,0.8342857142857143,61.857142857142854,-0.2712339106729102,-0.9625134626077081
2020-07-18,0.8,55.0,0.0,0,4.02535169073515,0.81,4.060443010546419,0.82,4.0943445622221,0.0,0.8,0.1142857142857143,-0.010000000000000009,-2.0,0.81,57.0,0.8342857142857143,61.857142857142854,-0.287716767226167,-0.9577155432887803
2020-07-19,0.8,55.0,0.0,0,4.02535169073515,0.8,4.02535169073515,0.81,4.060443010546419,0.0,0.0,0.0,0.0,0.0,0.8033333333333333,55.666666666666664,0.83,61.0,-0.3041148323275178,-0.9526353808033826
2020-07-20,0.8,55.0,0.0,0,4.02535169073515,0.8,4.02535169073515,0.8,4.02535169073515,0.0,0.0,0.0,0.0,0.0,0.8,55.0,0.8200000000000001,59.0,-0.32042327339191096,-0.947274472298717
2020-07-21,0.81,57.0,0.2,0,4.060443010546419,0.8,4.02535169073515,0.8,4.02535169073515,0.2,0.2,0.028571428571428574,0.010000000000000009,2.0,0.8033333333333333,55.666666666666664,0.8114285714285715,57.285714285714285,-0.3366372842469099,-0.941634397659126
2020-07-22,0.8,55.0,0.0,0,4.02535169073515,0.81,4.060443010546419,0.8,4.02535169073515,0.2,0.2,0.028571428571428574,-0.010000000000000009,-2.0,0.8033333333333333,55.666666666666664,0.8057142857142857,56.142857142857146,-0.35275208654909473,-0.9357168190404936
2020-07-23,0.8,55.0,0.0,0,4.02535169073515,0.8,4.02535169073515,0.81,4.060443010546419,0.2,0.2,0.028571428571428574,0.0,0.0,0.8033333333333333,55.666666666666664,0.802857142857143,55.57142857142857,-0.36876293119226006,-0.9295234803804003
2020-07-24,0.78,52.0,0.0,0,3.970291913552122,0.8,4.02535169073515,0.8,4.02535169073515,0.0,0.2,0.028571428571428574,-0.020000000000000018,-3.0,0.7933333333333333,54.0,0.7985714285714286,54.857142857142854,-0.38466509970700097,-0.9230562068841761
2020-07-25,0.73,44.0,0.0,0,3.8066624897703196,0.78,3.970291913552122,0.8,4.02535169073515,0.0,0.2,0.028571428571428574,-0.050000000000000044,-8.0,0.77,50.333333333333336,0.7885714285714286,53.285714285714285,-0.40045390565126615,-0.9163169044870049
2020-07-26,0.75,47.0,0.0,0,3.871201010907891,0.73,3.8066624897703196,0.78,3.970291913552122,0.0,0.2,0.028571428571428574,0.020000000000000018,3.0,0.7533333333333333,47.666666666666664,0.7814285714285715,52.142857142857146,-0.4161246959914748,-0.9093075592922356
2020-07-27,0.8,55.0,0.2,0,4.02535169073515,0.75,3.871201010907891,0.73,3.8066624897703196,0.2,0.4,0.05714285714285715,0.050000000000000044,8.0,0.7600000000000001,48.666666666666664,0.7814285714285714,52.142857142857146,-0.431672852473784,-0.9020302369860707
2020-07-28,0.8,55.0,0.4,0,4.02535169073515,0.8,4.02535169073515,0.75,3.871201010907891,0.6000000000000001,0.6000000000000001,0.08571428571428573,0.0,0.0,0.7833333333333333,52.333333333333336,0.78,51.857142857142854,-0.44709379298511404,-0.8944870822287955
2020-07-29,0.78,52.0,0.0,0,3.970291913552122,0.8,4.02535169073515,0.8,4.02535169073515,0.6000000000000001,0.6000000000000001,0.08571428571428573,-0.020000000000000018,-3.0,0.7933333333333333,54.0,0.7771428571428572,51.42857142857143,-0.4623829729035149,-0.88668031802274
2020-07-30,0.78,52.0,2.8,0,3.970291913552122,0.78,3.970291913552122,0.8,4.02535169073515,3.1999999999999997,3.4,0.4857142857142857,0.0,0.0,0.7866666666666667,53.0,0.7742857142857144,51.0,-0.4775358864374881,-0.8786122450571483
2020-07-31,0.77,50.0,0.0,0,3.9318256327243257,0.78,3.970291913552122,0.78,3.970291913552122,2.8,3.4,0.4857142857142857,-0.010000000000000009,-2.0,0.7766666666666667,51.333333333333336,0.7728571428571429,50.714285714285715,-0.4925480679538642,-0.8702852410301554
2020-08-01,0.77,50.0,0.0,0,3.9318256327243257,0.77,3.9318256327243257,0.78,3.970291913552122,2.8,3.4,0.4857142857142857,0.0,0.0,0.7733333333333334,50.666666666666664,0.7785714285714286,51.57142857142857,-0.5074150932938452,-0.8617017599480683
2020-08-02,0.8,55.0,0.0,0,4.02535169073515,0.77,3.9318256327243257,0.77,3.9318256327243257,0.0,3.4,0.4857142857142857,0.030000000000000027,5.0,0.7799999999999999,51.666666666666664,0.7857142857142857,52.714285714285715,-0.5221325810768248,-0.8528643314021597
2020-08-03,0.8,55.0,0.0,0,4.02535169073515,0.8,4.02535169073515,0.77,3.9318256327243257,0.0,3.1999999999999997,0.45714285714285713,0.0,0.0,0.79,53.333333333333336,0.7857142857142857,52.714285714285715,-0.5366961939916003,-0.8437755598231858
2020-08-04,0.8,55.0,0.0,0,4.02535169073515,0.8,4.02535169073515,0.8,4.02535169073515,0.0,2.8,0.39999999999999997,0.0,0.0,0.8,55.0,0.7857142857142857,52.714285714285715,-0.5511016400745998,-0.8344381237138474
2020-08-05,0.78,52.0,0.0,0,3.970291913552122,0.8,4.02535169073515,0.8,4.02535169073515,0.0,2.8,0.39999999999999997,-0.020000000000000018,-3.0,0.7933333333333333,54.0,0.7857142857142857,52.714285714285715,-0.5653446739747425,-0.8248547748594246
2020-08-06,0.77,50.0,0.0,0,3.9318256327243257,0.78,3.970291913552122,0.8,4.02535169073515,0.0,0.0,0.0,-0.010000000000000009,-2.0,0.7833333333333333,52.333333333333336,0.7842857142857144,52.42857142857143,-0.5794210982045637,-0.8150283375168114
2020-08-07,0.78,52.0,0.0,0,3.970291913552122,0.77,3.9318256327243257,0.78,3.970291913552122,0.0,0.0,0.0,0.010000000000000009,2.0,0.7766666666666667,51.333333333333336,0.7857142857142857,52.714285714285715,-0.5933267643772321,-0.8049617075821958
2020-08-08,0.76,48.0,0.0,0,3.8918202981106265,0.78,3.970291913552122,0.77,3.9318256327243257,0.0,0.0,0.0,-0.020000000000000018,-4.0,0.77,50.0,0.7842857142857144,52.42857142857143,-0.6070575744291004,-0.794657851737625
2020-08-09,0.82,59.0,0.0,0,4.0943445622221,0.76,3.8918202981106265,0.78,3.970291913552122,0.0,0.0,0.0,0.05999999999999994,11.0,0.7866666666666666,53.0,0.7871428571428571,53.0,-0.6206094818274228,-0.7841198065767104
2020-08-10,0.87,69.0,0.0,0,4.248495242049359,0.82,4.0943445622221,0.76,3.8918202981106265,0.0,0.0,0.0,0.050000000000000044,10.0,0.8166666666666668,58.666666666666664,0.7971428571428572,55.0,-0.6339784927628865,-0.77335067770973
2020-08-11,0.87,69.0,1.0,0,4.248495242049359,0.87,4.248495242049359,0.82,4.0943445622221,1.0,1.0,0.14285714285714285,0.0,0.0,0.8533333333333334,65.66666666666667,0.807142857142857,57.0,-0.6471606673266059,-0.7623536388483905
2020-08-12,0.86,67.0,0.0,0,4.219507705176107,0.87,4.248495242049359,0.87,4.248495242049359,1.0,1.0,0.14285714285714285,-0.010000000000000009,-2.0,0.8666666666666667,68.33333333333333,0.8185714285714286,59.142857142857146,-0.6601521206712315,-0.7511319308705201
2020-08-13,0.87,69.0,0.0,0,4.248495242049359,0.86,4.219507705176107,0.87,4.248495242049359,1.0,1.0,0.14285714285714285,0.010000000000000009,2.0,0.8666666666666667,68.33333333333333,0.8328571428571429,61.857142857142854,-0.6729490241558326,-0.7396888608649671
2020-08-14,0.92,80.0,0.0,0,4.394449154672439,0.87,4.248495242049359,0.86,4.219507705176107,0.0,1.0,0.14285714285714285,0.050000000000000044,11.0,0.8833333333333333,72.0,0.852857142857143,65.85714285714286,-0.6855476064742154,-0.7280278011569848
2020-08-15,0.92,80.0,0.0,0,4.394449154672439,0.92,4.394449154672439,0.87,4.248495242049359,0.0,1.0,0.14285714285714285,0.0,0.0,0.9033333333333333,76.33333333333333,0.8757142857142857,70.42857142857143,-0.6979441547663433,-0.7161521883143935
2020-08-16,0.93,83.0,0.0,0,4.430816798843313,0.92,4.394449154672439,0.92,4.394449154672439,0.0,1.0,0.14285714285714285,0.010000000000000009,3.0,0.9233333333333333,81.0,0.8914285714285715,73.85714285714286,-0.7101350157125356,-0.7040655221348059
2020-08-17,0.94,85.0,0.0,0,4.454347296253507,0.93,4.430816798843313,0.92,4.394449154672439,0.0,1.0,0.14285714285714285,0.009999999999999898,2.0,0.93,82.66666666666667,0.9014285714285715,76.14285714285714,-0.7221165966101161,-0.691771364614222
2020-08-18,0.88,71.0,0.0,0,4.276666119016055,0.94,4.454347296253507,0.93,4.430816798843313,0.0,0.0,0.0,-0.05999999999999994,-14.0,0.9166666666666666,79.66666666666667,0.9028571428571429,76.42857142857143,-0.7338853664321993,-0.6792733388972929
2020-08-19,0.87,69.0,0.0,0,4.248495242049359,0.88,4.276666119016055,0.94,4.454347296253507,0.0,0.0,0.0,-0.010000000000000009,-2.0,0.8966666666666666,75.0,0.9042857142857142,76.71428571428571,-0.7454378568683003,-0.6665751282095631
2020-08-20,0.92,80.0,0.0,0,4.394449154672439,0.87,4.248495242049359,0.88,4.276666119016055,0.0,0.0,0.0,0.050000000000000044,11.0,0.89,73.33333333333333,0.9114285714285714,78.28571428571429,-0.7567706633464625,-0.653680474772006
2020-08-21,0.89,73.0,0.0,0,4.30406509320417,0.92,4.394449154672439,0.87,4.248495242049359,0.0,0.0,0.0,-0.030000000000000027,-7.0,0.8933333333333334,74.0,0.9071428571428571,77.28571428571429,-0.7678804460366,-0.6405931786981752
2020-08-22,0.87,69.0,0.0,0,4.248495242049359,0.89,4.30406509320417,0.92,4.394449154672439,0.0,0.0,0.0,-0.020000000000000018,-4.0,0.8933333333333334,74.0,0.9,75.71428571428571,-0.7787639308347605,-0.627317096874294
2020-08-23,0.86,67.0,0.0,0,4.219507705176107,0.87,4.248495242049359,0.89,4.30406509320417,0.0,0.0,0.0,-0.010000000000000009,-2.0,0.8733333333333334,69.66666666666667,0.89,73.42857142857143,-0.7894179103280194,-0.6138561418226122
2020-08-24,0.85,64.0,0.0,0,4.174387269895637,0.86,4.219507705176107,0.87,4.248495242049359,0.0,0.0,0.0,-0.010000000000000009,-3.0,0.86,66.66666666666667,0.8771428571428571,70.42857142857143,-0.7998392447397191,-0.6002142805483686
2020-08-25,0.83,61.0,0.0,0,4.127134385045092,0.85,4.174387269895637,0.86,4.219507705176107,0.0,0.0,0.0,-0.020000000000000018,-3.0,0.8466666666666667,64.0,0.87,69.0,-0.8100248628547748,-0.5863955333706962
2020-08-26,0.8,55.0,0.0,0,4.02535169073515,0.83,4.127134385045092,0.85,4.174387269895637,0.0,0.0,0.0,-0.029999999999999916,-6.0,0.8266666666666667,60.0,0.86,67.0,-0.8199717629247767,-0.5724039727378154
2020-08-27,0.79,53.0,0.0,0,3.9889840465642745,0.8,4.02535169073515,0.83,4.127134385045092,0.0,0.0,0.0,-0.010000000000000009,-2.0,0.8066666666666666,56.333333333333336,0.8414285714285714,63.142857142857146,-0.8296770135526185,-0.5582437220268655
2020-08-28,0.78,52.0,0.0,0,3.970291913552122,0.79,3.9889840465642745,0.8,4.02535169073515,0.0,0.0,0.0,-0.010000000000000009,-1.0,0.79,53.333333333333336,0.8257142857142857,60.142857142857146,-0.8391377545563938,-0.5439189543287248
2020-08-29,0.78,52.0,0.0,0,3.970291913552122,0.78,3.970291913552122,0.79,3.9889840465642745,0.0,0.0,0.0,0.0,0.0,0.7833333333333333,52.333333333333336,0.812857142857143,57.714285714285715,-0.8483511978123038,-0.5294338912181854
2020-08-30,0.8,55.0,0.0,0,4.02535169073515,0.78,3.970291913552122,0.78,3.970291913552122,0.0,0.0,0.0,0.020000000000000018,3.0,0.7866666666666667,53.0,0.8042857142857143,56.0,-0.8573146280763322,-0.514792801509831
2020-08-31,0.84,63.0,0.0,0,4.1588830833596715,0.8,4.02535169073515,0.78,3.970291913552122,0.0,0.0,0.0,0.039999999999999925,8.0,0.8066666666666666,56.666666666666664,0.8028571428571428,55.857142857142854,-0.8660254037844385,-0.5000000000000004
2020-09-01,0.83,61.0,0.0,0,4.127134385045092,0.84,4.1588830833596715,0.8,4.02535169073515,0.0,0.0,0.0,-0.010000000000000009,-2.0,0.8233333333333333,59.666666666666664,0.8028571428571428,55.857142857142854,-0.8744809578310394,-0.4850598461951967
2020-09-02,0.82,59.0,0.0,0,4.0943445622221,0.83,4.127134385045092,0.84,4.1588830833596715,0.0,0.0,0.0,-0.010000000000000009,-2.0,0.83,61.0,0.8057142857142858,56.42857142857143,-0.8826787983255475,-0.4699767430273199
2020-09-03,0.82,59.0,0.0,0,4.0943445622221,0.82,4.0943445622221,0.83,4.127134385045092,0.0,0.0,0.0,0.0,0.0,0.8233333333333333,59.666666666666664,0.8099999999999999,57.285714285714285,-0.8906165093267404,-0.45475513555610575
2020-09-04,0.82,59.0,0.0,0,4.0943445622221,0.82,4.0943445622221,0.82,4.0943445622221,0.0,0.0,0.0,0.0,0.0,0.82,59.0,0.8157142857142857,58.285714285714285,-0.8982917515547529,-0.43939950965914165
2020-09-05,0.85,64.0,0.0,0,4.174387269895637,0.82,4.0943445622221,0.82,4.0943445622221,0.0,0.0,0.0,0.030000000000000027,5.0,0.8300000000000001,60.666666666666664,0.8257142857142856,60.0,-0.9057022630804714,-0.42391439070986087
2020-09-06,0.86,67.0,0.0,0,4.219507705176107,0.85,4.174387269895637,0.82,4.0943445622221,0.0,0.0,0.0,0.010000000000000009,3.0,0.8433333333333333,63.333333333333336,0.8342857142857143,61.714285714285715,-0.9128458599921354,-0.40830434224389367
2020-09-07,0.86,67.0,0.0,0,4.219507705176107,0.86,4.219507705176107,0.85,4.174387269895637,0.0,0.0,0.0,0.0,0.0,0.8566666666666668,66.0,0.8371428571428571,62.285714285714285,-0.9197204370389468,-0.3925739646141714
2020-09-08,0.83,61.0,0.0,0,4.127134385045092,0.86,4.219507705176107,0.86,4.219507705176107,0.0,0.0,0.0,-0.030000000000000027,-6.0,0.85,65.0,0.8371428571428571,62.285714285714285,-0.9263239682514951,-0.3767278936351848
2020-09-09,0.82,59.0,2.6,0,4.0943445622221,0.83,4.127134385045092,0.86,4.219507705176107,2.6,2.6,0.37142857142857144,-0.010000000000000009,-2.0,0.8366666666666666,62.333333333333336,0.8371428571428571,62.285714285714285,-0.9326545075388225,-0.3607707992167831
2020-09-10,0.82,59.0,0.0,0,4.0943445622221,0.82,4.0943445622221,0.83,4.127134385045092,2.6,2.6,0.37142857142857144,0.0,0.0,0.8233333333333333,59.666666666666664,0.8371428571428572,62.285714285714285,-0.9387101892619443,-0.3447073839879337
2020-09-11,0.8,55.0,0.0,0,4.02535169073515,0.82,4.0943445622221,0.82,4.0943445622221,2.6,2.6,0.37142857142857144,-0.019999999999999907,-4.0,0.8133333333333334,57.666666666666664,0.8342857142857143,61.714285714285715,-0.9444892287836613,-0.32854238191083474
2020-09-12,0.81,57.0,0.0,0,4.060443010546419,0.8,4.02535169073515,0.82,4.0943445622221,0.0,2.6,0.37142857142857144,0.010000000000000009,2.0,0.81,57.0,0.8285714285714285,60.714285714285715,-0.9499899229945009,-0.3122805568857948
2020-09-13,0.84,63.0,0.0,0,4.1588830833596715,0.81,4.060443010546419,0.8,4.02535169073515,0.0,2.6,0.37142857142857144,0.029999999999999916,6.0,0.8166666666666668,58.333333333333336,0.8257142857142856,60.142857142857146,-0.9552106508146316,-0.29592670134728966
2020-09-14,0.88,71.0,0.6,0,4.276666119016055,0.84,4.1588830833596715,0.81,4.060443010546419,0.6,3.2,0.4571428571428572,0.040000000000000036,8.0,0.8433333333333333,63.666666666666664,0.8285714285714286,60.714285714285715,-0.9601498736716017,-0.2794856348516098
2020-09-15,0.86,67.0,0.0,0,4.219507705176107,0.88,4.276666119016055,0.84,4.1588830833596715,0.6,3.2,0.4571428571428572,-0.020000000000000018,-4.0,0.86,67.0,0.8328571428571429,61.57142857142857,-0.9648061359537644,-0.2629622026565152
2020-09-16,0.82,59.0,2.2,0,4.0943445622221,0.86,4.219507705176107,0.88,4.276666119016055,2.8000000000000003,2.8000000000000003,0.4,-0.040000000000000036,-8.0,0.8533333333333334,65.66666666666667,0.8328571428571429,61.57142857142857,-0.9691780654392534,-0.24636127429331536
2020-09-17,0.88,71.0,0.4,0,4.276666119016055,0.82,4.0943445622221,0.86,4.219507705176107,2.6,3.2,0.4571428571428572,0.06000000000000005,12.0,0.8533333333333334,65.66666666666667,0.8414285714285714,63.285714285714285,-0.9732643737003823,-0.2296877421317963
2020-09-18,1.08,123.0,14.0,0,4.820281565605037,0.88,4.276666119016055,0.82,4.0943445622221,16.6,17.2,2.457142857142857,0.20000000000000007,52.0,0.9266666666666667,84.33333333333333,0.8814285714285715,73.0,-0.9770638564833508,-0.21294651993841573
2020-09-19,0.97,93.0,0.6,0,4.543294782270004,1.08,4.820281565605037,0.88,4.276666119016055,15.0,17.8,2.542857142857143,-0.1100000000000001,-30.0,0.9766666666666667,95.66666666666667,0.9042857142857142,78.14285714285714,-0.9805753940631429,-0.19614254142819712
2020-09-20,1.02,106.0,0.0,0,4.672828834461906,0.97,4.543294782270004,1.08,4.820281565605037,14.6,17.8,2.542857142857143,0.050000000000000044,13.0,1.0233333333333332,107.33333333333333,0.93,84.28571428571429,-0.9837979515735163,-0.1792807588107359
2020-09-21,1.0,100.0,0.0,0,4.61512051684126,1.02,4.672828834461906,0.97,4.543294782270004,0.6,17.2,2.457142857142857,-0.020000000000000018,-6.0,0.9966666666666667,99.66666666666667,0.9471428571428572,88.42857142857143,-0.9867305793119814,-0.16236614133076413
2020-09-22,0.99,98.0,0.0,0,4.59511985013459,1.0,4.61512051684126,1.02,4.672828834461906,0.0,17.2,2.457142857142857,-0.010000000000000009,-2.0,1.0033333333333334,101.33333333333333,0.9657142857142856,92.85714285714286,-0.9893724130196829,-0.14540367380369032
2020-09-23,0.97,93.0,0.0,0,4.543294782270004,0.99,4.59511985013459,1.0,4.61512051684126,0.0,14.999999999999998,2.142857142857143,-0.020000000000000018,-5.0,0.9866666666666667,97.0,0.9871428571428572,97.71428571428571,-0.9917226741361014,-0.12839835514655154
2020-09-24,0.95,88.0,0.0,0,4.48863636973214,0.97,4.543294782270004,0.99,4.59511985013459,0.0,14.599999999999998,2.0857142857142854,-0.020000000000000018,-5.0,0.9700000000000001,93.0,0.9971428571428572,100.14285714285714,-0.9937806700284985,-0.11135519690480865
2020-09-25,0.91,77.0,0.0,0,4.356708826689592,0.95,4.48863636973214,0.97,4.543294782270004,0.0,0.5999999999999982,0.08571428571428545,-0.039999999999999925,-11.0,0.9433333333333334,86.0,0.9728571428571428,93.57142857142857,-0.9955457941960382,-0.09427922177542443
2020-09-26,0.91,77.0,1.4,0,4.356708826689592,0.91,4.356708826689592,0.95,4.48863636973214,1.4,1.3999999999999981,0.19999999999999973,0.0,0.0,0.9233333333333333,80.66666666666667,0.9642857142857143,91.28571428571429,-0.9970175264485267,-0.07717546212664643
2020-09-27,0.96,90.0,0.0,0,4.51085950651685,0.91,4.356708826689592,0.91,4.356708826689592,1.4,1.3999999999999981,0.19999999999999973,0.04999999999999993,13.0,0.9266666666666667,81.33333333333333,0.9557142857142856,89.0,-0.998195433059714,-0.06004895851494849
2020-09-28,1.03,109.0,0.0,0,4.700480365792417,0.96,4.51085950651685,0.91,4.356708826689592,1.4,1.3999999999999981,0.19999999999999973,0.07000000000000006,19.0,0.9666666666666667,92.0,0.96,90.28571428571429,-0.9990791668951153,-0.04290475819955383
2020-09-29,1.12,135.0,0.0,0,4.912654885736052,1.03,4.700480365792417,0.96,4.51085950651685,0.0,1.3999999999999981,0.19999999999999973,0.09000000000000008,26.0,1.0366666666666668,111.33333333333333,0.9785714285714286,95.57142857142857,-0.9996684675143132,-0.025747913654988113
2020-09-30,1.13,138.0,0.0,0,4.9344739331306915,1.12,4.912654885736052,1.03,4.700480365792417,0.0,1.3999999999999981,0.19999999999999973,0.009999999999999787,3.0,1.0933333333333335,127.33333333333333,1.0014285714285713,102.0,-0.9999631612477099,-0.008583481082086734
2020-10-01,1.08,123.0,0.0,0,4.820281565605037,1.13,4.9344739331306915,1.12,4.912654885736052,0.0,1.3999999999999981,0.19999999999999973,-0.04999999999999982,-15.0,1.11,132.0,1.02,107.0,-0.9999631612477099,0.008583481082087254
2020-10-02,1.03,109.0,11.4,0,4.700480365792417,1.08,4.820281565605037,1.13,4.9344739331306915,11.4,12.799999999999999,1.8285714285714285,-0.050000000000000044,-14.0,1.0799999999999998,123.33333333333333,1.0371428571428571,111.57142857142857,-0.999668467514313,0.025747913654988634
2020-10-03,1.02,106.0,0.0,0,4.672828834461906,1.03,4.700480365792417,1.08,4.820281565605037,11.4,11.399999999999999,1.6285714285714283,-0.010000000000000009,-3.0,1.0433333333333334,112.66666666666667,1.052857142857143,115.71428571428571,-0.9990791668951153,0.04290475819955435
2020-10-04,1.13,138.0,1.0,0,4.9344739331306915,1.02,4.672828834461906,1.03,4.700480365792417,12.4,12.399999999999999,1.7714285714285711,0.10999999999999988,32.0,1.0599999999999998,117.66666666666667,1.0771428571428572,122.57142857142857,-0.998195433059714,0.06004895851494813
2020-10-05,1.44,236.0,0.0,0,5.4680601411351315,1.13,4.9344739331306915,1.02,4.672828834461906,1.0,12.399999999999999,1.7714285714285711,0.31000000000000005,98.0,1.1966666666666665,160.0,1.1357142857142857,140.71428571428572,-0.9970175264485267,0.07717546212664607
2020-10-06,1.45,239.0,0.0,0,5.480638923341991,1.44,5.4680601411351315,1.13,4.9344739331306915,1.0,12.399999999999999,1.7714285714285711,0.010000000000000009,3.0,1.3399999999999999,204.33333333333334,1.1828571428571428,155.57142857142858,-0.9955457941960382,0.09427922177542405
2020-10-07,1.29,187.0,0.0,0,5.236441962829949,1.45,5.480638923341991,1.44,5.4680601411351315,0.0,12.399999999999999,1.7714285714285711,-0.15999999999999992,-52.0,1.3933333333333333,220.66666666666666,1.2057142857142857,162.57142857142858,-0.9937806700284985,0.11135519690480827
2020-10-08,1.15,144.0,0.0,0,4.976733742420574,1.29,5.236441962829949,1.45,5.480638923341991,0.0,12.399999999999999,1.7714285714285711,-0.14000000000000012,-43.0,1.2966666666666666,190.0,1.2157142857142857,165.57142857142858,-0.9917226741361016,0.1283983551465503
2020-10-09,1.1,128.0,0.0,0,4.859812404361672,1.15,4.976733742420574,1.29,5.236441962829949,0.0,0.9999999999999982,0.1428571428571426,-0.04999999999999982,-16.0,1.18,153.0,1.2257142857142858,168.28571428571428,-0.9893724130196829,0.14540367380368996
2020-10-10,1.04,112.0,0.0,0,4.727387818712341,1.1,4.859812404361672,1.15,4.976733742420574,0.0,0.9999999999999982,0.1428571428571426,-0.06000000000000005,-16.0,1.0966666666666667,128.0,1.2285714285714284,169.14285714285714,-0.9867305793119814,0.16236614133076377
2020-10-11,1.01,103.0,0.0,0,4.6443908991413725,1.04,4.727387818712341,1.1,4.859812404361672,0.0,0.0,0.0,-0.030000000000000027,-9.0,1.05,114.33333333333333,1.2114285714285715,164.14285714285714,-0.9837979515735163,0.17928075881073555
2020-10-12,0.98,95.0,0.0,0,4.564348191467836,1.01,4.6443908991413725,1.04,4.727387818712341,0.0,0.0,0.0,-0.030000000000000027,-8.0,1.01,103.33333333333333,1.1457142857142857,144.0,-0.980575394063143,0.19614254142819676
2020-10-13,0.93,83.0,0.6,0,4.430816798843313,0.98,4.564348191467836,1.01,4.6443908991413725,0.6,0.5999999999999982,0.08571428571428545,-0.04999999999999993,-12.0,0.9733333333333333,93.66666666666667,1.0714285714285716,121.71428571428571,-0.9770638564833509,0.21294651993841537
2020-10-14,1.17,150.0,0.0,0,5.017279836814924,0.93,4.430816798843313,0.98,4.564348191467836,0.6,0.5999999999999982,0.08571428571428545,0.23999999999999988,67.0,1.0266666666666666,109.33333333333333,1.0542857142857145,116.42857142857143,-0.9732643737003827,0.22968774213179508
2020-10-15,1.2,159.0,0.0,0,5.075173815233827,1.17,5.017279836814924,0.93,4.430816798843313,0.6,0.5999999999999982,0.08571428571428545,0.030000000000000027,9.0,1.0999999999999999,130.66666666666666,1.0614285714285714,118.57142857142857,-0.9691780654392538,0.24636127429331414
2020-10-16,1.58,284.0,0.0,0,5.652489180268651,1.2,5.075173815233827,1.17,5.017279836814924,0.0,0.5999999999999982,0.08571428571428545,0.3800000000000001,125.0,1.3166666666666667,197.66666666666666,1.1300000000000001,140.85714285714286,-0.9648061359537647,0.262962202656514
2020-10-17,1.72,334.0,0.0,0,5.814130531825066,1.58,5.652489180268651,1.2,5.075173815233827,0.0,0.5999999999999982,0.08571428571428545,0.1399999999999999,50.0,1.5,259.0,1.227142857142857,172.57142857142858,-0.9601498736716018,0.2794856348516095
2020-10-18,1.62,298.0,0.0,0,5.700443573390687,1.72,5.814130531825066,1.58,5.652489180268651,0.0,0.5999999999999982,0.08571428571428545,-0.09999999999999987,-36.0,1.64,305.3333333333333,1.3142857142857143,200.42857142857142,-0.9552106508146317,0.2959267013472893
2020-10-19,1.39,220.0,0.0,0,5.3981627015177525,1.62,5.700443573390687,1.72,5.814130531825066,0.0,0.5999999999999982,0.08571428571428545,-0.2300000000000002,-78.0,1.5766666666666664,284.0,1.3728571428571428,218.28571428571428,-0.9499899229945011,0.3122805568857945
2020-10-20,1.23,169.0,0.8,0,5.135798437050262,1.39,5.3981627015177525,1.62,5.700443573390687,0.8,0.7999999999999983,0.11428571428571403,-0.15999999999999992,-51.0,1.4133333333333333,229.0,1.4157142857142857,230.57142857142858,-0.9444892287836614,0.3285423819108344
2020-10-21,1.12,135.0,0.0,0,4.912654885736052,1.23,5.135798437050262,1.39,5.3981627015177525,0.8,0.7999999999999983,0.11428571428571403,-0.10999999999999988,-34.0,1.2466666666666666,174.66666666666666,1.4085714285714286,228.42857142857142,-0.938710189261944,0.3447073839879342
2020-10-22,1.09,126.0,1.2,0,4.844187086458591,1.12,4.912654885736052,1.23,5.135798437050262,2.0,1.9999999999999982,0.2857142857142855,-0.030000000000000027,-9.0,1.1466666666666665,143.33333333333334,1.3928571428571428,223.71428571428572,-0.9326545075388223,0.3607707992167836
2020-10-23,1.13,138.0,0.0,0,4.9344739331306915,1.09,4.844187086458591,1.12,4.912654885736052,1.2,1.9999999999999982,0.2857142857142855,0.039999999999999813,12.0,1.1133333333333333,133.0,1.3285714285714287,202.85714285714286,-0.9263239682514949,0.3767278936351853
2020-10-24,1.26,178.0,0.0,0,5.187385805840755,1.13,4.9344739331306915,1.09,4.844187086458591,1.2,1.9999999999999982,0.2857142857142855,0.13000000000000012,40.0,1.16,147.33333333333334,1.262857142857143,180.57142857142858,-0.9197204370389466,0.3925739646141719
2020-10-25,1.3,190.0,3.6,0,5.25227342804663,1.26,5.187385805840755,1.13,4.9344739331306915,3.6,5.599999999999998,0.7999999999999997,0.040000000000000036,12.0,1.2299999999999998,168.66666666666666,1.217142857142857,165.14285714285714,-0.9128458599921356,0.40830434224389334
2020-10-26,1.24,172.0,0.0,0,5.153291594497779,1.3,5.25227342804663,1.26,5.187385805840755,3.6,5.599999999999998,0.7999999999999997,-0.06000000000000005,-18.0,1.2666666666666666,180.0,1.1957142857142855,158.28571428571428,-0.9057022630804715,0.42391439070986053
2020-10-27,1.17,150.0,0.0,0,5.017279836814924,1.24,5.153291594497779,1.3,5.25227342804663,3.6,4.799999999999999,0.6857142857142856,-0.07000000000000006,-22.0,1.2366666666666666,170.66666666666666,1.1871428571428573,155.57142857142858,-0.898291751554753,0.4393995096591413
2020-10-28,1.32,197.0,0.0,0,5.288267030694535,1.17,5.017279836814924,1.24,5.153291594497779,0.0,4.799999999999999,0.6857142857142856,0.15000000000000013,47.0,1.2433333333333332,173.0,1.2157142857142857,164.42857142857142,-0.8906165093267406,0.4547551355561054
2020-10-29,1.31,194.0,0.0,0,5.272999558563747,1.32,5.288267030694535,1.17,5.017279836814924,0.0,3.5999999999999983,0.514285714285714,-0.010000000000000009,-3.0,1.2666666666666666,180.33333333333334,1.247142857142857,174.14285714285714,-0.8826787983255476,0.46997674302731957
2020-10-30,1.2,159.0,0.0,0,5.075173815233827,1.31,5.272999558563747,1.32,5.288267030694535,0.0,3.5999999999999983,0.514285714285714,-0.1100000000000001,-35.0,1.2766666666666666,183.33333333333334,1.257142857142857,177.14285714285714,-0.8744809578310401,0.4850598461951956
2020-10-31,1.13,138.0,0.0,0,4.9344739331306915,1.2,5.075173815233827,1.31,5.272999558563747,0.0,3.5999999999999983,0.514285714285714,-0.07000000000000006,-21.0,1.2133333333333332,163.66666666666666,1.2385714285714287,171.42857142857142,-0.8660254037844386,0.5000000000000001
2020-11-01,1.06,117.0,0.0,0,4.770684624465665,1.13,4.9344739331306915,1.2,5.075173815233827,0.0,0.0,0.0,-0.06999999999999984,-21.0,1.13,138.0,1.2042857142857142,161.0,-0.8573146280763323,0.5147928015098306
2020-11-02,1.03,109.0,0.0,0,4.700480365792417,1.06,4.770684624465665,1.13,4.9344739331306915,0.0,0.0,0.0,-0.030000000000000027,-8.0,1.0733333333333333,121.33333333333333,1.1742857142857142,152.0,-0.848351197812304,0.5294338912181851
2020-11-03,1.02,106.0,0.4,0,4.672828834461906,1.03,4.700480365792417,1.06,4.770684624465665,0.4,0.39999999999999825,0.05714285714285689,-0.010000000000000009,-3.0,1.0366666666666664,110.66666666666667,1.1528571428571428,145.71428571428572,-0.8391377545563939,0.5439189543287245
2020-11-04,1.0,100.0,3.0,0,4.61512051684126,1.02,4.672828834461906,1.03,4.700480365792417,3.4,3.399999999999998,0.48571428571428543,-0.020000000000000018,-6.0,1.0166666666666666,105.0,1.1071428571428572,131.85714285714286,-0.8296770135526191,0.5582437220268645
2020-11-05,1.0,100.0,3.8,0,4.61512051684126,1.0,4.61512051684126,1.02,4.672828834461906,7.199999999999999,7.1999999999999975,1.0285714285714282,0.0,0.0,1.0066666666666666,102.0,1.0628571428571427,118.42857142857143,-0.8199717629247775,0.5724039727378144
2020-11-06,0.99,98.0,26.6,0,4.59511985013459,1.0,4.61512051684126,1.0,4.61512051684126,33.4,33.8,4.828571428571428,-0.010000000000000009,-2.0,0.9966666666666666,99.33333333333333,1.0328571428571427,109.71428571428571,-0.8100248628547756,0.5863955333706952
2020-11-07,1.21,162.0,6.0,0,5.093750200806762,0.99,4.59511985013459,1.0,4.61512051684126,36.4,39.8,5.685714285714285,0.21999999999999997,64.0,1.0666666666666667,120.0,1.0442857142857143,113.14285714285714,-0.7998392447397198,0.6002142805483676
2020-11-08,1.16,147.0,0.0,0,4.997212273764115,1.21,5.093750200806762,0.99,4.59511985013459,32.6,39.8,5.685714285714285,-0.050000000000000044,-15.0,1.1199999999999999,135.66666666666666,1.0585714285714285,117.42857142857143,-0.7894179103280197,0.613856141822612
2020-11-09,1.3,190.0,0.0,0,5.25227342804663,1.16,4.997212273764115,1.21,5.093750200806762,5.9999999999999964,39.8,5.685714285714285,0.14000000000000012,43.0,1.2233333333333332,166.33333333333334,1.0971428571428572,129.0,-0.7787639308347607,0.6273170968742937
2020-11-10,1.32,197.0,0.0,0,5.288267030694535,1.3,5.25227342804663,1.16,4.997212273764115,0.0,39.4,5.628571428571428,0.020000000000000018,7.0,1.26,178.0,1.1400000000000001,142.0,-0.7678804460366002,0.640593178698175
2020-11-11,1.23,169.0,0.0,0,5.135798437050262,1.32,5.288267030694535,1.3,5.25227342804663,0.0,36.4,5.2,-0.09000000000000008,-28.0,1.2833333333333332,185.33333333333334,1.172857142857143,151.85714285714286,-0.7567706633464628,0.6536804747720056
2020-11-12,1.14,141.0,0.0,0,4.955827057601261,1.23,5.135798437050262,1.32,5.288267030694535,0.0,32.599999999999994,4.657142857142857,-0.09000000000000008,-28.0,1.23,169.0,1.1928571428571428,157.71428571428572,-0.7454378568682999,0.6665751282095634
2020-11-13,1.09,126.0,0.0,0,4.844187086458591,1.14,4.955827057601261,1.23,5.135798437050262,0.0,5.9999999999999964,0.8571428571428567,-0.04999999999999982,-15.0,1.1533333333333333,145.33333333333334,1.207142857142857,161.71428571428572,-0.7338853664321989,0.6792733388972934
2020-11-14,1.05,114.0,0.4,0,4.74493212836325,1.09,4.844187086458591,1.14,4.955827057601261,0.39999999999999647,0.39999999999999647,0.05714285714285664,-0.040000000000000036,-12.0,1.0933333333333333,127.0,1.1842857142857144,154.85714285714286,-0.7221165966101161,0.6917713646142221
2020-11-15,1.04,112.0,0.2,0,4.727387818712341,1.05,4.74493212836325,1.09,4.844187086458591,0.5999999999999965,0.5999999999999965,0.08571428571428522,-0.010000000000000009,-2.0,1.0599999999999998,117.33333333333333,1.167142857142857,149.85714285714286,-0.7101350157125358,0.7040655221348057
2020-11-16,1.03,109.0,0.0,0,4.700480365792417,1.04,4.727387818712341,1.05,4.74493212836325,0.5999999999999965,0.5999999999999965,0.08571428571428522,-0.010000000000000009,-3.0,1.04,111.66666666666667,1.1285714285714286,138.28571428571428,-0.6979441547663436,0.7161521883143932
2020-11-17,0.98,95.0,0.0,0,4.564348191467836,1.03,4.700480365792417,1.04,4.727387818712341,0.19999999999999646,0.5999999999999965,0.08571428571428522,-0.050000000000000044,-14.0,1.0166666666666666,105.33333333333333,1.08,123.71428571428571,-0.6855476064742156,0.7280278011569846
2020-11-18,1.0,100.0,0.0,0,4.61512051684126,0.98,4.564348191467836,1.03,4.700480365792417,0.0,0.5999999999999965,0.08571428571428522,0.020000000000000018,5.0,1.0033333333333332,101.33333333333333,1.0471428571428572,113.85714285714286,-0.6729490241558331,0.7396888608649665
2020-11-19,1.0,100.0,0.0,0,4.61512051684126,1.0,4.61512051684126,0.98,4.564348191467836,0.0,0.5999999999999965,0.08571428571428522,0.0,0.0,0.9933333333333332,98.33333333333333,1.0271428571428571,108.0,-0.6601521206712321,0.7511319308705195
2020-11-20,0.98,95.0,0.0,0,4.564348191467836,1.0,4.61512051684126,1.0,4.61512051684126,0.0,0.5999999999999965,0.08571428571428522,-0.020000000000000018,-5.0,0.9933333333333332,98.33333333333333,1.0114285714285713,103.57142857142857,-0.6471606673266065,0.7623536388483899
2020-11-21,0.95,88.0,0.0,0,4.48863636973214,0.98,4.564348191467836,1.0,4.61512051684126,0.0,0.19999999999999646,0.028571428571428064,-0.030000000000000027,-7.0,0.9766666666666666,94.33333333333333,0.9971428571428572,99.85714285714286,-0.6339784927628872,0.7733506777097294
2020-11-22,0.95,88.0,0.0,0,4.48863636973214,0.95,4.48863636973214,0.98,4.564348191467836,0.0,0.0,0.0,0.0,0.0,0.96,90.33333333333333,0.9842857142857143,96.42857142857143,-0.6206094818274227,0.7841198065767104
2020-11-23,0.95,88.0,0.0,0,4.48863636973214,0.95,4.48863636973214,0.95,4.48863636973214,0.0,0.0,0.0,0.0,0.0,0.95,88.0,0.9728571428571428,93.42857142857143,-0.607057574429101,0.7946578517376245
2020-11-24,0.95,88.0,0.0,0,4.48863636973214,0.95,4.48863636973214,0.95,4.48863636973214,0.0,0.0,0.0,0.0,0.0,0.95,88.0,0.9685714285714286,92.42857142857143,-0.5933267643772321,0.8049617075821958
2020-11-25,0.96,90.0,0.0,0,4.51085950651685,0.95,4.48863636973214,0.95,4.48863636973214,0.0,0.0,0.0,0.010000000000000009,2.0,0.9533333333333331,88.66666666666667,0.9628571428571427,91.0,-0.5794210982045647,0.8150283375168107
2020-11-26,0.96,90.0,0.2,0,4.51085950651685,0.96,4.51085950651685,0.95,4.48863636973214,0.19999999999999646,0.19999999999999646,0.028571428571428064,0.0,0.0,0.9566666666666666,89.33333333333333,0.9571428571428572,89.57142857142857,-0.5653446739747432,0.8248547748594242
2020-11-27,0.94,85.0,0.2,0,4.454347296253507,0.96,4.51085950651685,0.96,4.51085950651685,0.39999999999999647,0.39999999999999647,0.05714285714285664,-0.020000000000000018,-5.0,0.9533333333333331,88.33333333333333,0.9514285714285714,88.14285714285714,-0.5511016400745998,0.8344381237138475
2020-11-28,0.94,85.0,0.0,0,4.454347296253507,0.94,4.454347296253507,0.96,4.51085950651685,0.39999999999999647,0.39999999999999647,0.05714285714285664,0.0,0.0,0.9466666666666667,86.66666666666667,0.95,87.71428571428571,-0.5366961939916011,0.8437755598231853
2020-11-29,0.92,80.0,0.0,0,4.394449154672439,0.94,4.454347296253507,0.94,4.454347296253507,0.19999999999999646,0.39999999999999647,0.05714285714285664,-0.019999999999999907,-5.0,0.9333333333333332,83.33333333333333,0.9457142857142856,86.57142857142857,-0.5221325810768248,0.8528643314021598
2020-11-30,0.91,77.0,0.0,0,4.356708826689592,0.92,4.394449154672439,0.94,4.454347296253507,0.0,0.39999999999999647,0.05714285714285664,-0.010000000000000009,-3.0,0.9233333333333332,80.66666666666667,0.9400000000000001,85.0,-0.5074150932938463,0.8617017599480677
2020-12-01,0.89,73.0,0.0,0,4.30406509320417,0.91,4.356708826689592,0.92,4.394449154672439,0.0,0.39999999999999647,0.05714285714285664,-0.020000000000000018,-4.0,0.9066666666666666,76.66666666666667,0.9314285714285714,82.85714285714286,-0.4925480679538645,0.8702852410301551
2020-12-02,0.94,85.0,0.0,0,4.454347296253507,0.89,4.30406509320417,0.91,4.356708826689592,0.0,0.39999999999999647,0.05714285714285664,0.04999999999999993,12.0,0.9133333333333332,78.33333333333333,0.9285714285714286,82.14285714285714,-0.47753588643748845,0.8786122450571482
2020-12-03,0.91,77.0,0.8,0,4.356708826689592,0.94,4.454347296253507,0.89,4.30406509320417,0.7999999999999965,0.9999999999999964,0.14285714285714235,-0.029999999999999916,-8.0,0.9133333333333332,78.33333333333333,0.9214285714285715,80.28571428571429,-0.4623829729035152,0.8866803180227398
2020-12-04,0.9,75.0,0.0,0,4.330733340286331,0.91,4.356708826689592,0.94,4.454347296253507,0.7999999999999965,0.7999999999999965,0.11428571428571378,-0.010000000000000009,-2.0,0.9166666666666665,79.0,0.9157142857142856,78.85714285714286,-0.44709379298511437,0.8944870822287954
2020-12-05,0.91,77.0,0.0,0,4.356708826689592,0.9,4.330733340286331,0.91,4.356708826689592,0.7999999999999965,0.7999999999999965,0.11428571428571378,0.010000000000000009,2.0,0.9066666666666666,76.33333333333333,0.9114285714285714,77.71428571428571,-0.43167285247378356,0.9020302369860709
2020-12-06,0.95,88.0,6.2,0,4.48863636973214,0.91,4.356708826689592,0.9,4.330733340286331,6.199999999999997,6.9999999999999964,0.9999999999999994,0.039999999999999925,11.0,0.9199999999999999,80.0,0.9157142857142857,78.85714285714286,-0.4161246959914751,0.9093075592922355
2020-12-07,0.95,88.0,0.0,0,4.48863636973214,0.95,4.48863636973214,0.91,4.356708826689592,6.199999999999997,6.9999999999999964,0.9999999999999994,0.0,0.0,0.9366666666666665,84.33333333333333,0.9214285714285715,80.42857142857143,-0.4004539056512665,0.9163169044870048
2020-12-08,1.39,220.0,0.0,0,5.3981627015177525,0.95,4.48863636973214,0.95,4.48863636973214,6.199999999999997,6.9999999999999964,0.9999999999999994,0.43999999999999995,132.0,1.0966666666666665,132.0,0.9928571428571429,101.42857142857143,-0.3846650997070013,0.923056206884176
2020-12-09,2.04,460.0,1.4,0,6.133398042996649,1.39,5.3981627015177525,0.95,4.48863636973214,1.3999999999999964,8.399999999999997,1.1999999999999995,0.6500000000000001,240.0,1.46,256.0,1.1500000000000001,155.0,-0.3687629311922604,0.9295234803804002
2020-12-10,2.3,571.0,5.2,0,6.349138991379798,2.04,6.133398042996649,1.39,5.3981627015177525,6.599999999999996,12.799999999999997,1.828571428571428,0.2599999999999998,111.0,1.91,417.0,1.3485714285714285,225.57142857142858,-0.3527520865490943,0.9357168190404939
2020-12-11,2.37,601.0,1.8,0,6.400257445308821,2.3,6.349138991379798,2.04,6.133398042996649,8.399999999999997,14.599999999999996,2.085714285714285,0.07000000000000028,30.0,2.236666666666667,544.0,1.5585714285714285,300.7142857142857,-0.3366372842469107,0.9416343976591258
2020-12-12,2.72,759.0,0.0,0,6.633318433280377,2.37,6.400257445308821,2.3,6.349138991379798,6.9999999999999964,14.599999999999996,2.085714285714285,0.3500000000000001,158.0,2.4633333333333334,643.6666666666666,1.817142857142857,398.14285714285717,-0.3204232733919109,0.947274472298717
2020-12-13,3.31,1032.0,0.0,0,6.940222469119639,2.72,6.633318433280377,2.37,6.400257445308821,1.7999999999999974,8.399999999999995,1.1999999999999993,0.5899999999999999,273.0,2.8000000000000003,797.3333333333334,2.1542857142857144,533.0,-0.30411483232751857,0.9526353808033823
2020-12-14,3.53,1134.0,0.4,0,7.034387929915503,3.31,6.940222469119639,2.72,6.633318433280377,0.39999999999999736,8.799999999999995,1.2571428571428565,0.21999999999999975,102.0,3.186666666666667,975.0,2.5228571428571427,682.4285714285714,-0.28771676722616696,0.9577155432887803
2020-12-15,3.4,1074.0,0.0,0,6.980075940561763,3.53,7.034387929915503,3.31,6.940222469119639,0.39999999999999736,8.799999999999997,1.2571428571428567,-0.1299999999999999,-60.0,3.4133333333333327,1080.0,2.81,804.4285714285714,-0.27123391067291097,0.9625134626077079
2020-12-16,2.37,601.0,0.0,0,6.400257445308821,3.4,6.980075940561763,3.53,7.034387929915503,0.39999999999999736,7.399999999999997,1.0571428571428567,-1.0299999999999998,-473.0,3.1,936.3333333333334,2.857142857142857,824.5714285714286,-0.25467112024122895,0.9670277247913203
2020-12-17,2.1,485.0,0.0,0,6.186208623900494,2.37,6.400257445308821,3.4,6.980075940561763,0.0,2.1999999999999957,0.31428571428571367,-0.27,-116.0,2.6233333333333335,720.0,2.8285714285714287,812.2857142857143,-0.23803327706148678,0.9712569994658311
2020-12-18,1.89,398.0,0.0,0,5.988961416889864,2.1,6.186208623900494,2.37,6.400257445308821,0.0,0.3999999999999956,0.05714285714285651,-0.2100000000000002,-87.0,2.12,494.6666666666667,2.7600000000000002,783.2857142857143,-0.22132528438243296,0.9752000402445824
2020-12-19,1.66,312.0,1.6,0,5.746203190540153,1.89,5.988961416889864,2.1,6.186208623900494,1.5999999999999974,1.9999999999999956,0.2857142857142851,-0.22999999999999998,-86.0,1.8833333333333335,398.3333333333333,2.608571428571429,719.4285714285714,-0.2045520661262005,0.9788556850953579
2020-12-20,1.58,284.0,0.0,0,5.652489180268651,1.66,5.746203190540153,1.89,5.988961416889864,1.5999999999999974,1.9999999999999956,0.2857142857142851,-0.07999999999999985,-28.0,1.71,331.3333333333333,2.3614285714285717,612.5714285714286,-0.1877185654371994,0.9822228566828405
2020-12-21,1.45,239.0,0.0,0,5.480638923341991,1.58,5.652489180268651,1.66,5.746203190540153,1.5999999999999974,1.5999999999999956,0.22857142857142795,-0.13000000000000012,-45.0,1.5633333333333335,278.3333333333333,2.0642857142857145,484.7142857142857,-0.17082974322534408,0.985300562686109
2020-12-22,1.42,229.0,0.0,0,5.438079308923196,1.45,5.480638923341991,1.58,5.652489180268651,0.0,1.5999999999999956,0.22857142857142795,-0.030000000000000027,-10.0,1.4833333333333334,250.66666666666666,1.7814285714285716,364.0,-0.1538905767040627,0.9880878960910771
2020-12-23,1.38,216.0,0.0,0,5.37989735354046,1.42,5.438079308923196,1.45,5.480638923341991,0.0,1.5999999999999956,0.22857142857142795,-0.040000000000000036,-13.0,1.4166666666666667,228.0,1.6400000000000001,309.0,-0.1369060579234754,0.9905840354577969
2020-12-24,1.37,213.0,0.0,0,5.365976015021851,1.38,5.37989735354046,1.42,5.438079308923196,0.0,1.5999999999999956,0.22857142857142795,-0.009999999999999787,-3.0,1.39,219.33333333333334,1.5357142857142858,270.14285714285717,-0.1198811922992275,0.99278824516254
2020-12-25,1.33,200.0,0.0,0,5.303304908059076,1.37,5.365976015021851,1.38,5.37989735354046,0.0,1.5999999999999956,0.22857142857142795,-0.040000000000000036,-13.0,1.36,209.66666666666666,1.455714285714286,241.85714285714286,-0.1028209971373608,0.9946998756145891
2020-12-26,1.33,200.0,0.0,0,5.303304908059076,1.33,5.303304908059076,1.37,5.365976015021851,0.0,0.0,0.0,0.0,0.0,1.3433333333333335,204.33333333333334,1.4085714285714288,225.85714285714286,-0.08573050015569487,0.9963183634476755
2020-12-27,1.37,213.0,7.2,0,5.365976015021851,1.33,5.303304908059076,1.33,5.303304908059076,7.1999999999999975,7.199999999999996,1.028571428571428,0.040000000000000036,13.0,1.3433333333333335,204.33333333333334,1.3785714285714286,215.71428571428572,-0.06861473800213468,0.9976432316860063
2020-12-28,1.4,223.0,0.0,0,5.4116460518550396,1.37,5.365976015021851,1.33,5.303304908059076,7.1999999999999975,7.199999999999996,1.028571428571428,0.029999999999999805,10.0,1.3666666666666665,212.0,1.3714285714285714,213.42857142857142,-0.05147875477034641,0.9986740898848305
2020-12-29,1.49,252.0,0.0,0,5.53338948872752,1.4,5.4116460518550396,1.37,5.365976015021851,7.1999999999999975,7.199999999999996,1.028571428571428,0.09000000000000008,29.0,1.42,229.33333333333334,1.3814285714285715,216.71428571428572,-0.034327600513243496,0.9994106342455052
2020-12-30,1.69,323.0,0.0,0,5.780743515792329,1.49,5.53338948872752,1.4,5.4116460518550396,0.0,7.199999999999996,1.028571428571428,0.19999999999999996,71.0,1.5266666666666666,266.0,1.4257142857142857,232.0,-0.017166329754707492,0.9998526477050269
2020-12-31,1.74,341.0,3.2,0,5.834810737062605,1.69,5.780743515792329,1.49,5.53338948872752,3.1999999999999975,10.399999999999995,1.485714285714285,0.050000000000000044,18.0,1.64,305.3333333333333,1.4785714285714284,250.28571428571428,-2.4492935982947064e-16,1.0
2021-01-01,1.8,362.0,2.6,0,5.8944028342648505,1.74,5.834810737062605,1.69,5.780743515792329,5.799999999999997,12.999999999999996,1.8571428571428565,0.06000000000000005,21.0,1.7433333333333334,342.0,1.5457142857142858,273.42857142857144,0.01716632975470737,0.9998526477050269
2021-01-02,1.76,348.0,0.0,0,5.855071922202427,1.8,5.8944028342648505,1.74,5.834810737062605,5.799999999999997,12.999999999999996,1.8571428571428565,-0.040000000000000036,-14.0,1.7666666666666666,350.3333333333333,1.6071428571428572,294.57142857142856,0.034327600513243496,0.9994106342455052
2021-01-03,1.73,337.0,0.0,0,5.823045895483019,1.76,5.855071922202427,1.8,5.8944028342648505,2.5999999999999974,5.799999999999995,0.828571428571428,-0.030000000000000027,-11.0,1.7633333333333334,349.0,1.6585714285714286,312.2857142857143,0.05147875477034653,0.9986740898848305
2021-01-04,1.71,330.0,0.0,0,5.802118375377063,1.73,5.823045895483019,1.76,5.855071922202427,0.0,5.799999999999995,0.828571428571428,-0.020000000000000018,-7.0,1.7333333333333334,338.3333333333333,1.7028571428571428,327.57142857142856,0.06861473800213404,0.9976432316860063
2021-01-05,1.62,298.0,0.0,0,5.700443573390687,1.71,5.802118375377063,1.73,5.823045895483019,0.0,5.799999999999995,0.828571428571428,-0.08999999999999986,-32.0,1.6866666666666668,321.6666666666667,1.7214285714285713,334.14285714285717,0.08573050015569435,0.9963183634476755
2021-01-06,1.59,287.0,0.0,0,5.662960480135946,1.62,5.700443573390687,1.71,5.802118375377063,0.0,5.799999999999995,0.828571428571428,-0.030000000000000027,-11.0,1.64,305.0,1.707142857142857,329.0,0.1028209971373604,0.9946998756145891
2021-01-07,1.57,280.0,0.0,0,5.638354669333745,1.59,5.662960480135946,1.62,5.700443573390687,0.0,2.5999999999999956,0.37142857142857083,-0.020000000000000018,-7.0,1.5933333333333335,288.3333333333333,1.6828571428571428,320.2857142857143,0.11988119229922722,0.99278824516254
2021-01-08,1.53,266.0,5.8,0,5.58724865840025,1.57,5.638354669333745,1.59,5.662960480135946,5.799999999999997,5.799999999999995,0.828571428571428,-0.040000000000000036,-14.0,1.5633333333333332,277.6666666666667,1.6442857142857146,306.57142857142856,0.13690605792347524,0.990584035457797
2021-01-09,1.49,252.0,21.4,0,5.53338948872752,1.53,5.58724865840025,1.57,5.638354669333745,27.199999999999996,27.199999999999996,3.8857142857142852,-0.040000000000000036,-14.0,1.53,266.0,1.6057142857142856,292.85714285714283,0.15389057670406178,0.9880878960910772
2021-01-10,1.48,249.0,0.0,0,5.521460917862246,1.49,5.53338948872752,1.53,5.58724865840025,27.199999999999996,27.199999999999996,3.8857142857142852,-0.010000000000000009,-3.0,1.5,255.66666666666666,1.57,280.2857142857143,0.17082974322534417,0.985300562686109
2021-01-11,1.4,223.0,0.0,0,5.4116460518550396,1.48,5.521460917862246,1.49,5.53338948872752,21.399999999999995,27.199999999999996,3.8857142857142852,-0.08000000000000007,-26.0,1.4566666666666668,241.33333333333334,1.5257142857142856,265.0,0.1877185654371987,0.9822228566828407
2021-01-12,1.37,213.0,0.0,0,5.365976015021851,1.4,5.4116460518550396,1.48,5.521460917862246,0.0,27.199999999999996,3.8857142857142852,-0.029999999999999805,-10.0,1.4166666666666667,228.33333333333334,1.4900000000000002,252.85714285714286,0.2045520661262008,0.9788556850953578
2021-01-13,1.34,203.0,0.0,0,5.318119993844216,1.37,5.365976015021851,1.4,5.4116460518550396,0.0,27.199999999999996,3.8857142857142852,-0.030000000000000027,-10.0,1.37,213.0,1.4542857142857142,240.85714285714286,0.22132528438243257,0.9752000402445825
2021-01-14,1.35,207.0,0.0,0,5.337538079701318,1.34,5.318119993844216,1.37,5.365976015021851,0.0,27.199999999999996,3.8857142857142852,0.010000000000000009,4.0,1.3533333333333335,207.66666666666666,1.422857142857143,230.42857142857142,0.2380332770614856,0.9712569994658314
2021-01-15,1.45,239.0,0.0,0,5.480638923341991,1.35,5.337538079701318,1.34,5.318119993844216,0.0,21.399999999999995,3.0571428571428565,0.09999999999999987,32.0,1.38,216.33333333333334,1.4114285714285713,226.57142857142858,0.2546711202412287,0.9670277247913204
2021-01-16,1.59,287.0,0.0,0,5.662960480135946,1.45,5.480638923341991,1.35,5.337538079701318,0.0,0.0,0.0,0.14000000000000012,48.0,1.4633333333333336,244.33333333333334,1.4257142857142857,231.57142857142858,0.27123391067291003,0.9625134626077081
2021-01-17,1.81,366.0,0.0,0,5.905361848054571,1.59,5.662960480135946,1.45,5.480638923341991,0.0,0.0,0.0,0.21999999999999997,79.0,1.6166666666666665,297.3333333333333,1.4728571428571429,248.28571428571428,0.287716767226167,0.9577155432887803
2021-01-18,1.83,374.0,0.0,0,5.926926025970411,1.81,5.905361848054571,1.59,5.662960480135946,0.0,0.0,0.0,0.020000000000000018,8.0,1.7433333333333334,342.3333333333333,1.5342857142857143,269.85714285714283,0.30411483232751785,0.9526353808033826
2021-01-19,1.77,351.0,0.0,0,5.863631175598097,1.83,5.926926025970411,1.81,5.905361848054571,0.0,0.0,0.0,-0.06000000000000005,-23.0,1.8033333333333335,363.6666666666667,1.5914285714285714,289.57142857142856,0.3204232733919111,0.9472744722987169
2021-01-20,1.79,359.0,0.0,0,5.886104031450156,1.77,5.863631175598097,1.83,5.926926025970411,0.0,0.0,0.0,0.020000000000000018,8.0,1.7966666666666669,361.3333333333333,1.6557142857142857,311.85714285714283,0.33663728424691025,0.9416343976591259
2021-01-21,1.77,351.0,2.0,0,5.863631175598097,1.79,5.886104031450156,1.77,5.863631175598097,1.9999999999999964,1.9999999999999964,0.2857142857142852,-0.020000000000000018,-8.0,1.7766666666666666,353.6666666666667,1.7157142857142857,332.42857142857144,0.3527520865490948,0.9357168190404936
2021-01-22,1.74,341.0,0.2,0,5.834810737062605,1.77,5.863631175598097,1.79,5.886104031450156,2.1999999999999966,2.1999999999999966,0.3142857142857138,-0.030000000000000027,-10.0,1.7666666666666666,350.3333333333333,1.7571428571428573,347.0,0.3687629311922601,0.9295234803804003
2021-01-23,2.05,464.0,2.8,0,6.142037405587356,1.74,5.834810737062605,1.77,5.863631175598097,4.9999999999999964,4.9999999999999964,0.7142857142857137,0.30999999999999983,123.0,1.8533333333333333,385.3333333333333,1.8228571428571432,372.2857142857143,0.3846650997070012,0.9230562068841761
2021-01-24,2.31,575.0,1.2,0,6.3561076606958915,2.05,6.142037405587356,1.74,5.834810737062605,4.199999999999997,6.199999999999997,0.8857142857142852,0.26000000000000023,111.0,2.033333333333333,460.0,1.8942857142857144,402.14285714285717,0.40045390565126643,0.9163169044870048
2021-01-25,2.3,571.0,6.4,0,6.349138991379798,2.31,6.3561076606958915,2.05,6.142037405587356,10.399999999999997,12.599999999999998,1.7999999999999996,-0.010000000000000231,-4.0,2.2199999999999998,536.6666666666666,1.9614285714285715,430.2857142857143,0.41612469599147445,0.9093075592922358
2021-01-26,2.36,597.0,0.0,0,6.393590753950631,2.3,6.349138991379798,2.31,6.3561076606958915,7.599999999999997,12.599999999999998,1.7999999999999996,0.06000000000000005,26.0,2.323333333333333,581.0,2.045714285714286,465.42857142857144,0.43167285247378384,0.9020302369860707
2021-01-27,2.55,680.0,0.0,0,6.523562306149512,2.36,6.393590753950631,2.3,6.349138991379798,6.399999999999997,12.599999999999998,1.7999999999999996,0.18999999999999995,83.0,2.403333333333333,616.0,2.154285714285714,511.2857142857143,0.44709379298511387,0.8944870822287956
2021-01-28,2.56,685.0,0.0,0,6.530877627725885,2.55,6.523562306149512,2.36,6.393590753950631,0.0,10.599999999999998,1.514285714285714,0.010000000000000231,5.0,2.4899999999999998,654.0,2.267142857142857,559.0,0.4623829729035149,0.88668031802274
2021-01-29,2.6,703.0,0.2,0,6.556778356158042,2.56,6.530877627725885,2.55,6.523562306149512,0.19999999999999646,10.599999999999998,1.514285714285714,0.040000000000000036,18.0,2.57,689.3333333333334,2.39,610.7142857142857,0.47753588643748823,0.8786122450571483
2021-01-30,2.61,708.0,0.2,0,6.5638555265321274,2.6,6.556778356158042,2.56,6.530877627725885,0.39999999999999647,7.999999999999997,1.1428571428571426,0.009999999999999787,5.0,2.59,698.6666666666666,2.4699999999999998,645.5714285714286,0.4925480679538643,0.8702852410301553
2021-01-31,2.47,644.0,0.0,0,6.4692503167957724,2.61,6.5638555265321274,2.6,6.556778356158042,0.39999999999999647,6.799999999999997,0.971428571428571,-0.13999999999999968,-64.0,2.56,685.0,2.492857142857143,655.4285714285714,0.5074150932938455,0.8617017599480682
2021-02-01,2.37,601.0,0.0,0,6.400257445308821,2.47,6.4692503167957724,2.61,6.5638555265321274,0.19999999999999646,0.39999999999999647,0.05714285714285664,-0.10000000000000009,-43.0,2.483333333333333,651.0,2.5028571428571427,659.7142857142857,0.5221325810768248,0.8528643314021597
2021-02-02,2.44,631.0,0.0,0,6.448889394146858,2.37,6.400257445308821,2.47,6.4692503167957724,0.0,0.39999999999999647,0.05714285714285664,0.06999999999999984,30.0,2.4266666666666667,625.3333333333334,2.5142857142857147,664.5714285714286,0.5366961939916004,0.8437755598231856
2021-02-03,2.37,601.0,0.0,0,6.400257445308821,2.44,6.448889394146858,2.37,6.400257445308821,0.0,0.39999999999999647,0.05714285714285664,-0.06999999999999984,-30.0,2.393333333333333,611.0,2.4885714285714284,653.2857142857143,0.5511016400746002,0.8344381237138473
2021-02-04,2.24,545.0,0.0,0,6.302618975744905,2.37,6.400257445308821,2.44,6.448889394146858,0.0,0.39999999999999647,0.05714285714285664,-0.1299999999999999,-56.0,2.35,592.3333333333334,2.442857142857143,633.2857142857143,0.5653446739747429,0.8248547748594244
2021-02-05,2.07,473.0,2.4,0,6.161207321695077,2.24,6.302618975744905,2.37,6.400257445308821,2.3999999999999964,2.5999999999999965,0.37142857142857094,-0.17000000000000037,-72.0,2.2266666666666666,539.6666666666666,2.367142857142857,600.4285714285714,0.5794210982045637,0.8150283375168114
2021-02-06,2.02,451.0,2.0,0,6.113682179832232,2.07,6.161207321695077,2.24,6.302618975744905,4.399999999999997,4.399999999999997,0.6285714285714281,-0.04999999999999982,-22.0,2.11,489.6666666666667,2.282857142857143,563.7142857142857,0.593326764377232,0.8049617075821959
2021-02-07,2.0,443.0,0.0,0,6.095824562432225,2.02,6.113682179832232,2.07,6.161207321695077,4.399999999999997,4.399999999999997,0.6285714285714281,-0.020000000000000018,-8.0,2.03,455.6666666666667,2.2157142857142857,535.0,0.6070575744291002,0.7946578517376252
2021-02-08,2.36,597.0,0.0,0,6.393590753950631,2.0,6.095824562432225,2.02,6.113682179832232,1.9999999999999964,4.399999999999997,0.6285714285714281,0.3599999999999999,154.0,2.1266666666666665,497.0,2.2142857142857144,534.4285714285714,0.6206094818274227,0.7841198065767104
2021-02-09,2.42,623.0,1.4,0,6.436150368369428,2.36,6.393590753950631,2.0,6.095824562432225,1.3999999999999964,5.799999999999996,0.8285714285714281,0.06000000000000005,26.0,2.26,554.3333333333334,2.2114285714285713,533.2857142857143,0.6339784927628866,0.7733506777097299
2021-02-10,2.3,571.0,0.0,0,6.349138991379798,2.42,6.436150368369428,2.36,6.393590753950631,1.3999999999999964,5.799999999999996,0.8285714285714281,-0.1200000000000001,-52.0,2.36,597.0,2.2014285714285715,529.0,0.647160667326606,0.7623536388483904
2021-02-11,2.21,533.0,0.0,0,6.280395838960195,2.3,6.349138991379798,2.42,6.436150368369428,1.3999999999999964,5.799999999999996,0.8285714285714281,-0.08999999999999986,-38.0,2.31,575.6666666666666,2.197142857142857,527.2857142857143,0.6601521206712317,0.7511319308705199
2021-02-12,2.3,571.0,1.6,0,6.349138991379798,2.21,6.280395838960195,2.3,6.349138991379798,1.5999999999999965,4.9999999999999964,0.7142857142857137,0.08999999999999986,38.0,2.2699999999999996,558.3333333333334,2.23,541.2857142857143,0.6729490241558329,0.7396888608649668
2021-02-13,2.28,563.0,0.0,0,6.335054251498059,2.3,6.349138991379798,2.21,6.280395838960195,1.5999999999999965,2.9999999999999964,0.42857142857142805,-0.020000000000000018,-8.0,2.263333333333333,555.6666666666666,2.267142857142857,557.2857142857143,0.6855476064742154,0.7280278011569848
2021-02-14,2.46,640.0,0.0,0,6.46302945692067,2.28,6.335054251498059,2.3,6.349138991379798,1.5999999999999965,2.9999999999999964,0.42857142857142805,0.18000000000000016,77.0,2.3466666666666662,591.3333333333334,2.3328571428571427,585.4285714285714,0.6979441547663435,0.7161521883143933
2021-02-15,2.46,640.0,0.0,0,6.46302945692067,2.46,6.46302945692067,2.28,6.335054251498059,0.0,2.9999999999999964,0.42857142857142805,0.0,0.0,2.4,614.3333333333334,2.347142857142857,591.5714285714286,0.7101350157125358,0.7040655221348057
2021-02-16,2.27,558.0,0.0,0,6.326149473155099,2.46,6.46302945692067,2.46,6.46302945692067,0.0,1.5999999999999965,0.22857142857142806,-0.18999999999999995,-82.0,2.3966666666666665,612.6666666666666,2.325714285714286,582.2857142857143,0.7221165966101162,0.6917713646142218
2021-02-17,2.06,468.0,0.0,0,6.150602768446279,2.27,6.326149473155099,2.46,6.46302945692067,0.0,1.5999999999999965,0.22857142857142806,-0.20999999999999996,-90.0,2.263333333333333,555.3333333333334,2.2914285714285714,567.5714285714286,0.733885366432199,0.6792733388972931
2021-02-18,1.94,418.0,0.0,0,6.037870919922137,2.06,6.150602768446279,2.27,6.326149473155099,0.0,1.5999999999999965,0.22857142857142806,-0.1200000000000001,-50.0,2.09,481.3333333333333,2.2528571428571427,551.1428571428571,0.7454378568683001,0.6665751282095632
2021-02-19,1.86,386.0,0.0,0,5.958424693029782,1.94,6.037870919922137,2.06,6.150602768446279,0.0,0.0,0.0,-0.07999999999999985,-32.0,1.9533333333333331,424.0,2.19,524.7142857142857,0.7567706633464626,0.653680474772006
2021-02-20,1.78,355.0,0.0,0,5.87493073085203,1.86,5.958424693029782,1.94,6.037870919922137,0.0,0.0,0.0,-0.08000000000000007,-31.0,1.86,386.3333333333333,2.1185714285714288,495.0,0.7678804460366,0.6405931786981751
2021-02-21,1.74,341.0,8.8,0,5.834810737062605,1.78,5.87493073085203,1.86,5.958424693029782,8.799999999999997,8.799999999999997,1.2571428571428567,-0.040000000000000036,-14.0,1.7933333333333332,360.6666666666667,2.015714285714286,452.2857142857143,0.7787639308347607,0.6273170968742937
2021-02-22,1.67,316.0,0.0,0,5.75890177387728,1.74,5.834810737062605,1.78,5.87493073085203,8.799999999999997,8.799999999999997,1.2571428571428567,-0.07000000000000006,-25.0,1.7299999999999998,337.3333333333333,1.9028571428571428,406.0,0.7894179103280197,0.613856141822612
2021-02-23,2.15,507.0,0.0,0,6.230481447578482,1.67,5.75890177387728,1.74,5.834810737062605,8.799999999999997,8.799999999999997,1.2571428571428567,0.48,191.0,1.8533333333333328,388.0,1.8857142857142857,398.7142857142857,0.7998392447397193,0.6002142805483682
2021-02-24,2.6,703.0,0.0,0,6.556778356158042,2.15,6.230481447578482,1.67,5.75890177387728,0.0,8.799999999999997,1.2571428571428567,0.4500000000000002,196.0,2.1399999999999997,508.6666666666667,1.9628571428571429,432.2857142857143,0.8100248628547753,0.5863955333706956
2021-02-25,2.59,699.0,0.0,0,6.551080335043404,2.6,6.556778356158042,2.15,6.230481447578482,0.0,8.799999999999997,1.2571428571428567,-0.010000000000000231,-4.0,2.4466666666666663,636.3333333333334,2.0557142857142856,472.42857142857144,0.8199717629247771,0.5724039727378148
2021-02-26,2.26,554.0,0.0,0,6.318968113746434,2.59,6.551080335043404,2.6,6.556778356158042,0.0,8.799999999999997,1.2571428571428567,-0.33000000000000007,-145.0,2.483333333333333,652.0,2.112857142857143,496.42857142857144,0.8296770135526188,0.5582437220268648
2021-02-27,1.96,426.0,0.0,0,6.056784013228625,2.26,6.318968113746434,2.59,6.551080335043404,0.0,8.799999999999997,1.2571428571428567,-0.2999999999999998,-128.0,2.27,559.6666666666666,2.1385714285714283,506.57142857142856,0.8391377545563938,0.5439189543287247
2021-02-28,1.83,374.0,0.0,0,5.926926025970411,1.96,6.056784013228625,2.26,6.318968113746434,0.0,0.0,0.0,-0.1299999999999999,-52.0,2.016666666666666,451.3333333333333,2.1514285714285712,511.2857142857143,0.8483511978123038,0.5294338912181853
2021-03-01,1.72,334.0,0.0,0,5.814130531825066,1.83,5.926926025970411,1.96,6.056784013228625,0.0,0.0,0.0,-0.1100000000000001,-40.0,1.8366666666666667,378.0,2.1585714285714284,513.8571428571429,0.8573146280763322,0.5147928015098309
2021-03-02,1.66,312.0,0.0,0,5.746203190540153,1.72,5.814130531825066,1.83,5.926926025970411,0.0,0.0,0.0,-0.06000000000000005,-22.0,1.7366666666666664,340.0,2.0885714285714285,486.0,0.8660254037844386,0.5000000000000001
2021-03-03,1.67,316.0,0.0,0,5.75890177387728,1.66,5.746203190540153,1.72,5.814130531825066,0.0,0.0,0.0,0.010000000000000009,4.0,1.683333333333333,320.6666666666667,1.9557142857142857,430.7142857142857,0.8744809578310397,0.4850598461951962
2021-03-04,1.64,305.0,0.0,0,5.723585101952381,1.67,5.75890177387728,1.66,5.746203190540153,0.0,0.0,0.0,-0.030000000000000027,-11.0,1.6566666666666665,311.0,1.8199999999999998,374.42857142857144,0.8826787983255474,0.46997674302731995
2021-03-05,1.59,287.0,0.0,0,5.662960480135946,1.64,5.723585101952381,1.67,5.75890177387728,0.0,0.0,0.0,-0.04999999999999982,-18.0,1.633333333333333,302.6666666666667,1.7242857142857144,336.2857142857143,0.8906165093267404,0.4547551355561058
2021-03-06,1.54,270.0,0.0,0,5.602118820879701,1.59,5.662960480135946,1.64,5.723585101952381,0.0,0.0,0.0,-0.050000000000000044,-17.0,1.5899999999999999,287.3333333333333,1.6642857142857144,314.0,0.8982917515547528,0.4393995096591417
2021-03-07,1.49,252.0,0.0,0,5.53338948872752,1.54,5.602118820879701,1.59,5.662960480135946,0.0,0.0,0.0,-0.050000000000000044,-18.0,1.54,269.6666666666667,1.6157142857142859,296.57142857142856,0.9057022630804714,0.42391439070986076
2021-03-08,1.45,239.0,0.0,0,5.480638923341991,1.49,5.53338948872752,1.54,5.602118820879701,0.0,0.0,0.0,-0.040000000000000036,-13.0,1.4933333333333332,253.66666666666666,1.577142857142857,283.0,0.9128458599921356,0.40830434224389334
2021-03-09,1.42,229.0,0.0,0,5.438079308923196,1.45,5.480638923341991,1.49,5.53338948872752,0.0,0.0,0.0,-0.030000000000000027,-10.0,1.4533333333333331,240.0,1.5428571428571427,271.14285714285717,0.9197204370389467,0.3925739646141717
2021-03-10,1.37,213.0,0.0,0,5.365976015021851,1.42,5.438079308923196,1.45,5.480638923341991,0.0,0.0,0.0,-0.04999999999999982,-16.0,1.413333333333333,227.0,1.5,256.42857142857144,0.926323968251495,0.3767278936351851
2021-03-11,1.31,194.0,0.0,0,5.272999558563747,1.37,5.365976015021851,1.42,5.438079308923196,0.0,0.0,0.0,-0.06000000000000005,-19.0,1.3666666666666665,212.0,1.452857142857143,240.57142857142858,0.9326545075388224,0.36077079921678346
2021-03-12,1.27,181.0,0.0,0,5.204006687076795,1.31,5.272999558563747,1.37,5.365976015021851,0.0,0.0,0.0,-0.040000000000000036,-13.0,1.3166666666666667,196.0,1.4071428571428573,225.42857142857142,0.9387101892619443,0.3447073839879338
2021-03-13,1.23,169.0,0.0,0,5.135798437050262,1.27,5.204006687076795,1.31,5.272999558563747,0.0,0.0,0.0,-0.040000000000000036,-12.0,1.2699999999999998,181.33333333333334,1.3628571428571428,211.0,0.9444892287836613,0.32854238191083485
2021-03-14,1.2,159.0,0.0,0,5.075173815233827,1.23,5.135798437050262,1.27,5.204006687076795,0.0,0.0,0.0,-0.030000000000000027,-10.0,1.2333333333333332,169.66666666666666,1.3214285714285714,197.71428571428572,0.949989922994501,0.3122805568857947
2021-03-15,1.18,153.0,0.0,0,5.0369526024136295,1.2,5.075173815233827,1.23,5.135798437050262,0.0,0.0,0.0,-0.020000000000000018,-6.0,1.2033333333333331,160.33333333333334,1.282857142857143,185.42857142857142,0.9552106508146316,0.2959267013472893
2021-03-16,1.1,128.0,0.0,0,4.859812404361672,1.18,5.0369526024136295,1.2,5.075173815233827,0.0,0.0,0.0,-0.07999999999999985,-25.0,1.16,146.66666666666666,1.237142857142857,171.0,0.9601498736716018,0.2794856348516095
2021-03-17,1.15,144.0,0.0,0,4.976733742420574,1.1,4.859812404361672,1.18,5.0369526024136295,0.0,0.0,0.0,0.04999999999999982,16.0,1.143333333333333,141.66666666666666,1.2057142857142857,161.14285714285714,0.9648061359537645,0.2629622026565149
2021-03-18,1.11,131.0,0.0,0,4.882801922586371,1.15,4.976733742420574,1.1,4.859812404361672,0.0,0.0,0.0,-0.039999999999999813,-13.0,1.1199999999999999,134.33333333333334,1.1771428571428573,152.14285714285714,0.9691780654392536,0.2463612742933148
2021-03-19,1.06,117.0,0.0,0,4.770684624465665,1.11,4.882801922586371,1.15,4.976733742420574,0.0,0.0,0.0,-0.050000000000000044,-14.0,1.1066666666666665,130.66666666666666,1.1471428571428572,143.0,0.9732643737003824,0.22968774213179574
2021-03-20,1.08,123.0,0.0,0,4.820281565605037,1.06,4.770684624465665,1.11,4.882801922586371,0.0,0.0,0.0,0.020000000000000018,6.0,1.0833333333333333,123.66666666666667,1.1257142857142857,136.42857142857142,0.9770638564833508,0.21294651993841582
2021-03-21,1.49,252.0,0.0,0,5.53338948872752,1.08,4.820281565605037,1.06,4.770684624465665,0.0,0.0,0.0,0.4099999999999999,129.0,1.2099999999999997,164.0,1.167142857142857,149.71428571428572,0.9805753940631429,0.19614254142819698
2021-03-22,1.63,302.0,0.0,0,5.713732805509369,1.49,5.53338948872752,1.08,4.820281565605037,0.0,0.0,0.0,0.1399999999999999,50.0,1.3999999999999997,225.66666666666666,1.2314285714285715,171.0,0.9837979515735163,0.17928075881073577
2021-03-23,1.36,210.0,0.0,0,5.351858133476067,1.63,5.713732805509369,1.49,5.53338948872752,0.0,0.0,0.0,-0.2699999999999998,-92.0,1.4933333333333332,254.66666666666666,1.2685714285714287,182.71428571428572,0.9867305793119814,0.162366141330764
2021-03-24,1.29,187.0,0.0,0,5.236441962829949,1.36,5.351858133476067,1.63,5.713732805509369,0.0,0.0,0.0,-0.07000000000000006,-23.0,1.4266666666666665,233.0,1.2885714285714285,188.85714285714286,0.989372413019683,0.14540367380368976
2021-03-25,1.23,168.0,0.0,0,5.1298987149230735,1.29,5.236441962829949,1.36,5.351858133476067,0.0,0.0,0.0,-0.06000000000000005,-19.0,1.2933333333333332,188.33333333333334,1.3057142857142858,194.14285714285714,0.9917226741361015,0.12839835514655099
2021-03-26,1.14,140.0,0.0,0,4.948759890378168,1.23,5.1298987149230735,1.29,5.236441962829949,0.0,0.0,0.0,-0.09000000000000008,-28.0,1.2199999999999998,165.0,1.317142857142857,197.42857142857142,0.9937806700284985,0.11135519690480875
2021-03-27,1.15,143.0,0.0,0,4.969813299576001,1.14,4.948759890378168,1.23,5.1298987149230735,0.0,0.0,0.0,0.010000000000000009,3.0,1.1733333333333331,150.33333333333334,1.327142857142857,200.28571428571428,0.9955457941960382,0.09427922177542453
2021-03-28,1.1,127.0,0.0,0,4.852030263919617,1.15,4.969813299576001,1.14,4.948759890378168,0.0,0.0,0.0,-0.04999999999999982,-16.0,1.1299999999999997,136.66666666666666,1.2714285714285716,182.42857142857142,0.9970175264485267,0.07717546212664653
2021-03-29,1.08,121.0,0.0,0,4.804021044733257,1.1,4.852030263919617,1.15,4.969813299576001,0.0,0.0,0.0,-0.020000000000000018,-6.0,1.1099999999999999,130.33333333333334,1.1928571428571428,156.57142857142858,0.998195433059714,0.0600489585149486
2021-03-30,0.96,88.0,0.0,0,4.48863636973214,1.08,4.804021044733257,1.1,4.852030263919617,0.0,0.0,0.0,-0.1200000000000001,-33.0,1.0466666666666666,112.0,1.1357142857142857,139.14285714285714,0.9990791668951153,0.042904758199554374
2021-03-31,0.95,86.0,0.0,0,4.465908118654584,0.96,4.48863636973214,1.08,4.804021044733257,0.0,0.0,0.0,-0.010000000000000009,-2.0,0.9966666666666665,98.33333333333333,1.087142857142857,124.71428571428571,0.999668467514313,0.025747913654988658
2021-04-01,0.94,83.0,0.0,0,4.430816798843313,0.95,4.465908118654584,0.96,4.48863636973214,0.0,0.0,0.0,-0.010000000000000009,-3.0,0.9499999999999998,85.66666666666667,1.0457142857142858,112.57142857142857,0.9999631612477099,0.008583481082087055
2021-04-02,0.96,88.0,0.0,0,4.48863636973214,0.94,4.430816798843313,0.95,4.465908118654584,0.0,0.0,0.0,0.020000000000000018,5.0,0.9499999999999998,85.66666666666667,1.02,105.14285714285714,0.9999631612477099,-0.008583481082086933
2021-04-03,0.94,82.0,0.0,0,4.418840607796598,0.96,4.48863636973214,0.94,4.430816798843313,0.0,0.0,0.0,-0.020000000000000018,-6.0,0.9466666666666664,84.33333333333333,0.99,96.42857142857143,0.9996684675143132,-0.025747913654988314
2021-04-04,0.94,82.0,0.0,0,4.418840607796598,0.94,4.418840607796598,0.96,4.48863636973214,0.0,0.0,0.0,0.0,0.0,0.9466666666666664,84.0,0.9671428571428572,90.0,0.9990791668951153,-0.04290475819955447
2021-04-05,0.93,79.0,0.0,0,4.382026634673881,0.94,4.418840607796598,0.94,4.418840607796598,0.0,0.0,0.0,-0.009999999999999898,-3.0,0.9366666666666665,81.0,0.9457142857142856,84.0,0.998195433059714,-0.06004895851494825
2021-04-06,0.9,71.0,0.0,0,4.276666119016055,0.93,4.382026634673881,0.94,4.418840607796598,0.0,0.0,0.0,-0.030000000000000027,-8.0,0.9233333333333332,77.33333333333333,0.9371428571428572,81.57142857142857,0.9970175264485267,-0.07717546212664618
2021-04-07,0.89,69.0,0.0,0,4.248495242049359,0.9,4.276666119016055,0.93,4.382026634673881,0.0,0.0,0.0,-0.010000000000000009,-2.0,0.9066666666666666,73.0,0.9285714285714286,79.14285714285714,0.9955457941960382,-0.0942792217754244
2021-04-08,0.88,67.0,0.0,0,4.219507705176107,0.89,4.248495242049359,0.9,4.276666119016055,0.0,0.0,0.0,-0.010000000000000009,-2.0,0.8899999999999998,69.0,0.9199999999999999,76.85714285714286,0.9937806700284985,-0.11135519690480862
2021-04-09,0.9,71.0,6.8,0,4.276666119016055,0.88,4.219507705176107,0.89,4.248495242049359,6.799999999999996,6.799999999999996,0.9714285714285709,0.020000000000000018,4.0,0.8899999999999998,69.0,0.9114285714285714,74.42857142857143,0.9917226741361015,-0.12839835514655107
2021-04-10,0.93,78.0,0.8,0,4.3694478524670215,0.9,4.276666119016055,0.88,4.219507705176107,7.599999999999996,7.599999999999996,1.0857142857142852,0.030000000000000027,7.0,0.9033333333333332,72.0,0.91,73.85714285714286,0.9893724130196829,-0.14540367380368988
2021-04-11,0.99,93.0,9.6,0,4.543294782270004,0.93,4.3694478524670215,0.9,4.276666119016055,17.199999999999996,17.199999999999996,2.4571428571428564,0.05999999999999994,15.0,0.9399999999999998,80.66666666666667,0.9171428571428571,75.42857142857143,0.9867305793119814,-0.16236614133076366
2021-04-12,0.99,92.0,0.0,0,4.532599493153256,0.99,4.543294782270004,0.93,4.3694478524670215,10.399999999999995,17.199999999999996,2.4571428571428564,0.0,-1.0,0.9699999999999999,87.66666666666667,0.9257142857142858,77.28571428571429,0.9837979515735163,-0.17928075881073566
2021-04-13,1.0,95.0,0.0,0,4.564348191467836,0.99,4.532599493153256,0.99,4.543294782270004,9.599999999999996,17.199999999999996,2.4571428571428564,0.010000000000000009,3.0,0.9933333333333332,93.33333333333333,0.9400000000000001,80.71428571428571,0.980575394063143,-0.19614254142819687
2021-04-14,1.03,103.0,0.0,0,4.6443908991413725,1.0,4.564348191467836,0.99,4.532599493153256,0.0,17.199999999999996,2.4571428571428564,0.030000000000000027,8.0,1.0066666666666666,96.66666666666667,0.9600000000000001,85.57142857142857,0.9770638564833507,-0.21294651993841593
2021-04-15,1.0,94.0,0.2,0,4.553876891600541,1.03,4.6443908991413725,1.0,4.564348191467836,0.19999999999999646,17.399999999999995,2.485714285714285,-0.030000000000000027,-9.0,1.0099999999999998,97.33333333333333,0.9771428571428571,89.42857142857143,0.9732643737003824,-0.22968774213179563
2021-04-16,0.97,87.0,0.0,0,4.477336814478207,1.0,4.553876891600541,1.03,4.6443908991413725,0.19999999999999646,10.599999999999994,1.5142857142857136,-0.030000000000000027,-7.0,0.9999999999999997,94.66666666666667,0.9871428571428572,91.71428571428571,0.9691780654392537,-0.2463612742933147
2021-04-17,0.94,79.0,0.0,0,4.382026634673881,0.97,4.477336814478207,1.0,4.553876891600541,0.19999999999999646,9.799999999999995,1.3999999999999992,-0.030000000000000027,-8.0,0.9699999999999998,86.66666666666667,0.9885714285714285,91.85714285714286,0.9648061359537646,-0.26296220265651454
2021-04-18,0.91,71.0,0.0,0,4.276666119016055,0.94,4.382026634673881,0.97,4.477336814478207,0.0,0.19999999999999646,0.028571428571428064,-0.029999999999999916,-8.0,0.9399999999999998,79.0,0.9771428571428571,88.71428571428571,0.9601498736716018,-0.2794856348516094
2021-04-19,0.87,63.0,0.2,0,4.1588830833596715,0.91,4.276666119016055,0.94,4.382026634673881,0.19999999999999646,0.39999999999999647,0.05714285714285664,-0.040000000000000036,-8.0,0.9066666666666666,71.0,0.96,84.57142857142857,0.9552106508146317,-0.2959267013472892
2021-04-20,0.87,62.0,6.8,0,4.143134726391533,0.87,4.1588830833596715,0.91,4.276666119016055,6.9999999999999964,7.199999999999997,1.028571428571428,0.0,-1.0,0.8833333333333332,65.33333333333333,0.9414285714285714,79.85714285714286,0.949989922994501,-0.31228055688579476
2021-04-21,0.85,58.0,2.6,0,4.07753744390572,0.87,4.143134726391533,0.87,4.1588830833596715,9.599999999999996,9.799999999999997,1.3999999999999997,-0.020000000000000018,-4.0,0.8633333333333332,61.0,0.9157142857142857,73.42857142857143,0.9444892287836613,-0.32854238191083474
2021-04-22,0.87,62.0,0.8,0,4.143134726391533,0.85,4.07753744390572,0.87,4.143134726391533,10.199999999999998,10.399999999999997,1.4857142857142853,0.020000000000000018,4.0,0.8633333333333332,60.666666666666664,0.8971428571428571,68.85714285714286,0.9387101892619443,-0.3447073839879337
2021-04-23,0.89,65.0,0.0,0,4.189654742026425,0.87,4.143134726391533,0.85,4.07753744390572,3.399999999999997,10.399999999999997,1.4857142857142853,0.020000000000000018,3.0,0.8699999999999998,61.666666666666664,0.8857142857142856,65.71428571428571,0.9326545075388225,-0.3607707992167831
2021-04-24,0.89,65.0,6.0,0,4.189654742026425,0.89,4.189654742026425,0.87,4.143134726391533,6.799999999999997,16.4,2.3428571428571425,0.0,0.0,0.8833333333333332,64.0,0.8785714285714287,63.714285714285715,0.926323968251495,-0.376727893635185
2021-04-25,0.9,67.0,1.2,0,4.219507705176107,0.89,4.189654742026425,0.89,4.189654742026425,7.1999999999999975,17.599999999999998,2.514285714285714,0.010000000000000009,2.0,0.8933333333333332,65.66666666666667,0.8771428571428572,63.142857142857146,0.9197204370389467,-0.39257396461417177
2021-04-26,0.95,79.0,5.0,0,4.382026634673881,0.9,4.219507705176107,0.89,4.189654742026425,12.199999999999998,22.4,3.1999999999999997,0.04999999999999993,12.0,0.9133333333333331,70.33333333333333,0.8885714285714286,65.42857142857143,0.9128458599921355,-0.40830434224389345
2021-04-27,0.96,81.0,0.6,0,4.406719247264253,0.95,4.382026634673881,0.9,4.219507705176107,6.799999999999997,16.2,2.314285714285714,0.010000000000000009,2.0,0.9366666666666665,75.66666666666667,0.9014285714285714,68.14285714285714,0.9057022630804715,-0.42391439070986064
2021-04-28,1.01,94.0,5.8,0,4.553876891600541,0.96,4.406719247264253,0.95,4.382026634673881,11.399999999999997,19.399999999999995,2.771428571428571,0.050000000000000044,13.0,0.9733333333333332,84.66666666666667,0.9242857142857144,73.28571428571429,0.898291751554753,-0.43939950965914143
2021-04-29,1.04,102.0,2.8,0,4.634728988229636,1.01,4.553876891600541,0.96,4.406719247264253,9.199999999999996,21.399999999999995,3.0571428571428565,0.030000000000000027,8.0,1.0033333333333332,92.33333333333333,0.9485714285714286,79.0,0.8906165093267405,-0.4547551355561055
2021-04-30,1.05,104.0,1.0,0,4.653960350157523,1.04,4.634728988229636,1.01,4.553876891600541,9.599999999999998,22.399999999999995,3.1999999999999993,0.010000000000000009,2.0,1.0333333333333332,100.0,0.9714285714285714,84.57142857142857,0.8826787983255476,-0.4699767430273197
2021-05-01,1.04,101.0,0.2,0,4.624972813284271,1.05,4.653960350157523,1.04,4.634728988229636,3.9999999999999973,16.599999999999994,2.3714285714285706,-0.010000000000000009,-3.0,1.0433333333333332,102.33333333333333,0.9928571428571429,89.71428571428571,0.8744809578310397,-0.4850598461951961
2021-05-02,1.04,101.0,0.0,0,4.624972813284271,1.04,4.624972813284271,1.05,4.653960350157523,1.1999999999999973,15.399999999999995,2.1999999999999993,0.0,0.0,1.0433333333333332,102.0,1.012857142857143,94.57142857142857,0.8660254037844387,-0.4999999999999998
2021-05-03,1.04,101.0,0.8,0,4.624972813284271,1.04,4.624972813284271,1.04,4.624972813284271,0.9999999999999973,11.199999999999996,1.5999999999999994,0.0,0.0,1.04,101.0,1.0257142857142858,97.71428571428571,0.8573146280763323,-0.5147928015098308
2021-05-04,1.0,90.0,0.0,0,4.51085950651685,1.04,4.624972813284271,1.04,4.624972813284271,0.7999999999999974,10.599999999999996,1.5142857142857138,-0.040000000000000036,-11.0,1.0266666666666666,97.33333333333333,1.0314285714285716,99.0,0.848351197812304,-0.5294338912181852
2021-05-05,0.94,74.0,0.0,0,4.31748811353631,1.0,4.51085950651685,1.04,4.624972813284271,0.7999999999999974,4.799999999999996,0.6857142857142852,-0.06000000000000005,-16.0,0.9933333333333332,88.33333333333333,1.0214285714285716,96.14285714285714,0.8391377545563939,-0.5439189543287246
2021-05-06,0.91,67.0,0.0,0,4.219507705176107,0.94,4.31748811353631,1.0,4.51085950651685,0.0,1.9999999999999964,0.2857142857142852,-0.029999999999999916,-7.0,0.9499999999999998,77.0,1.002857142857143,91.14285714285714,0.8296770135526188,-0.5582437220268649
2021-05-07,0.89,62.0,0.0,0,4.143134726391533,0.91,4.219507705176107,0.94,4.31748811353631,0.0,0.9999999999999964,0.14285714285714235,-0.020000000000000018,-5.0,0.9133333333333331,67.66666666666667,0.9799999999999999,85.14285714285714,0.8199717629247771,-0.5724039727378148
2021-05-08,0.85,55.0,0.0,0,4.02535169073515,0.89,4.143134726391533,0.91,4.219507705176107,0.0,0.7999999999999965,0.11428571428571378,-0.040000000000000036,-7.0,0.8833333333333332,61.333333333333336,0.9528571428571428,78.57142857142857,0.8100248628547752,-0.5863955333706956
2021-05-09,0.92,68.0,10.6,0,4.23410650459726,0.85,4.02535169073515,0.89,4.143134726391533,10.599999999999998,11.399999999999997,1.6285714285714281,0.07000000000000006,13.0,0.8866666666666664,61.666666666666664,0.9357142857142857,73.85714285714286,0.7998392447397195,-0.600214280548368
2021-05-10,0.93,71.0,0.0,0,4.276666119016055,0.92,4.23410650459726,0.85,4.02535169073515,10.599999999999996,10.599999999999996,1.5142857142857138,0.010000000000000009,3.0,0.8999999999999999,64.66666666666667,0.9199999999999999,69.57142857142857,0.7894179103280199,-0.6138561418226116
2021-05-11,0.93,71.0,0.0,0,4.276666119016055,0.93,4.276666119016055,0.92,4.23410650459726,10.599999999999996,10.599999999999996,1.5142857142857138,0.0,0.0,0.9266666666666664,70.0,0.91,66.85714285714286,0.7787639308347607,-0.6273170968742938
2021-05-12,0.97,80.0,0.4,0,4.394449154672439,0.93,4.276666119016055,0.93,4.276666119016055,0.39999999999999647,10.999999999999996,1.571428571428571,0.039999999999999925,9.0,0.9433333333333332,74.0,0.9142857142857144,67.71428571428571,0.7678804460366001,-0.6405931786981751
2021-05-13,0.96,77.0,15.6,0,4.356708826689592,0.97,4.394449154672439,0.93,4.276666119016055,15.999999999999996,26.599999999999994,3.7999999999999994,-0.010000000000000009,-3.0,0.9533333333333331,76.0,0.9214285714285715,69.14285714285714,0.7567706633464627,-0.6536804747720057
2021-05-14,0.94,72.0,0.0,0,4.290459441148391,0.96,4.356708826689592,0.97,4.394449154672439,15.999999999999996,26.599999999999994,3.7999999999999994,-0.020000000000000018,-5.0,0.9566666666666664,76.33333333333333,0.9285714285714286,70.57142857142857,0.7454378568683001,-0.6665751282095632
2021-05-15,0.96,77.0,0.0,0,4.356708826689592,0.94,4.290459441148391,0.96,4.356708826689592,15.599999999999996,26.599999999999994,3.7999999999999994,0.020000000000000018,5.0,0.9533333333333331,75.33333333333333,0.9442857142857142,73.71428571428571,0.7338853664321991,-0.6792733388972931
2021-05-16,1.02,92.0,0.0,0,4.532599493153256,0.96,4.356708826689592,0.94,4.290459441148391,0.0,15.999999999999996,2.285714285714285,0.06000000000000005,15.0,0.9733333333333332,80.33333333333333,0.9585714285714285,77.14285714285714,0.722116596610116,-0.6917713646142222
2021-05-17,1.02,92.0,0.0,0,4.532599493153256,1.02,4.532599493153256,0.96,4.356708826689592,0.0,15.999999999999996,2.285714285714285,0.0,0.0,0.9999999999999999,87.0,0.9714285714285715,80.14285714285714,0.7101350157125358,-0.7040655221348058
2021-05-18,1.0,86.0,0.0,0,4.465908118654584,1.02,4.532599493153256,1.02,4.532599493153256,0.0,15.999999999999996,2.285714285714285,-0.020000000000000018,-6.0,1.0133333333333332,90.0,0.9814285714285713,82.28571428571429,0.6979441547663435,-0.7161521883143933
2021-05-19,0.94,71.0,0.0,0,4.276666119016055,1.0,4.465908118654584,1.02,4.532599493153256,0.0,15.599999999999996,2.228571428571428,-0.06000000000000005,-15.0,0.9866666666666665,83.0,0.9771428571428571,81.0,0.6855476064742155,-0.7280278011569847
2021-05-20,0.92,66.0,0.0,0,4.204692619390966,0.94,4.276666119016055,1.0,4.465908118654584,0.0,0.0,0.0,-0.019999999999999907,-5.0,0.9533333333333331,74.33333333333333,0.9714285714285714,79.42857142857143,0.672949024155833,-0.7396888608649667
2021-05-21,0.91,63.0,0.0,0,4.1588830833596715,0.92,4.204692619390966,0.94,4.276666119016055,0.0,0.0,0.0,-0.010000000000000009,-3.0,0.9233333333333332,66.66666666666667,0.9671428571428571,78.14285714285714,0.660152120671232,-0.7511319308705197
2021-05-22,0.82,48.0,0.4,0,3.8918202981106265,0.91,4.1588830833596715,0.92,4.204692619390966,0.39999999999999647,0.39999999999999647,0.05714285714285664,-0.09000000000000008,-15.0,0.8833333333333332,59.0,0.9471428571428573,74.0,0.647160667326606,-0.7623536388483902
2021-05-23,0.81,46.0,1.8,0,3.8501476017100584,0.82,3.8918202981106265,0.91,4.1588830833596715,2.1999999999999966,2.1999999999999966,0.3142857142857138,-0.009999999999999898,-2.0,0.8466666666666666,52.333333333333336,0.9171428571428571,67.42857142857143,0.6339784927628868,-0.7733506777097298
2021-05-24,0.82,48.0,0.0,0,3.8918202981106265,0.81,3.8501476017100584,0.82,3.8918202981106265,2.1999999999999966,2.1999999999999966,0.3142857142857138,0.009999999999999898,2.0,0.8166666666666664,47.333333333333336,0.8885714285714287,61.142857142857146,0.620609481827423,-0.7841198065767103
2021-05-25,0.82,48.0,0.0,0,3.8918202981106265,0.82,3.8918202981106265,0.81,3.8501476017100584,1.7999999999999965,2.1999999999999966,0.3142857142857138,0.0,0.0,0.8166666666666665,47.333333333333336,0.8628571428571429,55.714285714285715,0.6070575744291006,-0.7946578517376249
2021-05-26,0.8,45.0,3.2,0,3.828641396489095,0.82,3.8918202981106265,0.82,3.8918202981106265,3.1999999999999966,5.399999999999997,0.771428571428571,-0.019999999999999907,-3.0,0.8133333333333331,47.0,0.8428571428571429,52.0,0.593326764377232,-0.8049617075821959
2021-05-27,0.74,37.0,0.0,0,3.6375861597263857,0.8,3.828641396489095,0.82,3.8918202981106265,3.1999999999999966,5.399999999999997,0.771428571428571,-0.06000000000000005,-8.0,0.7866666666666665,43.333333333333336,0.8171428571428571,47.857142857142854,0.5794210982045638,-0.8150283375168113
2021-05-28,0.8,44.0,0.0,0,3.8066624897703196,0.74,3.6375861597263857,0.8,3.828641396489095,3.1999999999999966,5.399999999999997,0.771428571428571,0.06000000000000005,7.0,0.7799999999999999,42.0,0.8014285714285715,45.142857142857146,0.5653446739747428,-0.8248547748594245
2021-05-29,0.91,61.0,1.4,0,4.127134385045092,0.8,3.8066624897703196,0.74,3.6375861597263857,1.3999999999999964,6.399999999999997,0.9142857142857138,0.10999999999999999,17.0,0.8166666666666664,47.333333333333336,0.8142857142857142,47.0,0.5511016400746,-0.8344381237138473
2021-05-30,0.91,61.0,1.0,0,4.127134385045092,0.91,4.127134385045092,0.8,3.8066624897703196,2.3999999999999964,5.599999999999996,0.7999999999999995,0.0,0.0,0.8733333333333332,55.333333333333336,0.8285714285714285,49.142857142857146,0.5366961939916005,-0.8437755598231856
2021-05-31,0.95,70.0,6.8,0,4.2626798770413155,0.91,4.127134385045092,0.91,4.127134385045092,9.199999999999996,12.399999999999997,1.771428571428571,0.039999999999999925,9.0,0.9233333333333332,64.0,0.8471428571428571,52.285714285714285,0.522132581076825,-0.8528643314021596
2021-06-01,0.98,77.0,7.2,0,4.356708826689592,0.95,4.2626798770413155,0.91,4.127134385045092,14.999999999999996,19.599999999999998,2.8,0.030000000000000027,7.0,0.9466666666666664,69.33333333333333,0.8700000000000001,56.42857142857143,0.5074150932938458,-0.861701759948068
2021-06-02,1.16,129.0,0.0,0,4.867534450455582,0.98,4.356708826689592,0.95,4.2626798770413155,13.999999999999996,16.4,2.3428571428571425,0.17999999999999994,52.0,1.0299999999999998,92.0,0.9214285714285714,68.42857142857143,0.4925480679538644,-0.8702852410301553
2021-06-03,1.17,133.0,8.8,0,4.897839799950911,1.16,4.867534450455582,0.98,4.356708826689592,15.999999999999998,25.2,3.6,0.010000000000000009,4.0,1.1033333333333333,113.0,0.982857142857143,82.14285714285714,0.47753588643748834,-0.8786122450571482
2021-06-04,1.16,129.0,0.4,0,4.867534450455582,1.17,4.897839799950911,1.16,4.867534450455582,9.199999999999998,25.599999999999998,3.657142857142857,-0.010000000000000009,-4.0,1.163333333333333,130.33333333333334,1.0342857142857143,94.28571428571429,0.4623829729035151,-0.8866803180227399
2021-06-05,1.23,153.0,0.4,0,5.0369526024136295,1.16,4.867534450455582,1.17,4.897839799950911,9.6,24.599999999999998,3.514285714285714,0.07000000000000006,24.0,1.1866666666666665,138.33333333333334,1.08,107.42857142857143,0.44709379298511426,-0.8944870822287954
2021-06-06,1.45,230.0,0.0,0,5.442417710521793,1.23,5.0369526024136295,1.16,4.867534450455582,0.7999999999999983,23.599999999999998,3.371428571428571,0.21999999999999997,77.0,1.2799999999999998,170.66666666666666,1.157142857142857,131.57142857142858,0.43167285247378384,-0.9020302369860707
2021-06-07,1.36,198.0,0.0,0,5.293304824724492,1.45,5.442417710521793,1.23,5.0369526024136295,0.39999999999999825,16.799999999999997,2.3999999999999995,-0.08999999999999986,-32.0,1.3466666666666667,193.66666666666666,1.2157142857142857,149.85714285714286,0.4161246959914746,-0.9093075592922357
2021-06-08,1.13,118.0,0.0,0,4.77912349311153,1.36,5.293304824724492,1.45,5.442417710521793,0.0,9.599999999999998,1.3714285714285712,-0.2300000000000002,-80.0,1.3133333333333332,182.0,1.237142857142857,155.71428571428572,0.4004539056512664,-0.9163169044870048
2021-06-09,1.02,86.0,0.0,0,4.465908118654584,1.13,4.77912349311153,1.36,5.293304824724492,0.0,9.599999999999998,1.3714285714285712,-0.10999999999999988,-32.0,1.17,134.0,1.217142857142857,149.57142857142858,0.3846650997070012,-0.923056206884176
2021-06-10,0.93,64.0,1.4,0,4.174387269895637,1.02,4.465908118654584,1.13,4.77912349311153,1.3999999999999981,2.1999999999999966,0.3142857142857138,-0.08999999999999997,-22.0,1.0266666666666664,89.33333333333333,1.1828571428571428,139.71428571428572,0.3687629311922603,-0.9295234803804002
2021-06-11,0.89,55.0,4.8,0,4.02535169073515,0.93,4.174387269895637,1.02,4.465908118654584,6.1999999999999975,6.599999999999996,0.9428571428571423,-0.040000000000000036,-9.0,0.9466666666666667,68.33333333333333,1.1442857142857144,129.14285714285714,0.352752086549095,-0.9357168190404935
2021-06-12,1.0,81.0,0.2,0,4.406719247264253,0.89,4.02535169073515,0.93,4.174387269895637,6.399999999999999,6.399999999999997,0.9142857142857138,0.10999999999999999,26.0,0.9399999999999998,66.66666666666667,1.1114285714285714,118.85714285714286,0.3366372842469106,-0.9416343976591258
2021-06-13,1.16,129.0,0.0,0,4.867534450455582,1.0,4.406719247264253,0.89,4.02535169073515,4.999999999999998,6.399999999999997,0.9142857142857138,0.15999999999999992,48.0,1.0166666666666664,88.33333333333333,1.07,104.42857142857143,0.3204232733919116,-0.9472744722987168
2021-06-14,1.06,97.0,0.0,0,4.584967478670572,1.16,4.867534450455582,1.0,4.406719247264253,0.19999999999999912,6.399999999999997,0.9142857142857138,-0.09999999999999987,-32.0,1.073333333333333,102.33333333333333,1.0271428571428571,90.0,0.30411483232751846,-0.9526353808033824
2021-06-15,0.98,76.0,1.8,0,4.343805421853684,1.06,4.584967478670572,1.16,4.867534450455582,1.7999999999999992,8.199999999999996,1.1714285714285708,-0.08000000000000007,-21.0,1.0666666666666667,100.66666666666667,1.0057142857142858,84.0,0.2877167672261668,-0.9577155432887804
2021-06-16,1.03,89.0,2.0,0,4.499809670330265,0.98,4.343805421853684,1.06,4.584967478670572,3.799999999999999,10.199999999999996,1.4571428571428566,0.050000000000000044,13.0,1.0233333333333332,87.33333333333333,1.0071428571428571,84.42857142857143,0.27123391067291,-0.9625134626077081
2021-06-17,1.07,100.0,6.6,0,4.61512051684126,1.03,4.499809670330265,0.98,4.343805421853684,10.399999999999999,15.399999999999995,2.1999999999999993,0.040000000000000036,11.0,1.0266666666666666,88.33333333333333,1.0271428571428571,89.57142857142857,0.2546711202412288,-0.9670277247913204
2021-06-18,1.32,184.0,0.0,0,5.220355825078324,1.07,4.61512051684126,1.03,4.499809670330265,8.599999999999998,10.599999999999998,1.514285714285714,0.25,84.0,1.14,124.33333333333333,1.0885714285714287,108.0,0.2380332770614858,-0.9712569994658313
2021-06-19,1.45,230.0,5.2,0,5.442417710521793,1.32,5.220355825078324,1.07,4.61512051684126,11.799999999999999,15.599999999999998,2.228571428571428,0.1299999999999999,46.0,1.2799999999999998,171.33333333333334,1.1528571428571428,129.28571428571428,0.22132528438243243,-0.9752000402445825
2021-06-20,1.34,191.0,0.2,0,5.2574953720277815,1.45,5.442417710521793,1.32,5.220355825078324,5.3999999999999995,15.799999999999997,2.2571428571428567,-0.10999999999999988,-39.0,1.3699999999999999,201.66666666666666,1.1785714285714286,138.14285714285714,0.2045520661262008,-0.9788556850953578
2021-06-21,1.34,191.0,0.0,0,5.2574953720277815,1.34,5.2574953720277815,1.45,5.442417710521793,5.3999999999999995,15.799999999999997,2.2571428571428567,0.0,0.0,1.3766666666666663,204.0,1.2185714285714284,151.57142857142858,0.18771856543719884,-0.9822228566828406
2021-06-22,1.27,167.0,0.0,0,5.123963979403259,1.34,5.2574953720277815,1.34,5.2574953720277815,0.19999999999999912,13.999999999999996,1.9999999999999996,-0.07000000000000006,-24.0,1.3166666666666667,183.0,1.26,164.57142857142858,0.17082974322534442,-0.985300562686109
2021-06-23,1.17,132.0,0.0,0,4.890349128221754,1.27,5.123963979403259,1.34,5.2574953720277815,0.0,11.999999999999996,1.7142857142857137,-0.10000000000000009,-35.0,1.2599999999999998,163.33333333333334,1.28,170.71428571428572,0.15389057670406214,-0.9880878960910771
2021-06-24,1.07,100.0,0.0,0,4.61512051684126,1.17,4.890349128221754,1.27,5.123963979403259,0.0,5.399999999999998,0.7714285714285711,-0.09999999999999987,-32.0,1.17,133.0,1.28,170.71428571428572,0.13690605792347574,-0.9905840354577969
2021-06-25,1.01,84.0,0.0,0,4.442651256490317,1.07,4.61512051684126,1.17,4.890349128221754,0.0,5.399999999999998,0.7714285714285711,-0.06000000000000005,-16.0,1.0833333333333333,105.33333333333333,1.2357142857142858,156.42857142857142,0.11988119229922782,-0.9927882451625399
2021-06-26,1.06,97.0,0.0,0,4.584967478670572,1.01,4.442651256490317,1.07,4.61512051684126,0.0,0.19999999999999735,0.028571428571428192,0.050000000000000044,13.0,1.0466666666666666,93.66666666666667,1.18,137.42857142857142,0.10282099713736025,-0.9946998756145891
2021-06-27,1.01,84.0,0.0,0,4.442651256490317,1.06,4.584967478670572,1.01,4.442651256490317,0.0,0.0,0.0,-0.050000000000000044,-13.0,1.0266666666666664,88.33333333333333,1.132857142857143,122.14285714285714,0.0857305001556943,-0.9963183634476755
2021-06-28,0.95,69.0,0.0,0,4.248495242049359,1.01,4.442651256490317,1.06,4.584967478670572,0.0,0.0,0.0,-0.06000000000000005,-15.0,1.0066666666666666,83.33333333333333,1.0771428571428572,104.71428571428571,0.0686147380021341,-0.9976432316860063
2021-06-29,0.9,57.0,0.0,0,4.060443010546419,0.95,4.248495242049359,1.01,4.442651256490317,0.0,0.0,0.0,-0.04999999999999993,-12.0,0.9533333333333331,70.0,1.0242857142857142,89.0,0.05147875477034673,-0.9986740898848305
2021-06-30,0.86,51.0,0.0,0,3.9512437185814275,0.9,4.060443010546419,0.95,4.248495242049359,0.0,0.0,0.0,-0.040000000000000036,-6.0,0.9033333333333332,59.0,0.9800000000000001,77.42857142857143,0.03432760051324382,-0.9994106342455052
2021-07-01,0.82,45.0,0.0,0,3.828641396489095,0.86,3.9512437185814275,0.9,4.060443010546419,0.0,0.0,0.0,-0.040000000000000036,-6.0,0.8599999999999999,51.0,0.9442857142857143,69.57142857142857,0.01716632975470737,-0.9998526477050269
2021-07-02,0.83,47.0,0.0,0,3.871201010907891,0.82,3.828641396489095,0.86,3.9512437185814275,0.0,0.0,0.0,0.010000000000000009,2.0,0.8366666666666666,47.666666666666664,0.9185714285714285,64.28571428571429,1.2246467991473532e-16,-1.0
2021-07-03,0.81,44.0,0.0,0,3.8066624897703196,0.83,3.871201010907891,0.82,3.828641396489095,0.0,0.0,0.0,-0.019999999999999907,-3.0,0.8199999999999998,45.333333333333336,0.8828571428571428,56.714285714285715,-0.017166329754707124,-0.9998526477050269
2021-07-04,0.8,43.0,0.0,0,3.784189633918261,0.81,3.8066624897703196,0.83,3.871201010907891,0.0,0.0,0.0,-0.010000000000000009,-1.0,0.8133333333333331,44.666666666666664,0.8528571428571429,50.857142857142854,-0.03432760051324313,-0.9994106342455054
2021-07-05,0.75,38.0,0.0,0,3.6635616461296463,0.8,3.784189633918261,0.81,3.8066624897703196,0.0,0.0,0.0,-0.050000000000000044,-5.0,0.7866666666666665,41.666666666666664,0.8242857142857142,46.42857142857143,-0.051478754770346045,-0.9986740898848305
2021-07-06,0.79,42.0,3.2,0,3.7612001156935624,0.75,3.6635616461296463,0.8,3.784189633918261,3.1999999999999993,3.1999999999999975,0.4571428571428568,0.040000000000000036,4.0,0.7799999999999999,41.0,0.8085714285714286,44.285714285714285,-0.06861473800213432,-0.9976432316860063
2021-07-07,0.81,44.0,0.0,0,3.8066624897703196,0.79,3.7612001156935624,0.75,3.6635616461296463,3.1999999999999993,3.1999999999999975,0.4571428571428568,0.020000000000000018,2.0,0.7833333333333332,41.333333333333336,0.8014285714285715,43.285714285714285,-0.0857305001556945,-0.9963183634476755
2021-07-08,0.82,45.0,0.0,0,3.828641396489095,0.81,3.8066624897703196,0.79,3.7612001156935624,3.1999999999999993,3.1999999999999975,0.4571428571428568,0.009999999999999898,1.0,0.8066666666666665,43.666666666666664,0.8014285714285714,43.285714285714285,-0.10282099713736044,-0.9946998756145891
2021-07-09,0.85,49.0,0.0,0,3.912023005428146,0.82,3.828641396489095,0.81,3.8066624897703196,0.0,3.1999999999999975,0.4571428571428568,0.030000000000000027,4.0,0.8266666666666665,46.0,0.8042857142857143,43.57142857142857,-0.11988119229922714,-0.99278824516254
2021-07-10,0.88,54.0,0.0,0,4.007333185232471,0.85,3.912023005428146,0.82,3.828641396489095,0.0,3.1999999999999975,0.4571428571428568,0.030000000000000027,5.0,0.8499999999999998,49.333333333333336,0.8142857142857143,45.0,-0.13690605792347504,-0.990584035457797
2021-07-11,0.87,52.0,0.0,0,3.970291913552122,0.88,4.007333185232471,0.85,3.912023005428146,0.0,3.1999999999999975,0.4571428571428568,-0.010000000000000009,-2.0,0.8666666666666666,51.666666666666664,0.8242857142857144,46.285714285714285,-0.15389057670406148,-0.9880878960910772
2021-07-12,0.87,52.0,0.0,0,3.970291913552122,0.87,3.970291913552122,0.88,4.007333185232471,0.0,3.1999999999999975,0.4571428571428568,0.0,0.0,0.8733333333333332,52.666666666666664,0.8414285714285715,48.285714285714285,-0.17082974322534417,-0.985300562686109
2021-07-13,0.85,49.0,0.0,0,3.912023005428146,0.87,3.970291913552122,0.87,3.970291913552122,0.0,0.0,0.0,-0.020000000000000018,-3.0,0.8633333333333333,51.0,0.85,49.285714285714285,-0.1877185654371986,-0.9822228566828407
2021-07-14,0.84,48.0,0.0,0,3.8918202981106265,0.85,3.912023005428146,0.87,3.970291913552122,0.0,0.0,0.0,-0.010000000000000009,-1.0,0.8533333333333332,49.666666666666664,0.8542857142857142,49.857142857142854,-0.20455206612620058,-0.9788556850953579
2021-07-15,0.85,49.0,0.0,0,3.912023005428146,0.84,3.8918202981106265,0.85,3.912023005428146,0.0,0.0,0.0,0.010000000000000009,1.0,0.8466666666666663,48.666666666666664,0.8585714285714285,50.42857142857143,-0.22132528438243218,-0.9752000402445826
2021-07-16,0.85,49.0,0.0,0,3.912023005428146,0.85,3.912023005428146,0.84,3.8918202981106265,0.0,0.0,0.0,0.0,0.0,0.8466666666666666,48.666666666666664,0.8585714285714285,50.42857142857143,-0.23803327706148514,-0.9712569994658315
2021-07-17,0.83,47.0,0.0,0,3.871201010907891,0.85,3.912023005428146,0.85,3.912023005428146,0.0,0.0,0.0,-0.020000000000000018,-2.0,0.8433333333333332,48.333333333333336,0.8514285714285714,49.42857142857143,-0.254671120241229,-0.9670277247913203
2021-07-18,0.8,43.0,0.0,0,3.784189633918261,0.83,3.871201010907891,0.85,3.912023005428146,0.0,0.0,0.0,-0.029999999999999916,-4.0,0.8266666666666665,46.333333333333336,0.8414285714285714,48.142857142857146,-0.2712339106729102,-0.9625134626077081
2021-07-19,0.81,44.0,0.0,0,3.8066624897703196,0.8,3.784189633918261,0.83,3.871201010907891,0.0,0.0,0.0,0.010000000000000009,1.0,0.8133333333333331,44.666666666666664,0.8328571428571429,47.0,-0.287716767226167,-0.9577155432887803
2021-07-20,0.8,43.0,0.0,0,3.784189633918261,0.81,3.8066624897703196,0.8,3.784189633918261,0.0,0.0,0.0,-0.010000000000000009,-1.0,0.8033333333333332,43.333333333333336,0.8257142857142857,46.142857142857146,-0.3041148323275178,-0.9526353808033826
2021-07-21,0.81,44.0,0.0,0,3.8066624897703196,0.8,3.784189633918261,0.81,3.8066624897703196,0.0,0.0,0.0,0.010000000000000009,1.0,0.8066666666666666,43.666666666666664,0.8214285714285714,45.57142857142857,-0.32042327339191096,-0.947274472298717
2021-07-22,0.77,40.0,0.0,0,3.713572066704308,0.81,3.8066624897703196,0.8,3.784189633918261,0.0,0.0,0.0,-0.040000000000000036,-4.0,0.7933333333333333,42.333333333333336,0.8100000000000002,44.285714285714285,-0.3366372842469099,-0.941634397659126
2021-07-23,0.73,35.0,0.0,0,3.58351893845611,0.77,3.713572066704308,0.81,3.8066624897703196,0.0,0.0,0.0,-0.040000000000000036,-5.0,0.7699999999999999,39.666666666666664,0.7928571428571428,42.285714285714285,-0.35275208654909473,-0.9357168190404936
2021-07-24,0.71,33.0,0.0,0,3.5263605246161616,0.73,3.58351893845611,0.77,3.713572066704308,0.0,0.0,0.0,-0.020000000000000018,-2.0,0.7366666666666665,36.0,0.7757142857142857,40.285714285714285,-0.36876293119226006,-0.9295234803804003
2021-07-25,0.75,38.0,4.2,0,3.6635616461296463,0.71,3.5263605246161616,0.73,3.58351893845611,4.199999999999999,4.1999999999999975,0.5999999999999996,0.040000000000000036,5.0,0.7299999999999999,35.333333333333336,0.7685714285714286,39.57142857142857,-0.38466509970700097,-0.9230562068841761
2021-07-26,0.77,40.0,0.0,0,3.713572066704308,0.75,3.6635616461296463,0.71,3.5263605246161616,4.199999999999999,4.1999999999999975,0.5999999999999996,0.020000000000000018,2.0,0.7433333333333332,37.0,0.762857142857143,39.0,-0.40045390565126615,-0.9163169044870049
2021-07-27,0.81,44.0,0.0,0,3.8066624897703196,0.77,3.713572066704308,0.75,3.6635616461296463,4.199999999999999,4.1999999999999975,0.5999999999999996,0.040000000000000036,4.0,0.7766666666666665,40.666666666666664,0.7642857142857142,39.142857142857146,-0.4161246959914748,-0.9093075592922356
2021-07-28,0.81,44.0,0.0,0,3.8066624897703196,0.81,3.8066624897703196,0.77,3.713572066704308,0.0,4.1999999999999975,0.5999999999999996,0.0,0.0,0.7966666666666665,42.666666666666664,0.7642857142857143,39.142857142857146,-0.431672852473784,-0.9020302369860707
2021-07-29,0.8,43.0,0.0,0,3.784189633918261,0.81,3.8066624897703196,0.81,3.8066624897703196,0.0,4.1999999999999975,0.5999999999999996,-0.010000000000000009,-1.0,0.8066666666666666,43.666666666666664,0.7685714285714286,39.57142857142857,-0.44709379298511404,-0.8944870822287955
2021-07-30,0.8,43.0,0.0,0,3.784189633918261,0.8,3.784189633918261,0.81,3.8066624897703196,0.0,4.1999999999999975,0.5999999999999996,0.0,0.0,0.8033333333333332,43.333333333333336,0.7785714285714286,40.714285714285715,-0.4623829729035149,-0.88668031802274
2021-07-31,0.96,71.0,0.8,0,4.276666119016055,0.8,3.784189633918261,0.8,3.784189633918261,0.7999999999999992,4.999999999999997,0.7142857142857139,0.15999999999999992,28.0,0.8533333333333332,52.333333333333336,0.8142857142857143,46.142857142857146,-0.4775358864374881,-0.8786122450571483
2021-08-01,0.99,79.0,0.0,0,4.382026634673881,0.96,4.276666119016055,0.8,3.784189633918261,0.7999999999999992,0.7999999999999974,0.11428571428571391,0.030000000000000027,8.0,0.9166666666666665,64.33333333333333,0.8485714285714286,52.0,-0.4925480679538642,-0.8702852410301554
2021-08-02,0.81,44.0,0.0,0,3.8066624897703196,0.99,4.382026634673881,0.96,4.276666119016055,0.7999999999999992,0.7999999999999974,0.11428571428571391,-0.17999999999999994,-35.0,0.9199999999999999,64.66666666666667,0.8542857142857143,52.57142857142857,-0.5074150932938452,-0.8617017599480683
2021-08-03,0.81,44.0,0.0,0,3.8066624897703196,0.81,3.8066624897703196,0.99,4.382026634673881,0.0,0.7999999999999974,0.11428571428571391,0.0,0.0,0.8699999999999998,55.666666666666664,0.8542857142857143,52.57142857142857,-0.5221325810768248,-0.8528643314021597
2021-08-04,0.8,43.0,0.0,0,3.784189633918261,0.81,3.8066624897703196,0.81,3.8066624897703196,0.0,0.7999999999999974,0.11428571428571391,-0.010000000000000009,-1.0,0.8066666666666666,43.666666666666664,0.8528571428571429,52.42857142857143,-0.5366961939916003,-0.8437755598231858
2021-08-05,0.8,43.0,0.0,0,3.784189633918261,0.8,3.784189633918261,0.81,3.8066624897703196,0.0,0.7999999999999974,0.11428571428571391,0.0,0.0,0.8033333333333332,43.333333333333336,0.852857142857143,52.42857142857143,-0.5511016400745998,-0.8344381237138474
2021-08-06,0.8,43.0,0.0,0,3.784189633918261,0.8,3.784189633918261,0.8,3.784189633918261,0.0,0.7999999999999974,0.11428571428571391,0.0,0.0,0.8,43.0,0.852857142857143,52.42857142857143,-0.5653446739747425,-0.8248547748594246
2021-08-07,0.84,48.0,0.0,0,3.8918202981106265,0.8,3.784189633918261,0.8,3.784189633918261,0.0,0.0,0.0,0.039999999999999925,5.0,0.8133333333333331,44.666666666666664,0.8357142857142857,49.142857142857146,-0.5794210982045637,-0.8150283375168114
2021-08-08,0.84,48.0,0.0,0,3.8918202981106265,0.84,3.8918202981106265,0.8,3.784189633918261,0.0,0.0,0.0,0.0,0.0,0.8266666666666665,46.333333333333336,0.8142857142857143,44.714285714285715,-0.5933267643772321,-0.8049617075821958
2021-08-09,0.84,48.0,0.0,0,3.8918202981106265,0.84,3.8918202981106265,0.84,3.8918202981106265,0.0,0.0,0.0,0.0,0.0,0.84,48.0,0.8185714285714286,45.285714285714285,-0.6070575744291004,-0.794657851737625
2021-08-10,0.82,45.0,0.0,0,3.828641396489095,0.84,3.8918202981106265,0.84,3.8918202981106265,0.0,0.0,0.0,-0.020000000000000018,-3.0,0.8333333333333331,47.0,0.8200000000000001,45.42857142857143,-0.6206094818274228,-0.7841198065767104
2021-08-11,0.77,40.0,8.0,0,3.713572066704308,0.82,3.828641396489095,0.84,3.8918202981106265,7.999999999999999,7.999999999999997,1.1428571428571426,-0.04999999999999993,-5.0,0.8099999999999999,44.333333333333336,0.8157142857142857,45.0,-0.6339784927628865,-0.77335067770973
2021-08-12,0.79,42.0,0.0,0,3.7612001156935624,0.77,3.713572066704308,0.82,3.828641396489095,7.999999999999999,7.999999999999997,1.1428571428571426,0.020000000000000018,2.0,0.7933333333333333,42.333333333333336,0.8142857142857143,44.857142857142854,-0.6471606673266059,-0.7623536388483905
2021-08-13,0.77,40.0,0.0,0,3.713572066704308,0.79,3.7612001156935624,0.77,3.713572066704308,7.999999999999999,7.999999999999997,1.1428571428571426,-0.020000000000000018,-2.0,0.7766666666666665,40.666666666666664,0.8099999999999999,44.42857142857143,-0.6601521206712315,-0.7511319308705201
2021-08-14,0.78,41.0,0.2,0,3.7376696182833684,0.77,3.713572066704308,0.79,3.7612001156935624,0.19999999999999912,8.199999999999998,1.171428571428571,0.010000000000000009,1.0,0.7799999999999999,41.0,0.8014285714285714,43.42857142857143,-0.6729490241558326,-0.7396888608649671
2021-08-15,0.82,45.0,0.0,0,3.828641396489095,0.78,3.7376696182833684,0.77,3.713572066704308,0.19999999999999912,8.199999999999998,1.171428571428571,0.039999999999999925,4.0,0.7899999999999999,42.0,0.7985714285714286,43.0,-0.6855476064742154,-0.7280278011569848
2021-08-16,0.82,45.0,0.0,0,3.828641396489095,0.82,3.828641396489095,0.78,3.7376696182833684,0.19999999999999912,8.199999999999998,1.171428571428571,0.0,0.0,0.8066666666666665,43.666666666666664,0.7957142857142857,42.57142857142857,-0.6979441547663433,-0.7161521883143935
2021-08-17,0.8,43.0,0.0,0,3.784189633918261,0.82,3.828641396489095,0.82,3.828641396489095,0.0,8.199999999999998,1.171428571428571,-0.019999999999999907,-2.0,0.8133333333333331,44.333333333333336,0.7928571428571428,42.285714285714285,-0.7101350157125356,-0.7040655221348059
2021-08-18,0.78,41.0,0.0,0,3.7376696182833684,0.8,3.784189633918261,0.82,3.828641396489095,0.0,0.19999999999999735,0.028571428571428192,-0.020000000000000018,-2.0,0.7999999999999998,43.0,0.7942857142857144,42.42857142857143,-0.7221165966101161,-0.691771364614222
2021-08-19,0.78,41.0,0.0,0,3.7376696182833684,0.78,3.7376696182833684,0.8,3.784189633918261,0.0,0.19999999999999735,0.028571428571428192,0.0,0.0,0.7866666666666665,41.666666666666664,0.7928571428571429,42.285714285714285,-0.7338853664321993,-0.6792733388972929
2021-08-20,0.77,40.0,0.0,0,3.713572066704308,0.78,3.7376696182833684,0.78,3.7376696182833684,0.0,0.19999999999999735,0.028571428571428192,-0.010000000000000009,-1.0,0.7766666666666665,40.666666666666664,0.7928571428571428,42.285714285714285,-0.7454378568683003,-0.6665751282095631
2021-08-21,0.77,40.0,0.0,0,3.713572066704308,0.77,3.713572066704308,0.78,3.7376696182833684,0.0,0.0,0.0,0.0,0.0,0.7733333333333331,40.333333333333336,0.7914285714285713,42.142857142857146,-0.7567706633464625,-0.653680474772006
2021-08-22,0.78,41.0,0.0,0,3.7376696182833684,0.77,3.713572066704308,0.77,3.713572066704308,0.0,0.0,0.0,0.010000000000000009,1.0,0.7733333333333331,40.333333333333336,0.7857142857142857,41.57142857142857,-0.7678804460366,-0.6405931786981752
2021-08-23,0.86,51.0,0.0,0,3.9512437185814275,0.78,3.7376696182833684,0.77,3.713572066704308,0.0,0.0,0.0,0.07999999999999996,10.0,0.8033333333333332,44.0,0.7914285714285715,42.42857142857143,-0.7787639308347605,-0.627317096874294
2021-08-24,0.78,41.0,0.0,0,3.7376696182833684,0.86,3.9512437185814275,0.78,3.7376696182833684,0.0,0.0,0.0,-0.07999999999999996,-10.0,0.8066666666666665,44.333333333333336,0.7885714285714286,42.142857142857146,-0.7894179103280194,-0.6138561418226122
2021-08-25,0.8,43.0,0.0,0,3.784189633918261,0.78,3.7376696182833684,0.86,3.9512437185814275,0.0,0.0,0.0,0.020000000000000018,2.0,0.8133333333333331,45.0,0.7914285714285715,42.42857142857143,-0.7998392447397191,-0.6002142805483686
2021-08-26,0.83,47.0,0.0,0,3.871201010907891,0.8,3.784189633918261,0.78,3.7376696182833684,0.0,0.0,0.0,0.029999999999999916,4.0,0.8033333333333332,43.666666666666664,0.7985714285714286,43.285714285714285,-0.8100248628547748,-0.5863955333706962
2021-08-27,0.79,42.0,0.0,0,3.7612001156935624,0.83,3.871201010907891,0.8,3.784189633918261,0.0,0.0,0.0,-0.039999999999999925,-5.0,0.8066666666666665,44.0,0.8014285714285715,43.57142857142857,-0.8199717629247767,-0.5724039727378154
2021-08-28,0.78,41.0,0.0,0,3.7376696182833684,0.79,3.7612001156935624,0.83,3.871201010907891,0.0,0.0,0.0,-0.010000000000000009,-1.0,0.7999999999999998,43.333333333333336,0.8028571428571427,43.714285714285715,-0.8296770135526185,-0.5582437220268655
2021-08-29,0.79,42.0,0.0,0,3.7612001156935624,0.78,3.7376696182833684,0.79,3.7612001156935624,0.0,0.0,0.0,0.010000000000000009,1.0,0.7866666666666665,41.666666666666664,0.8042857142857144,43.857142857142854,-0.8391377545563938,-0.5439189543287248
2021-08-30,0.8,43.0,0.2,0,3.784189633918261,0.79,3.7612001156935624,0.78,3.7376696182833684,0.19999999999999912,0.19999999999999735,0.028571428571428192,0.010000000000000009,1.0,0.7899999999999999,42.0,0.7957142857142857,42.714285714285715,-0.8483511978123038,-0.5294338912181854
2021-08-31,0.81,44.0,0.0,0,3.8066624897703196,0.8,3.784189633918261,0.79,3.7612001156935624,0.19999999999999912,0.19999999999999735,0.028571428571428192,0.010000000000000009,1.0,0.7999999999999998,43.0,0.7999999999999999,43.142857142857146,-0.8573146280763322,-0.514792801509831
2021-09-01,1.0,81.0,26.0,0,4.406719247264253,0.81,3.8066624897703196,0.8,3.784189633918261,26.2,26.199999999999996,3.7428571428571424,0.18999999999999995,37.0,0.8699999999999998,56.0,0.8285714285714285,48.57142857142857,-0.8660254037844385,-0.5000000000000004
2021-09-02,1.49,244.0,5.4,0,5.501258210544727,1.0,4.406719247264253,0.81,3.8066624897703196,31.4,31.599999999999994,4.514285714285713,0.49,163.0,1.0999999999999999,123.0,0.9228571428571428,76.71428571428571,-0.8744809578310394,-0.4850598461951967
2021-09-03,1.49,244.0,0.2,0,5.501258210544727,1.49,5.501258210544727,1.0,4.406719247264253,31.6,31.799999999999997,4.542857142857143,0.0,0.0,1.3266666666666664,189.66666666666666,1.022857142857143,105.57142857142857,-0.8826787983255475,-0.4699767430273199
2021-09-04,1.25,160.0,0.0,0,5.081404364984463,1.49,5.501258210544727,1.49,5.501258210544727,5.6000000000000005,31.799999999999997,4.542857142857143,-0.24,-84.0,1.41,216.0,1.09,122.57142857142857,-0.8906165093267404,-0.45475513555610575
2021-09-05,1.09,105.0,0.0,0,4.663439094112067,1.25,5.081404364984463,1.49,5.501258210544727,0.2,31.799999999999997,4.542857142857143,-0.15999999999999992,-55.0,1.2766666666666664,169.66666666666666,1.1328571428571428,131.57142857142858,-0.8982917515547529,-0.43939950965914165
2021-09-06,1.0,81.0,0.0,0,4.406719247264253,1.09,4.663439094112067,1.25,5.081404364984463,0.0,31.599999999999998,4.514285714285714,-0.09000000000000008,-24.0,1.1133333333333333,115.33333333333333,1.1614285714285713,137.0,-0.9057022630804714,-0.42391439070986087
2021-09-07,0.91,59.0,0.0,0,4.0943445622221,1.0,4.406719247264253,1.09,4.663439094112067,0.0,31.599999999999998,4.514285714285714,-0.08999999999999997,-22.0,0.9999999999999999,81.66666666666667,1.1757142857142857,139.14285714285714,-0.9128458599921354,-0.40830434224389367
2021-09-08,0.9,57.0,0.0,0,4.060443010546419,0.91,4.0943445622221,1.0,4.406719247264253,0.0,5.599999999999997,0.7999999999999996,-0.010000000000000009,-2.0,0.9366666666666665,65.66666666666667,1.1614285714285715,135.71428571428572,-0.9197204370389468,-0.3925739646141714
2021-09-09,0.92,62.0,0.0,0,4.143134726391533,0.9,4.060443010546419,0.91,4.0943445622221,0.0,0.19999999999999646,0.028571428571428064,0.020000000000000018,5.0,0.9099999999999998,59.333333333333336,1.08,109.71428571428571,-0.9263239682514951,-0.3767278936351848
2021-09-10,0.91,59.0,0.0,0,4.0943445622221,0.92,4.143134726391533,0.9,4.060443010546419,0.0,0.0,0.0,-0.010000000000000009,-3.0,0.9099999999999998,59.333333333333336,0.9971428571428572,83.28571428571429,-0.9326545075388225,-0.3607707992167831
2021-09-11,0.89,55.0,0.0,0,4.02535169073515,0.91,4.0943445622221,0.92,4.143134726391533,0.0,0.0,0.0,-0.020000000000000018,-4.0,0.9066666666666666,58.666666666666664,0.9457142857142857,68.28571428571429,-0.9387101892619443,-0.3447073839879337
2021-09-12,0.87,52.0,0.0,0,3.970291913552122,0.89,4.02535169073515,0.91,4.0943445622221,0.0,0.0,0.0,-0.020000000000000018,-3.0,0.89,55.333333333333336,0.9142857142857144,60.714285714285715,-0.9444892287836613,-0.32854238191083474
2021-09-13,0.88,54.0,0.0,0,4.007333185232471,0.87,3.970291913552122,0.89,4.02535169073515,0.0,0.0,0.0,0.010000000000000009,2.0,0.8799999999999999,53.666666666666664,0.8971428571428571,56.857142857142854,-0.9499899229945009,-0.3122805568857948
2021-09-14,0.9,57.0,2.4,0,4.060443010546419,0.88,4.007333185232471,0.87,3.970291913552122,2.4,2.3999999999999964,0.34285714285714236,0.020000000000000018,3.0,0.8833333333333332,54.333333333333336,0.8957142857142857,56.57142857142857,-0.9552106508146316,-0.29592670134728966
2021-09-15,0.92,62.0,0.4,0,4.143134726391533,0.9,4.060443010546419,0.88,4.007333185232471,2.8,2.7999999999999963,0.39999999999999947,0.020000000000000018,5.0,0.8999999999999999,57.666666666666664,0.8985714285714286,57.285714285714285,-0.9601498736716017,-0.2794856348516098
2021-09-16,0.93,64.0,0.0,0,4.174387269895637,0.92,4.143134726391533,0.9,4.060443010546419,2.8,2.7999999999999963,0.39999999999999947,0.010000000000000009,2.0,0.9166666666666666,61.0,0.9,57.57142857142857,-0.9648061359537644,-0.2629622026565152
2021-09-17,0.92,62.0,0.0,0,4.143134726391533,0.93,4.174387269895637,0.92,4.143134726391533,0.4,2.7999999999999963,0.39999999999999947,-0.010000000000000009,-2.0,0.9233333333333332,62.666666666666664,0.9014285714285715,58.0,-0.9691780654392534,-0.24636127429331536
2021-09-18,0.91,59.0,0.0,0,4.0943445622221,0.92,4.143134726391533,0.93,4.174387269895637,0.0,2.7999999999999963,0.39999999999999947,-0.010000000000000009,-3.0,0.9199999999999999,61.666666666666664,0.9042857142857142,58.57142857142857,-0.9732643737003823,-0.2296877421317963
2021-09-19,0.9,57.0,0.0,0,4.060443010546419,0.91,4.0943445622221,0.92,4.143134726391533,0.0,2.7999999999999963,0.39999999999999947,-0.010000000000000009,-2.0,0.9099999999999998,59.333333333333336,0.9085714285714286,59.285714285714285,-0.9770638564833508,-0.21294651993841573
2021-09-20,0.89,55.0,0.0,0,4.02535169073515,0.9,4.060443010546419,0.91,4.0943445622221,0.0,2.7999999999999963,0.39999999999999947,-0.010000000000000009,-2.0,0.8999999999999999,57.0,0.91,59.42857142857143,-0.9805753940631429,-0.19614254142819712
2021-09-21,0.88,54.0,1.0,0,4.007333185232471,0.89,4.02535169073515,0.9,4.060443010546419,1.0,1.3999999999999964,0.19999999999999948,-0.010000000000000009,-1.0,0.8899999999999998,55.333333333333336,0.9071428571428573,59.0,-0.9837979515735163,-0.1792807588107359
2021-09-22,0.84,48.0,0.0,0,3.8918202981106265,0.88,4.007333185232471,0.89,4.02535169073515,1.0,0.9999999999999963,0.14285714285714232,-0.040000000000000036,-6.0,0.8699999999999998,52.333333333333336,0.8957142857142857,57.0,-0.9867305793119814,-0.16236614133076413
2021-09-23,0.82,45.0,0.0,0,3.828641396489095,0.84,3.8918202981106265,0.88,4.007333185232471,1.0,0.9999999999999963,0.14285714285714232,-0.020000000000000018,-3.0,0.8466666666666666,49.0,0.88,54.285714285714285,-0.9893724130196829,-0.14540367380369032
2021-09-24,0.84,48.0,13.0,0,3.8918202981106265,0.82,3.828641396489095,0.84,3.8918202981106265,13.0,13.999999999999996,1.9999999999999996,0.020000000000000018,3.0,0.8333333333333331,47.0,0.8685714285714285,52.285714285714285,-0.9917226741361014,-0.12839835514655154
2021-09-25,0.93,64.0,1.2,0,4.174387269895637,0.84,3.8918202981106265,0.82,3.828641396489095,14.2,15.199999999999996,2.171428571428571,0.09000000000000008,16.0,0.8633333333333332,52.333333333333336,0.8714285714285713,53.0,-0.9937806700284985,-0.11135519690480865
2021-09-26,1.0,81.0,0.0,0,4.406719247264253,0.93,4.174387269895637,0.84,3.8918202981106265,14.2,15.199999999999996,2.171428571428571,0.06999999999999995,17.0,0.9233333333333332,64.33333333333333,0.8857142857142856,56.42857142857143,-0.9955457941960382,-0.09427922177542443
2021-09-27,1.0,81.0,0.0,0,4.406719247264253,1.0,4.406719247264253,0.93,4.174387269895637,1.2,15.199999999999996,2.171428571428571,0.0,0.0,0.9766666666666666,75.33333333333333,0.9014285714285715,60.142857142857146,-0.9970175264485267,-0.07717546212664643
2021-09-28,0.91,59.0,0.0,0,4.0943445622221,1.0,4.406719247264253,1.0,4.406719247264253,0.0,14.199999999999996,2.028571428571428,-0.08999999999999997,-22.0,0.9699999999999998,73.66666666666667,0.9057142857142857,60.857142857142854,-0.998195433059714,-0.06004895851494849
2021-09-29,0.87,52.0,0.0,0,3.970291913552122,0.91,4.0943445622221,1.0,4.406719247264253,0.0,14.199999999999996,2.028571428571428,-0.040000000000000036,-7.0,0.9266666666666664,64.0,0.91,61.42857142857143,-0.9990791668951153,-0.04290475819955383
2021-09-30,0.84,48.0,0.0,0,3.8918202981106265,0.87,3.970291913552122,0.91,4.0943445622221,0.0,14.199999999999996,2.028571428571428,-0.030000000000000027,-4.0,0.8733333333333331,53.0,0.9128571428571428,61.857142857142854,-0.9996684675143132,-0.025747913654988113
2021-10-01,0.83,47.0,0.0,0,3.871201010907891,0.84,3.8918202981106265,0.87,3.970291913552122,0.0,1.1999999999999964,0.1714285714285709,-0.010000000000000009,-1.0,0.8466666666666663,49.0,0.9114285714285714,61.714285714285715,-0.9999631612477099,-0.008583481082086734
2021-10-02,0.84,48.0,0.0,0,3.8918202981106265,0.83,3.871201010907891,0.84,3.8918202981106265,0.0,0.0,0.0,0.010000000000000009,1.0,0.8366666666666664,47.666666666666664,0.8985714285714286,59.42857142857143,-0.9999631612477099,0.008583481082087254
2021-10-03,0.87,52.0,9.4,0,3.970291913552122,0.84,3.8918202981106265,0.83,3.871201010907891,9.4,9.399999999999997,1.3428571428571423,0.030000000000000027,4.0,0.8466666666666663,49.0,0.8799999999999999,55.285714285714285,-0.999668467514313,0.025747913654988634
2021-10-04,0.87,52.0,0.0,0,3.970291913552122,0.87,3.970291913552122,0.84,3.8918202981106265,9.4,9.399999999999997,1.3428571428571423,0.0,0.0,0.8599999999999998,50.666666666666664,0.8614285714285714,51.142857142857146,-0.9990791668951153,0.04290475819955435
2021-10-05,0.88,54.0,0.0,0,4.007333185232471,0.87,3.970291913552122,0.87,3.970291913552122,9.4,9.399999999999997,1.3428571428571423,0.010000000000000009,2.0,0.8733333333333331,52.666666666666664,0.8571428571428571,50.42857142857143,-0.998195433059714,0.06004895851494813
2021-10-06,0.9,57.0,0.0,0,4.060443010546419,0.88,4.007333185232471,0.87,3.970291913552122,0.0,9.399999999999997,1.3428571428571423,0.020000000000000018,3.0,0.8833333333333332,54.333333333333336,0.8614285714285714,51.142857142857146,-0.9970175264485267,0.07717546212664607
2021-10-07,0.86,51.0,0.0,0,3.9512437185814275,0.9,4.060443010546419,0.88,4.007333185232471,0.0,9.399999999999997,1.3428571428571423,-0.040000000000000036,-6.0,0.8799999999999999,54.0,0.8642857142857144,51.57142857142857,-0.9955457941960382,0.09427922177542405
2021-10-08,0.88,54.0,0.0,0,4.007333185232471,0.86,3.9512437185814275,0.9,4.060443010546419,0.0,9.399999999999997,1.3428571428571423,0.020000000000000018,3.0,0.8799999999999999,54.0,0.8714285714285716,52.57142857142857,-0.9937806700284985,0.11135519690480827
2021-10-09,0.85,49.0,0.0,0,3.912023005428146,0.88,4.007333185232471,0.86,3.9512437185814275,0.0,9.399999999999997,1.3428571428571423,-0.030000000000000027,-5.0,0.8633333333333332,51.333333333333336,0.8728571428571429,52.714285714285715,-0.9917226741361016,0.1283983551465503
2021-10-10,0.85,49.0,0.0,0,3.912023005428146,0.85,3.912023005428146,0.88,4.007333185232471,0.0,0.0,0.0,0.0,0.0,0.8599999999999999,50.666666666666664,0.87,52.285714285714285,-0.9893724130196829,0.14540367380368996
2021-10-11,0.85,49.0,0.0,0,3.912023005428146,0.85,3.912023005428146,0.85,3.912023005428146,0.0,0.0,0.0,0.0,0.0,0.85,49.0,0.8671428571428572,51.857142857142854,-0.9867305793119814,0.16236614133076377
2021-10-12,0.86,51.0,0.0,0,3.9512437185814275,0.85,3.912023005428146,0.85,3.912023005428146,0.0,0.0,0.0,0.010000000000000009,2.0,0.853333333333333,49.666666666666664,0.8642857142857142,51.42857142857143,-0.9837979515735163,0.17928075881073555
2021-10-13,0.86,51.0,0.0,0,3.9512437185814275,0.86,3.9512437185814275,0.85,3.912023005428146,0.0,0.0,0.0,0.0,0.0,0.8566666666666665,50.333333333333336,0.8585714285714285,50.57142857142857,-0.980575394063143,0.19614254142819676
2021-10-14,0.81,44.0,0.0,0,3.8066624897703196,0.86,3.9512437185814275,0.86,3.9512437185814275,0.0,0.0,0.0,-0.04999999999999993,-7.0,0.8433333333333332,48.666666666666664,0.8514285714285715,49.57142857142857,-0.9770638564833509,0.21294651993841537
2021-10-15,0.79,42.0,0.0,0,3.7612001156935624,0.81,3.8066624897703196,0.86,3.9512437185814275,0.0,0.0,0.0,-0.020000000000000018,-2.0,0.8199999999999998,45.666666666666664,0.8385714285714284,47.857142857142854,-0.9732643737003827,0.22968774213179508
2021-10-16,0.8,43.0,0.0,0,3.784189633918261,0.79,3.7612001156935624,0.81,3.8066624897703196,0.0,0.0,0.0,0.010000000000000009,1.0,0.7999999999999998,43.0,0.8314285714285715,47.0,-0.9691780654392538,0.24636127429331414
2021-10-17,0.8,43.0,0.2,0,3.784189633918261,0.8,3.784189633918261,0.79,3.7612001156935624,0.2,0.19999999999999646,0.028571428571428064,0.0,0.0,0.7966666666666665,42.666666666666664,0.8242857142857144,46.142857142857146,-0.9648061359537647,0.262962202656514
2021-10-18,0.8,43.0,0.0,0,3.784189633918261,0.8,3.784189633918261,0.8,3.784189633918261,0.2,0.19999999999999646,0.028571428571428064,0.0,0.0,0.8,43.0,0.8171428571428571,45.285714285714285,-0.9601498736716018,0.2794856348516095
2021-10-19,0.8,43.0,0.0,0,3.784189633918261,0.8,3.784189633918261,0.8,3.784189633918261,0.2,0.19999999999999646,0.028571428571428064,0.0,0.0,0.8,43.0,0.8085714285714286,44.142857142857146,-0.9552106508146317,0.2959267013472893
2021-10-20,0.79,42.0,0.0,0,3.7612001156935624,0.8,3.784189633918261,0.8,3.784189633918261,0.0,0.19999999999999646,0.028571428571428064,-0.010000000000000009,-1.0,0.7966666666666665,42.666666666666664,0.7985714285714286,42.857142857142854,-0.9499899229945011,0.3122805568857945
2021-10-21,0.79,42.0,0.0,0,3.7612001156935624,0.79,3.7612001156935624,0.8,3.784189633918261,0.0,0.19999999999999646,0.028571428571428064,0.0,0.0,0.7933333333333331,42.333333333333336,0.7957142857142857,42.57142857142857,-0.9444892287836614,0.3285423819108344
2021-10-22,0.75,38.0,0.0,0,3.6635616461296463,0.79,3.7612001156935624,0.79,3.7612001156935624,0.0,0.19999999999999646,0.028571428571428064,-0.040000000000000036,-4.0,0.7766666666666665,40.666666666666664,0.7900000000000001,42.0,-0.938710189261944,0.3447073839879342
2021-10-23,0.77,40.0,0.0,0,3.713572066704308,0.75,3.6635616461296463,0.79,3.7612001156935624,0.0,0.19999999999999646,0.028571428571428064,0.020000000000000018,2.0,0.7699999999999999,40.0,0.7857142857142857,41.57142857142857,-0.9326545075388223,0.3607707992167836
2021-10-24,0.8,43.0,0.0,0,3.784189633918261,0.77,3.713572066704308,0.75,3.6635616461296463,0.0,0.0,0.0,0.030000000000000027,3.0,0.7733333333333331,40.333333333333336,0.7857142857142857,41.57142857142857,-0.9263239682514949,0.3767278936351853
2021-10-25,0.8,43.0,0.0,0,3.784189633918261,0.8,3.784189633918261,0.77,3.713572066704308,0.0,0.0,0.0,0.0,0.0,0.7899999999999999,42.0,0.7857142857142857,41.57142857142857,-0.9197204370389466,0.3925739646141719
2021-10-26,0.78,41.0,0.0,0,3.7376696182833684,0.8,3.784189633918261,0.8,3.784189633918261,0.0,0.0,0.0,-0.020000000000000018,-2.0,0.7933333333333333,42.333333333333336,0.7828571428571428,41.285714285714285,-0.9128458599921356,0.40830434224389334
2021-10-27,0.78,41.0,0.0,0,3.7376696182833684,0.78,3.7376696182833684,0.8,3.784189633918261,0.0,0.0,0.0,0.0,0.0,0.7866666666666665,41.666666666666664,0.7814285714285714,41.142857142857146,-0.9057022630804715,0.42391439070986053
2021-10-28,0.79,42.0,1.2,0,3.7612001156935624,0.78,3.7376696182833684,0.78,3.7376696182833684,1.2,1.1999999999999964,0.1714285714285709,0.010000000000000009,1.0,0.7833333333333332,41.333333333333336,0.7814285714285714,41.142857142857146,-0.898291751554753,0.4393995096591413
2021-10-29,0.8,43.0,3.6,0,3.784189633918261,0.79,3.7612001156935624,0.78,3.7376696182833684,4.8,4.799999999999996,0.6857142857142852,0.010000000000000009,1.0,0.7899999999999997,42.0,0.7885714285714286,41.857142857142854,-0.8906165093267406,0.4547551355561054
2021-10-30,0.82,45.0,0.4,0,3.828641396489095,0.8,3.784189633918261,0.79,3.7612001156935624,5.2,5.199999999999997,0.7428571428571423,0.019999999999999907,2.0,0.8033333333333332,43.333333333333336,0.7957142857142857,42.57142857142857,-0.8826787983255476,0.46997674302731957
2021-10-31,0.84,48.0,5.2,0,3.8918202981106265,0.82,3.828641396489095,0.8,3.784189633918261,9.2,10.399999999999997,1.4857142857142853,0.020000000000000018,3.0,0.8199999999999998,45.333333333333336,0.8014285714285715,43.285714285714285,-0.8744809578310401,0.4850598461951956
2021-11-01,0.85,49.0,0.0,0,3.912023005428146,0.84,3.8918202981106265,0.82,3.828641396489095,5.6000000000000005,10.399999999999997,1.4857142857142853,0.010000000000000009,1.0,0.8366666666666664,47.333333333333336,0.8085714285714286,44.142857142857146,-0.8660254037844386,0.5000000000000001
2021-11-02,0.9,57.0,2.2,0,4.060443010546419,0.85,3.912023005428146,0.84,3.8918202981106265,7.4,12.599999999999998,1.7999999999999996,0.050000000000000044,8.0,0.8633333333333332,51.333333333333336,0.8257142857142857,46.42857142857143,-0.8573146280763323,0.5147928015098306
2021-11-03,0.9,57.0,0.0,0,4.060443010546419,0.9,4.060443010546419,0.85,3.912023005428146,2.2,12.599999999999998,1.7999999999999996,0.0,0.0,0.8833333333333332,54.333333333333336,0.8428571428571429,48.714285714285715,-0.848351197812304,0.5294338912181851
2021-11-04,0.89,55.0,0.0,0,4.02535169073515,0.9,4.060443010546419,0.9,4.060443010546419,2.2,11.399999999999999,1.6285714285714283,-0.010000000000000009,-2.0,0.8966666666666665,56.333333333333336,0.8571428571428571,50.57142857142857,-0.8391377545563939,0.5439189543287245
2021-11-05,0.91,59.0,0.0,0,4.0943445622221,0.89,4.02535169073515,0.9,4.060443010546419,0.0,7.799999999999997,1.1142857142857139,0.020000000000000018,4.0,0.8999999999999999,57.0,0.8728571428571429,52.857142857142854,-0.8296770135526191,0.5582437220268645
2021-11-06,0.91,59.0,0.0,0,4.0943445622221,0.91,4.0943445622221,0.89,4.02535169073515,0.0,7.399999999999997,1.0571428571428567,0.0,0.0,0.9033333333333332,57.666666666666664,0.8857142857142858,54.857142857142854,-0.8199717629247775,0.5724039727378144
2021-11-07,0.98,76.0,0.0,0,4.343805421853684,0.91,4.0943445622221,0.91,4.0943445622221,0.0,2.1999999999999966,0.3142857142857138,0.06999999999999995,17.0,0.9333333333333331,64.66666666666667,0.9057142857142857,58.857142857142854,-0.8100248628547756,0.5863955333706952
2021-11-08,1.08,103.0,0.0,0,4.6443908991413725,0.98,4.343805421853684,0.91,4.0943445622221,0.0,2.1999999999999966,0.3142857142857138,0.10000000000000009,27.0,0.9899999999999999,79.33333333333333,0.9385714285714286,66.57142857142857,-0.7998392447397198,0.6002142805483676
2021-11-09,1.07,100.0,0.0,0,4.61512051684126,1.08,4.6443908991413725,0.98,4.343805421853684,0.0,0.0,0.0,-0.010000000000000009,-3.0,1.0433333333333332,93.0,0.9628571428571429,72.71428571428571,-0.7894179103280197,0.613856141822612
2021-11-10,1.0,81.0,0.0,0,4.406719247264253,1.07,4.61512051684126,1.08,4.6443908991413725,0.0,0.0,0.0,-0.07000000000000006,-19.0,1.0499999999999998,94.66666666666667,0.9771428571428571,76.14285714285714,-0.7787639308347607,0.6273170968742937
2021-11-11,0.95,69.0,0.0,0,4.248495242049359,1.0,4.406719247264253,1.07,4.61512051684126,0.0,0.0,0.0,-0.050000000000000044,-12.0,1.0066666666666666,83.33333333333333,0.9857142857142858,78.14285714285714,-0.7678804460366002,0.640593178698175
2021-11-12,0.92,62.0,0.0,0,4.143134726391533,0.95,4.248495242049359,1.0,4.406719247264253,0.0,0.0,0.0,-0.029999999999999916,-7.0,0.9566666666666664,70.66666666666667,0.9871428571428572,78.57142857142857,-0.7567706633464628,0.6536804747720056
2021-11-13,0.88,54.0,0.0,0,4.007333185232471,0.92,4.143134726391533,0.95,4.248495242049359,0.0,0.0,0.0,-0.040000000000000036,-8.0,0.9166666666666664,61.666666666666664,0.9828571428571429,77.85714285714286,-0.7454378568682999,0.6665751282095634
2021-11-14,0.87,52.0,0.0,0,3.970291913552122,0.88,4.007333185232471,0.92,4.143134726391533,0.0,0.0,0.0,-0.010000000000000009,-2.0,0.8899999999999998,56.0,0.9671428571428572,74.42857142857143,-0.7338853664321989,0.6792733388972934
2021-11-15,0.85,49.0,0.0,0,3.912023005428146,0.87,3.970291913552122,0.88,4.007333185232471,0.0,0.0,0.0,-0.020000000000000018,-3.0,0.8666666666666666,51.666666666666664,0.9342857142857143,66.71428571428571,-0.7221165966101161,0.6917713646142221
2021-11-16,0.89,55.0,0.0,0,4.02535169073515,0.85,3.912023005428146,0.87,3.970291913552122,0.0,0.0,0.0,0.040000000000000036,6.0,0.8699999999999998,52.0,0.9085714285714286,60.285714285714285,-0.7101350157125358,0.7040655221348057
2021-11-17,0.93,64.0,0.0,0,4.174387269895637,0.89,4.02535169073515,0.85,3.912023005428146,0.0,0.0,0.0,0.040000000000000036,9.0,0.8899999999999997,56.0,0.8985714285714286,57.857142857142854,-0.6979441547663436,0.7161521883143932
2021-11-18,0.96,71.0,0.0,0,4.276666119016055,0.93,4.174387269895637,0.89,4.02535169073515,0.0,0.0,0.0,0.029999999999999916,7.0,0.9266666666666664,63.333333333333336,0.9,58.142857142857146,-0.6855476064742156,0.7280278011569846
2021-11-19,0.97,74.0,0.0,0,4.31748811353631,0.96,4.276666119016055,0.93,4.174387269895637,0.0,0.0,0.0,0.010000000000000009,3.0,0.9533333333333331,69.66666666666667,0.9071428571428571,59.857142857142854,-0.6729490241558331,0.7396888608649665
2021-11-20,0.95,69.0,0.0,0,4.248495242049359,0.97,4.31748811353631,0.96,4.276666119016055,0.0,0.0,0.0,-0.020000000000000018,-5.0,0.9599999999999996,71.33333333333333,0.9171428571428571,62.0,-0.6601521206712321,0.7511319308705195
2021-11-21,0.95,69.0,0.4,0,4.248495242049359,0.95,4.248495242049359,0.97,4.31748811353631,0.4,0.39999999999999647,0.05714285714285664,0.0,0.0,0.9566666666666664,70.66666666666667,0.9285714285714286,64.42857142857143,-0.6471606673266065,0.7623536388483899
2021-11-22,0.93,64.0,15.6,0,4.174387269895637,0.95,4.248495242049359,0.95,4.248495242049359,16.0,15.999999999999996,2.285714285714285,-0.019999999999999907,-5.0,0.943333333333333,67.33333333333333,0.9400000000000001,66.57142857142857,-0.6339784927628872,0.7733506777097294
2021-11-23,1.05,95.0,23.6,0,4.564348191467836,0.93,4.174387269895637,0.95,4.248495242049359,39.6,39.599999999999994,5.657142857142857,0.12,31.0,0.9766666666666666,76.0,0.9628571428571429,72.28571428571429,-0.6206094818274227,0.7841198065767104
2021-11-24,1.14,122.0,20.0,0,4.812184355372417,1.05,4.564348191467836,0.93,4.174387269895637,59.2,59.599999999999994,8.514285714285714,0.08999999999999986,27.0,1.0399999999999998,93.66666666666667,0.9928571428571429,80.57142857142857,-0.607057574429101,0.7946578517376245
2021-11-25,1.24,156.0,5.2,0,5.056245805348308,1.14,4.812184355372417,1.05,4.564348191467836,48.800000000000004,64.8,9.257142857142856,0.10000000000000009,34.0,1.143333333333333,124.33333333333333,1.032857142857143,92.71428571428571,-0.5933267643772321,0.8049617075821958
2021-11-26,1.21,146.0,0.0,0,4.990432586778736,1.24,5.056245805348308,1.14,4.812184355372417,25.2,64.8,9.257142857142856,-0.030000000000000027,-10.0,1.1966666666666665,141.33333333333334,1.0671428571428572,103.0,-0.5794210982045647,0.8150283375168107
2021-11-27,1.47,237.0,0.6,0,5.472270673671475,1.21,4.990432586778736,1.24,5.056245805348308,5.8,65.39999999999999,9.342857142857142,0.26,91.0,1.3066666666666664,179.66666666666666,1.1414285714285715,127.0,-0.5653446739747432,0.8248547748594242
2021-11-28,1.51,251.0,5.8,0,5.529429087511423,1.47,5.472270673671475,1.21,4.990432586778736,6.3999999999999995,70.8,10.114285714285714,0.040000000000000036,14.0,1.3966666666666665,211.33333333333334,1.2214285714285715,153.0,-0.5511016400745998,0.8344381237138475
2021-11-29,1.87,388.0,0.2,0,5.963579343618446,1.51,5.529429087511423,1.47,5.472270673671475,6.6,55.4,7.914285714285714,0.3600000000000001,137.0,1.6166666666666665,292.0,1.3557142857142856,199.28571428571428,-0.5366961939916011,0.8437755598231853
2021-11-30,2.32,580.0,0.0,0,6.364750756851911,1.87,5.963579343618446,1.51,5.529429087511423,6.0,31.799999999999997,4.542857142857143,0.44999999999999973,192.0,1.8999999999999997,406.3333333333333,1.5371428571428571,268.57142857142856,-0.5221325810768248,0.8528643314021598
2021-12-01,2.81,805.0,1.8,0,6.692083742506628,2.32,6.364750756851911,1.87,5.963579343618446,2.0,13.599999999999996,1.9428571428571424,0.4900000000000002,225.0,2.3333333333333335,591.0,1.7757142857142856,366.14285714285717,-0.5074150932938463,0.8617017599480677
2021-12-02,3.34,1060.0,0.0,0,6.966967138613983,2.81,6.692083742506628,2.32,6.364750756851911,1.8,8.399999999999995,1.1999999999999993,0.5299999999999998,255.0,2.823333333333333,815.0,2.075714285714286,495.2857142857143,-0.4925480679538645,0.8702852410301551
2021-12-03,3.4,1089.0,0.0,0,6.993932975223189,3.34,6.966967138613983,2.81,6.692083742506628,1.8,8.399999999999995,1.1999999999999993,0.06000000000000005,29.0,3.183333333333333,984.6666666666666,2.3885714285714283,630.0,-0.47753588643748845,0.8786122450571482
2021-12-04,2.91,853.0,0.4,0,6.74993119378857,3.4,6.993932975223189,3.34,6.966967138613983,0.4,8.199999999999996,1.1714285714285708,-0.48999999999999977,-236.0,3.2166666666666663,1000.6666666666666,2.5942857142857143,718.0,-0.4623829729035152,0.8866803180227398
2021-12-05,2.92,858.0,4.0,0,6.755768921984255,2.91,6.74993119378857,3.4,6.993932975223189,4.4,6.399999999999997,0.9142857142857138,0.009999999999999787,5.0,3.076666666666666,933.3333333333334,2.795714285714286,804.7142857142857,-0.44709379298511437,0.8944870822287954
2021-12-06,2.79,796.0,0.2,0,6.680854678790215,2.92,6.755768921984255,2.91,6.74993119378857,4.6000000000000005,6.399999999999997,0.9142857142857138,-0.1299999999999999,-62.0,2.873333333333333,835.6666666666666,2.9271428571428575,863.0,-0.43167285247378356,0.9020302369860709
2021-12-07,3.24,1012.0,1.6,0,6.920671504248683,2.79,6.680854678790215,2.92,6.755768921984255,5.8,7.9999999999999964,1.1428571428571423,0.4500000000000002,216.0,2.983333333333333,888.6666666666666,3.0585714285714287,924.7142857142857,-0.4161246959914751,0.9093075592922355
2021-12-08,3.35,1065.0,0.0,0,6.97166860472579,3.24,6.920671504248683,2.79,6.680854678790215,1.8000000000000005,6.199999999999997,0.8857142857142852,0.10999999999999988,53.0,3.1266666666666665,957.6666666666666,3.1357142857142857,961.8571428571429,-0.4004539056512665,0.9163169044870048
2021-12-09,3.36,1070.0,1.8,0,6.976348070447749,3.35,6.97166860472579,3.24,6.920671504248683,3.4000000000000004,7.9999999999999964,1.1428571428571423,0.009999999999999787,5.0,3.3166666666666664,1049.0,3.1385714285714283,963.2857142857143,-0.3846650997070013,0.923056206884176
2021-12-10,3.52,1147.0,1.0,0,7.045776576879511,3.36,6.976348070447749,3.35,6.97166860472579,2.8000000000000007,8.999999999999996,1.2857142857142851,0.16000000000000014,77.0,3.41,1094.0,3.1557142857142857,971.5714285714286,-0.3687629311922604,0.9295234803804002
2021-12-11,3.74,1253.0,0.0,0,7.134093721192866,3.52,7.045776576879511,3.36,6.976348070447749,2.8000000000000007,8.599999999999996,1.228571428571428,0.2200000000000002,106.0,3.5400000000000005,1156.6666666666667,3.2742857142857145,1028.7142857142858,-0.3527520865490943,0.9357168190404939
2021-12-12,4.55,1653.0,0.0,0,7.4109518755836366,3.74,7.134093721192866,3.52,7.045776576879511,1.0000000000000004,4.599999999999996,0.6571428571428566,0.8099999999999996,400.0,3.936666666666666,1351.0,3.5071428571428567,1142.2857142857142,-0.3366372842469107,0.9416343976591258
2021-12-13,5.01,1887.0,0.0,0,7.543273346705446,4.55,7.4109518755836366,3.74,7.134093721192866,0.0,4.399999999999997,0.6285714285714281,0.45999999999999996,234.0,4.433333333333334,1597.6666666666667,3.8242857142857143,1298.142857142857,-0.3204232733919109,0.947274472298717
2021-12-14,5.52,2148.0,0.0,0,7.67275789664251,5.01,7.543273346705446,4.55,7.4109518755836366,0.0,2.7999999999999967,0.3999999999999995,0.5099999999999998,261.0,5.026666666666666,1896.0,4.15,1460.4285714285713,-0.30411483232751857,0.9526353808033823
2021-12-15,5.48,2128.0,0.0,0,7.663407664893479,5.52,7.67275789664251,5.01,7.543273346705446,0.0,2.799999999999997,0.3999999999999996,-0.03999999999999915,-20.0,5.336666666666666,2054.3333333333335,4.454285714285715,1612.2857142857142,-0.28771676722616696,0.9577155432887803
2021-12-16,4.22,1489.0,0.0,0,7.306531398939505,5.48,7.663407664893479,5.52,7.67275789664251,0.0,0.9999999999999969,0.1428571428571424,-1.2600000000000007,-639.0,5.073333333333333,1921.6666666666667,4.577142857142857,1672.142857142857,-0.27123391067291097,0.9625134626077079
2021-12-17,2.94,867.0,0.0,0,6.7661917146603505,4.22,7.306531398939505,5.48,7.663407664893479,0.0,0.0,0.0,-1.2799999999999998,-622.0,4.213333333333333,1494.6666666666667,4.494285714285715,1632.142857142857,-0.25467112024122895,0.9670277247913203
2021-12-18,2.47,644.0,0.0,0,6.4692503167957724,2.94,6.7661917146603505,4.22,7.306531398939505,0.0,0.0,0.0,-0.46999999999999975,-223.0,3.2099999999999995,1000.0,4.312857142857142,1545.142857142857,-0.23803327706148678,0.9712569994658311
2021-12-19,2.19,524.0,0.0,0,6.263398262591624,2.47,6.4692503167957724,2.94,6.7661917146603505,0.0,0.0,0.0,-0.28000000000000025,-120.0,2.533333333333333,678.3333333333334,3.975714285714286,1383.857142857143,-0.22132528438243296,0.9752000402445824
2021-12-20,1.99,439.0,0.0,0,6.0867747269123065,2.19,6.263398262591624,2.47,6.4692503167957724,0.0,0.0,0.0,-0.19999999999999996,-85.0,2.2166666666666663,535.6666666666666,3.544285714285714,1177.0,-0.2045520661262005,0.9788556850953579
2021-12-21,1.86,384.0,0.0,0,5.953243334287785,1.99,6.0867747269123065,2.19,6.263398262591624,0.0,0.0,0.0,-0.1299999999999999,-55.0,2.013333333333333,449.0,3.0214285714285714,925.0,-0.1877185654371994,0.9822228566828405
2021-12-22,1.77,348.0,0.0,0,5.855071922202427,1.86,5.953243334287785,1.99,6.0867747269123065,0.0,0.0,0.0,-0.09000000000000008,-36.0,1.873333333333333,390.3333333333333,2.4914285714285715,670.7142857142857,-0.17082974322534408,0.985300562686109
2021-12-23,1.7,322.0,0.0,0,5.777652323222656,1.77,5.855071922202427,1.86,5.953243334287785,0.0,0.0,0.0,-0.07000000000000006,-26.0,1.7766666666666664,351.3333333333333,2.1314285714285717,504.0,-0.1538905767040627,0.9880878960910771
2021-12-24,1.63,296.0,0.2,0,5.6937321388027,1.7,5.777652323222656,1.77,5.855071922202427,0.20000000000000046,0.1999999999999969,0.02857142857142813,-0.07000000000000006,-26.0,1.6999999999999995,322.0,1.9442857142857142,422.42857142857144,-0.1369060579234754,0.9905840354577969
2021-12-25,1.63,296.0,0.4,0,5.6937321388027,1.63,5.6937321388027,1.7,5.777652323222656,0.6000000000000005,0.599999999999997,0.08571428571428528,0.0,0.0,1.653333333333333,304.6666666666667,1.8242857142857145,372.7142857142857,-0.1198811922992275,0.99278824516254
2021-12-26,1.63,296.0,2.2,0,5.6937321388027,1.63,5.6937321388027,1.63,5.6937321388027,2.8000000000000007,2.799999999999997,0.3999999999999996,0.0,0.0,1.63,296.0,1.7442857142857142,340.14285714285717,-0.1028209971373608,0.9946998756145891
2021-12-27,1.61,288.0,1.0,0,5.666426688112432,1.63,5.6937321388027,1.63,5.6937321388027,3.6000000000000005,3.799999999999997,0.5428571428571425,-0.019999999999999796,-8.0,1.623333333333333,293.3333333333333,1.6899999999999997,318.57142857142856,-0.08573050015569487,0.9963183634476755
2021-12-28,1.55,266.0,0.0,0,5.58724865840025,1.61,5.666426688112432,1.63,5.6937321388027,3.2000000000000006,3.799999999999997,0.5428571428571425,-0.06000000000000005,-22.0,1.5966666666666665,283.3333333333333,1.6457142857142857,301.7142857142857,-0.06861473800213468,0.9976432316860063
2021-12-29,1.54,262.0,0.0,0,5.572154032177765,1.55,5.58724865840025,1.61,5.666426688112432,1.0000000000000004,3.799999999999997,0.5428571428571425,-0.010000000000000009,-4.0,1.5666666666666664,272.0,1.612857142857143,289.42857142857144,-0.05147875477034641,0.9986740898848305
2021-12-30,1.5,247.0,0.0,0,5.5134287461649825,1.54,5.572154032177765,1.55,5.58724865840025,0.0,3.799999999999997,0.5428571428571425,-0.040000000000000036,-15.0,1.5299999999999996,258.3333333333333,1.5842857142857143,278.7142857142857,-0.034327600513243496,0.9994106342455052
2021-12-31,1.47,237.0,0.0,0,5.472270673671475,1.5,5.5134287461649825,1.54,5.572154032177765,0.0,3.599999999999997,0.5142857142857139,-0.030000000000000027,-10.0,1.5033333333333332,248.66666666666666,1.5614285714285714,270.2857142857143,-0.017166329754707492,0.9998526477050269
2022-01-01,1.43,223.0,0.0,0,5.4116460518550396,1.47,5.472270673671475,1.5,5.5134287461649825,0.0,3.199999999999997,0.45714285714285674,-0.040000000000000036,-14.0,1.4666666666666666,235.66666666666666,1.5328571428571427,259.85714285714283,0.01716632975470737,0.9998526477050269
2022-01-02,1.4,212.0,0.0,0,5.3612921657094255,1.43,5.4116460518550396,1.47,5.472270673671475,0.0,0.9999999999999969,0.1428571428571424,-0.030000000000000027,-11.0,1.433333333333333,224.0,1.5,247.85714285714286,0.034327600513243496,0.9994106342455052
2022-01-03,1.37,202.0,0.0,0,5.313205979041787,1.4,5.3612921657094255,1.43,5.4116460518550396,0.0,0.0,0.0,-0.029999999999999805,-10.0,1.3999999999999997,212.33333333333334,1.465714285714286,235.57142857142858,0.05147875477034653,0.9986740898848305
2022-01-04,1.34,191.0,7.6,0,5.2574953720277815,1.37,5.313205979041787,1.4,5.3612921657094255,7.6,7.599999999999996,1.0857142857142852,-0.030000000000000027,-11.0,1.3699999999999999,201.66666666666666,1.4357142857142857,224.85714285714286,0.06861473800213404,0.9976432316860063
2022-01-05,1.33,188.0,0.0,0,5.241747015059643,1.34,5.2574953720277815,1.37,5.313205979041787,7.6,7.599999999999996,1.0857142857142852,-0.010000000000000009,-3.0,1.3466666666666665,193.66666666666666,1.4057142857142857,214.28571428571428,0.08573050015569435,0.9963183634476755
2022-01-06,1.37,202.0,0.0,0,5.313205979041787,1.33,5.241747015059643,1.34,5.2574953720277815,7.6,7.599999999999996,1.0857142857142852,0.040000000000000036,14.0,1.3466666666666665,193.66666666666666,1.387142857142857,207.85714285714286,0.1028209971373604,0.9946998756145891
2022-01-07,1.46,233.0,0.0,0,5.455321115357702,1.37,5.313205979041787,1.33,5.241747015059643,0.0,7.599999999999996,1.0857142857142852,0.08999999999999986,31.0,1.3866666666666665,207.66666666666666,1.385714285714286,207.28571428571428,0.11988119229922722,0.99278824516254
2022-01-08,1.42,219.0,0.0,0,5.393627546352362,1.46,5.455321115357702,1.37,5.313205979041787,0.0,7.599999999999996,1.0857142857142852,-0.040000000000000036,-14.0,1.4166666666666663,218.0,1.3842857142857146,206.71428571428572,0.13690605792347524,0.990584035457797
2022-01-09,1.49,244.0,0.8,0,5.501258210544727,1.42,5.393627546352362,1.46,5.455321115357702,0.8,8.399999999999997,1.1999999999999995,0.07000000000000006,25.0,1.4566666666666663,232.0,1.3971428571428572,211.28571428571428,0.15389057670406178,0.9880878960910772
2022-01-10,1.95,422.0,0.0,0,6.0473721790462776,1.49,5.501258210544727,1.42,5.393627546352362,0.8,8.399999999999997,1.1999999999999995,0.45999999999999996,178.0,1.6199999999999999,295.0,1.48,242.71428571428572,0.17082974322534417,0.985300562686109
2022-01-11,2.97,882.0,0.0,0,6.78332520060396,1.95,6.0473721790462776,1.49,5.501258210544727,0.8,0.7999999999999965,0.11428571428571378,1.0200000000000002,460.0,2.1366666666666663,516.0,1.7128571428571429,341.42857142857144,0.1877185654371987,0.9822228566828407
2022-01-12,3.72,1244.0,0.0,0,7.126890808898808,2.97,6.78332520060396,1.95,6.0473721790462776,0.0,0.7999999999999965,0.11428571428571378,0.75,362.0,2.8799999999999994,849.3333333333334,2.0542857142857143,492.2857142857143,0.2045520661262008,0.9788556850953578
2022-01-13,3.87,1316.0,0.0,0,7.183111701743281,3.72,7.126890808898808,2.97,6.78332520060396,0.0,0.7999999999999965,0.11428571428571378,0.1499999999999999,72.0,3.52,1147.3333333333333,2.411428571428572,651.4285714285714,0.22132528438243257,0.9752000402445825
2022-01-14,3.44,1109.0,0.0,0,7.01211529430638,3.87,7.183111701743281,3.72,7.126890808898808,0.0,0.7999999999999965,0.11428571428571378,-0.43000000000000016,-207.0,3.6766666666666663,1223.0,2.6942857142857144,776.5714285714286,0.2380332770614856,0.9712569994658314
2022-01-15,2.39,610.0,0.0,0,6.415096959171596,3.44,7.01211529430638,3.87,7.183111701743281,0.0,0.7999999999999965,0.11428571428571378,-1.0499999999999998,-499.0,3.233333333333333,1011.6666666666666,2.832857142857143,832.4285714285714,0.2546711202412287,0.9670277247913204
2022-01-16,2.0,443.0,0.0,0,6.095824562432225,2.39,6.415096959171596,3.44,7.01211529430638,0.0,0.0,0.0,-0.3900000000000001,-167.0,2.61,720.6666666666666,2.9057142857142857,860.8571428571429,0.27123391067291003,0.9625134626077081
2022-01-17,1.82,367.0,0.0,0,5.908082938168931,2.0,6.095824562432225,2.39,6.415096959171596,0.0,0.0,0.0,-0.17999999999999994,-76.0,2.07,473.3333333333333,2.8871428571428575,853.0,0.287716767226167,0.9577155432887803
2022-01-18,1.7,322.0,0.0,0,5.777652323222656,1.82,5.908082938168931,2.0,6.095824562432225,0.0,0.0,0.0,-0.1200000000000001,-45.0,1.8399999999999999,377.3333333333333,2.705714285714286,773.0,0.30411483232751785,0.9526353808033826
2022-01-19,1.61,288.0,0.0,0,5.666426688112432,1.7,5.777652323222656,1.82,5.908082938168931,0.0,0.0,0.0,-0.08999999999999986,-34.0,1.7099999999999997,325.6666666666667,2.404285714285714,636.4285714285714,0.3204232733919111,0.9472744722987169
2022-01-20,1.57,273.0,0.0,0,5.6131281063880705,1.61,5.666426688112432,1.7,5.777652323222656,0.0,0.0,0.0,-0.040000000000000036,-15.0,1.6266666666666663,294.3333333333333,2.075714285714286,487.42857142857144,0.33663728424691025,0.9416343976591259
2022-01-21,1.49,244.0,0.2,0,5.501258210544727,1.57,5.6131281063880705,1.61,5.666426688112432,0.2,0.19999999999999646,0.028571428571428064,-0.08000000000000007,-29.0,1.5566666666666664,268.3333333333333,1.7971428571428572,363.85714285714283,0.3527520865490948,0.9357168190404936
2022-01-22,1.45,230.0,0.0,0,5.442417710521793,1.49,5.501258210544727,1.57,5.6131281063880705,0.2,0.19999999999999646,0.028571428571428064,-0.040000000000000036,-14.0,1.503333333333333,249.0,1.662857142857143,309.57142857142856,0.3687629311922601,0.9295234803804003
2022-01-23,1.42,219.0,0.0,0,5.393627546352362,1.45,5.442417710521793,1.49,5.501258210544727,0.2,0.19999999999999646,0.028571428571428064,-0.030000000000000027,-11.0,1.4533333333333331,231.0,1.58,277.57142857142856,0.3846650997070012,0.9230562068841761
2022-01-24,1.39,209.0,0.0,0,5.3471075307174685,1.42,5.393627546352362,1.45,5.442417710521793,0.0,0.19999999999999646,0.028571428571428064,-0.030000000000000027,-10.0,1.4199999999999997,219.33333333333334,1.5185714285714285,255.0,0.40045390565126643,0.9163169044870048
2022-01-25,1.37,202.0,0.0,0,5.313205979041787,1.39,5.3471075307174685,1.42,5.393627546352362,0.0,0.19999999999999646,0.028571428571428064,-0.019999999999999796,-7.0,1.3933333333333329,210.0,1.4714285714285715,237.85714285714286,0.41612469599147445,0.9093075592922358
2022-01-26,1.37,202.0,0.0,0,5.313205979041787,1.37,5.313205979041787,1.39,5.3471075307174685,0.0,0.19999999999999646,0.028571428571428064,0.0,0.0,1.3766666666666663,204.33333333333334,1.437142857142857,225.57142857142858,0.43167285247378384,0.9020302369860707
2022-01-27,1.33,188.0,0.0,0,5.241747015059643,1.37,5.313205979041787,1.37,5.313205979041787,0.0,0.19999999999999646,0.028571428571428064,-0.040000000000000036,-14.0,1.3566666666666665,197.33333333333334,1.4028571428571426,213.42857142857142,0.44709379298511387,0.8944870822287956
2022-01-28,1.27,167.0,0.0,0,5.123963979403259,1.33,5.241747015059643,1.37,5.313205979041787,0.0,0.0,0.0,-0.06000000000000005,-21.0,1.3233333333333333,185.66666666666666,1.3714285714285717,202.42857142857142,0.4623829729035149,0.88668031802274
2022-01-29,1.25,160.0,0.0,0,5.081404364984463,1.27,5.123963979403259,1.33,5.241747015059643,0.0,0.0,0.0,-0.020000000000000018,-7.0,1.2833333333333332,171.66666666666666,1.342857142857143,192.42857142857142,0.47753588643748823,0.8786122450571483
2022-01-30,1.31,181.0,0.0,0,5.204006687076795,1.25,5.081404364984463,1.27,5.123963979403259,0.0,0.0,0.0,0.06000000000000005,21.0,1.2766666666666664,169.33333333333334,1.327142857142857,187.0,0.4925480679538643,0.8702852410301553
2022-01-31,1.26,163.0,0.2,0,5.099866427824199,1.31,5.204006687076795,1.25,5.081404364984463,0.2,0.19999999999999646,0.028571428571428064,-0.050000000000000044,-18.0,1.273333333333333,168.0,1.3085714285714285,180.42857142857142,0.5074150932938455,0.8617017599480682
2022-02-01,1.19,139.0,0.0,0,4.941642422609304,1.26,5.099866427824199,1.31,5.204006687076795,0.2,0.19999999999999646,0.028571428571428064,-0.07000000000000006,-24.0,1.2533333333333332,161.0,1.282857142857143,171.42857142857142,0.5221325810768248,0.8528643314021597
2022-02-02,1.18,136.0,0.0,0,4.919980925828125,1.19,4.941642422609304,1.26,5.099866427824199,0.2,0.19999999999999646,0.028571428571428064,-0.010000000000000009,-3.0,1.2099999999999997,146.0,1.2557142857142856,162.0,0.5366961939916004,0.8437755598231856
2022-02-03,1.2,143.0,0.0,0,4.969813299576001,1.18,4.919980925828125,1.19,4.941642422609304,0.0,0.19999999999999646,0.028571428571428064,0.020000000000000018,7.0,1.1899999999999997,139.33333333333334,1.237142857142857,155.57142857142858,0.5511016400746002,0.8344381237138473
2022-02-04,1.19,139.0,0.0,0,4.941642422609304,1.2,4.969813299576001,1.18,4.919980925828125,0.0,0.19999999999999646,0.028571428571428064,-0.010000000000000009,-4.0,1.1899999999999997,139.33333333333334,1.2257142857142858,151.57142857142858,0.5653446739747429,0.8248547748594244
2022-02-05,1.19,139.0,0.0,0,4.941642422609304,1.19,4.941642422609304,1.2,4.969813299576001,0.0,0.19999999999999646,0.028571428571428064,0.0,0.0,1.193333333333333,140.33333333333334,1.217142857142857,148.57142857142858,0.5794210982045637,0.8150283375168114
2022-02-06,1.19,139.0,0.0,0,4.941642422609304,1.19,4.941642422609304,1.19,4.941642422609304,0.0,0.19999999999999646,0.028571428571428064,0.0,0.0,1.19,139.0,1.1999999999999997,142.57142857142858,0.593326764377232,0.8049617075821959
2022-02-07,1.17,132.0,0.0,0,4.890349128221754,1.19,4.941642422609304,1.19,4.941642422609304,0.0,0.0,0.0,-0.020000000000000018,-7.0,1.183333333333333,136.66666666666666,1.187142857142857,138.14285714285714,0.6070575744291002,0.7946578517376252
2022-02-08,1.17,132.0,0.0,0,4.890349128221754,1.17,4.890349128221754,1.19,4.941642422609304,0.0,0.0,0.0,0.0,0.0,1.1766666666666663,134.33333333333334,1.1842857142857142,137.14285714285714,0.6206094818274227,0.7841198065767104
2022-02-09,1.14,122.0,0.0,0,4.812184355372417,1.17,4.890349128221754,1.17,4.890349128221754,0.0,0.0,0.0,-0.030000000000000027,-10.0,1.1599999999999995,128.66666666666666,1.1785714285714286,135.14285714285714,0.6339784927628866,0.7733506777097299
2022-02-10,1.12,115.0,0.0,0,4.7535901911063645,1.14,4.812184355372417,1.17,4.890349128221754,0.0,0.0,0.0,-0.019999999999999796,-7.0,1.1433333333333329,123.0,1.167142857142857,131.14285714285714,0.647160667326606,0.7623536388483904
2022-02-11,1.11,111.0,0.0,0,4.718498871295094,1.12,4.7535901911063645,1.14,4.812184355372417,0.0,0.0,0.0,-0.010000000000000009,-4.0,1.123333333333333,116.0,1.1557142857142857,127.14285714285714,0.6601521206712317,0.7511319308705199
2022-02-12,1.08,103.0,0.0,0,4.6443908991413725,1.11,4.718498871295094,1.12,4.7535901911063645,0.0,0.0,0.0,-0.030000000000000027,-8.0,1.1033333333333333,109.66666666666667,1.1400000000000001,122.0,0.6729490241558329,0.7396888608649668
2022-02-13,1.05,95.0,0.8,0,4.564348191467836,1.08,4.6443908991413725,1.11,4.718498871295094,0.8,0.7999999999999965,0.11428571428571378,-0.030000000000000027,-8.0,1.0799999999999998,103.0,1.1199999999999999,115.71428571428571,0.6855476064742154,0.7280278011569848
2022-02-14,1.04,92.0,0.0,0,4.532599493153256,1.05,4.564348191467836,1.08,4.6443908991413725,0.8,0.7999999999999965,0.11428571428571378,-0.010000000000000009,-3.0,1.0566666666666664,96.66666666666667,1.1014285714285714,110.0,0.6979441547663435,0.7161521883143933
2022-02-15,1.03,89.0,0.0,0,4.499809670330265,1.04,4.532599493153256,1.05,4.564348191467836,0.8,0.7999999999999965,0.11428571428571378,-0.010000000000000009,-3.0,1.0399999999999998,92.0,1.0814285714285714,103.85714285714286,0.7101350157125358,0.7040655221348057
2022-02-16,1.03,89.0,0.0,0,4.499809670330265,1.03,4.499809670330265,1.04,4.532599493153256,0.0,0.7999999999999965,0.11428571428571378,0.0,0.0,1.0333333333333332,90.0,1.0657142857142858,99.14285714285714,0.7221165966101162,0.6917713646142218
2022-02-17,1.12,115.0,0.0,0,4.7535901911063645,1.03,4.499809670330265,1.03,4.499809670330265,0.0,0.7999999999999965,0.11428571428571378,0.09000000000000008,26.0,1.0599999999999998,97.66666666666667,1.0657142857142858,99.14285714285714,0.733885366432199,0.6792733388972931
2022-02-18,1.12,115.0,0.0,0,4.7535901911063645,1.12,4.7535901911063645,1.03,4.499809670330265,0.0,0.7999999999999965,0.11428571428571378,0.0,0.0,1.0899999999999999,106.33333333333333,1.0671428571428572,99.71428571428571,0.7454378568683001,0.6665751282095632
2022-02-19,1.1,108.0,0.0,0,4.6913478822291435,1.12,4.7535901911063645,1.12,4.7535901911063645,0.0,0.7999999999999965,0.11428571428571378,-0.020000000000000018,-7.0,1.113333333333333,112.66666666666667,1.07,100.42857142857143,0.7567706633464626,0.653680474772006
2022-02-20,1.07,100.0,0.0,0,4.61512051684126,1.1,4.6913478822291435,1.12,4.7535901911063645,0.0,0.0,0.0,-0.030000000000000027,-8.0,1.0966666666666665,107.66666666666667,1.072857142857143,101.14285714285714,0.7678804460366,0.6405931786981751
2022-02-21,1.06,97.0,0.0,0,4.584967478670572,1.07,4.61512051684126,1.1,4.6913478822291435,0.0,0.0,0.0,-0.010000000000000009,-3.0,1.0766666666666664,101.66666666666667,1.0757142857142858,101.85714285714286,0.7787639308347607,0.6273170968742937
2022-02-22,1.09,105.0,0.0,0,4.663439094112067,1.06,4.584967478670572,1.07,4.61512051684126,0.0,0.0,0.0,0.030000000000000027,8.0,1.073333333333333,100.66666666666667,1.0842857142857143,104.14285714285714,0.7894179103280197,0.613856141822612
2022-02-23,1.08,103.0,0.0,0,4.6443908991413725,1.09,4.663439094112067,1.06,4.584967478670572,0.0,0.0,0.0,-0.010000000000000009,-2.0,1.0766666666666664,101.66666666666667,1.0914285714285714,106.14285714285714,0.7998392447397193,0.6002142805483682
2022-02-24,1.04,92.0,0.0,0,4.532599493153256,1.08,4.6443908991413725,1.09,4.663439094112067,0.0,0.0,0.0,-0.040000000000000036,-11.0,1.0699999999999996,100.0,1.08,102.85714285714286,0.8100248628547753,0.5863955333706956
2022-02-25,1.0,81.0,0.0,0,4.406719247264253,1.04,4.532599493153256,1.08,4.6443908991413725,0.0,0.0,0.0,-0.040000000000000036,-11.0,1.0399999999999998,92.0,1.062857142857143,98.0,0.8199717629247771,0.5724039727378148
2022-02-26,0.98,76.0,0.0,0,4.343805421853684,1.0,4.406719247264253,1.04,4.532599493153256,0.0,0.0,0.0,-0.020000000000000018,-5.0,1.0066666666666666,83.0,1.0457142857142858,93.42857142857143,0.8296770135526188,0.5582437220268648
2022-02-27,0.98,76.0,0.0,0,4.343805421853684,0.98,4.343805421853684,1.0,4.406719247264253,0.0,0.0,0.0,0.0,0.0,0.9866666666666664,77.66666666666667,1.032857142857143,90.0,0.8391377545563938,0.5439189543287247
2022-02-28,0.98,76.0,0.0,0,4.343805421853684,0.98,4.343805421853684,0.98,4.343805421853684,0.0,0.0,0.0,0.0,0.0,0.98,76.0,1.0214285714285714,87.0,0.8483511978123038,0.5294338912181853
2022-03-01,0.96,71.0,0.0,0,4.276666119016055,0.98,4.343805421853684,0.98,4.343805421853684,0.0,0.0,0.0,-0.020000000000000018,-5.0,0.973333333333333,74.33333333333333,1.002857142857143,82.14285714285714,0.8573146280763322,0.5147928015098309
2022-03-02,0.95,69.0,5.2,0,4.248495242049359,0.96,4.276666119016055,0.98,4.343805421853684,5.2,5.199999999999997,0.7428571428571423,-0.010000000000000009,-2.0,0.9633333333333329,72.0,0.9842857142857142,77.28571428571429,0.8660254037844386,0.5000000000000001
2022-03-03,0.97,74.0,4.8,0,4.31748811353631,0.95,4.248495242049359,0.96,4.276666119016055,10.0,9.999999999999996,1.4285714285714282,0.020000000000000018,5.0,0.9599999999999996,71.33333333333333,0.9742857142857142,74.71428571428571,0.8744809578310397,0.4850598461951962
2022-03-04,0.98,76.0,0.0,0,4.343805421853684,0.97,4.31748811353631,0.95,4.248495242049359,10.0,9.999999999999996,1.4285714285714282,0.010000000000000009,2.0,0.9666666666666663,73.0,0.9714285714285714,74.0,0.8826787983255474,0.46997674302731995
2022-03-05,0.99,79.0,0.0,0,4.382026634673881,0.98,4.343805421853684,0.97,4.31748811353631,4.8,9.999999999999996,1.4285714285714282,0.010000000000000009,3.0,0.9799999999999996,76.33333333333333,0.972857142857143,74.42857142857143,0.8906165093267404,0.4547551355561058
2022-03-06,1.41,216.0,0.0,0,5.37989735354046,0.99,4.382026634673881,0.98,4.343805421853684,0.0,9.999999999999996,1.4285714285714282,0.41999999999999993,137.0,1.1266666666666663,123.66666666666667,1.0342857142857143,94.42857142857143,0.8982917515547528,0.4393995096591417
2022-03-07,1.42,219.0,4.0,0,5.393627546352362,1.41,5.37989735354046,0.99,4.382026634673881,4.0,13.999999999999996,1.9999999999999996,0.010000000000000009,3.0,1.273333333333333,171.33333333333334,1.0971428571428572,114.85714285714286,0.9057022630804714,0.42391439070986076
2022-03-08,1.33,188.0,0.2,0,5.241747015059643,1.42,5.393627546352362,1.41,5.37989735354046,4.2,14.199999999999996,2.028571428571428,-0.08999999999999986,-31.0,1.3866666666666665,207.66666666666666,1.1500000000000001,131.57142857142858,0.9128458599921356,0.40830434224389334
2022-03-09,1.22,149.0,0.0,0,5.0106352940962555,1.33,5.241747015059643,1.42,5.393627546352362,4.2,8.999999999999996,1.2857142857142851,-0.1100000000000001,-39.0,1.323333333333333,185.33333333333334,1.1885714285714286,143.0,0.9197204370389467,0.3925739646141717
2022-03-10,1.19,139.0,0.0,0,4.941642422609304,1.22,5.0106352940962555,1.33,5.241747015059643,0.2,4.199999999999997,0.5999999999999995,-0.030000000000000027,-10.0,1.2466666666666664,158.66666666666666,1.22,152.28571428571428,0.926323968251495,0.3767278936351851
2022-03-11,1.17,132.0,8.8,0,4.890349128221754,1.19,4.941642422609304,1.22,5.0106352940962555,8.8,12.999999999999996,1.8571428571428565,-0.020000000000000018,-7.0,1.1933333333333331,140.0,1.247142857142857,160.28571428571428,0.9326545075388224,0.36077079921678346
2022-03-12,1.17,132.0,5.6,0,4.890349128221754,1.17,4.890349128221754,1.19,4.941642422609304,14.4,18.599999999999994,2.657142857142856,0.0,0.0,1.1766666666666665,134.33333333333334,1.272857142857143,167.85714285714286,0.9387101892619443,0.3447073839879338
2022-03-13,1.48,240.0,0.2,0,5.484796933490655,1.17,4.890349128221754,1.17,4.890349128221754,14.6,18.799999999999997,2.6857142857142855,0.31000000000000005,108.0,1.2733333333333328,168.0,1.282857142857143,171.28571428571428,0.9444892287836613,0.32854238191083485
2022-03-14,1.52,254.0,6.4,0,5.541263545158426,1.48,5.484796933490655,1.17,4.890349128221754,12.2,21.199999999999996,3.028571428571428,0.040000000000000036,14.0,1.3899999999999997,208.66666666666666,1.2971428571428572,176.28571428571428,0.949989922994501,0.3122805568857947
2022-03-15,1.58,277.0,0.0,0,5.627621113690637,1.52,5.541263545158426,1.48,5.484796933490655,6.6000000000000005,20.999999999999996,2.9999999999999996,0.06000000000000005,23.0,1.5266666666666664,257.0,1.332857142857143,189.0,0.9552106508146316,0.2959267013472893
2022-03-16,1.52,254.0,0.0,0,5.541263545158426,1.58,5.627621113690637,1.52,5.541263545158426,6.4,20.999999999999996,2.9999999999999996,-0.06000000000000005,-23.0,1.5399999999999998,261.6666666666667,1.3757142857142857,204.0,0.9601498736716018,0.2794856348516095
2022-03-17,1.46,233.0,0.4,0,5.455321115357702,1.52,5.541263545158426,1.58,5.627621113690637,0.4,21.4,3.057142857142857,-0.06000000000000005,-21.0,1.5199999999999996,254.66666666666666,1.4142857142857144,217.42857142857142,0.9648061359537645,0.2629622026565149
2022-03-18,1.39,209.0,0.0,0,5.3471075307174685,1.46,5.455321115357702,1.52,5.541263545158426,0.4,12.599999999999996,1.7999999999999994,-0.07000000000000006,-24.0,1.4566666666666663,232.0,1.4457142857142855,228.42857142857142,0.9691780654392536,0.2463612742933148
2022-03-19,1.45,230.0,0.0,0,5.442417710521793,1.39,5.3471075307174685,1.46,5.455321115357702,0.4,6.999999999999997,0.9999999999999997,0.06000000000000005,21.0,1.433333333333333,224.0,1.4857142857142858,242.42857142857142,0.9732643737003824,0.22968774213179574
2022-03-20,1.47,237.0,1.2,0,5.472270673671475,1.45,5.442417710521793,1.39,5.3471075307174685,1.2,7.9999999999999964,1.1428571428571423,0.020000000000000018,7.0,1.4366666666666663,225.33333333333334,1.4842857142857142,242.0,0.9770638564833508,0.21294651993841582
2022-03-21,1.42,219.0,0.4,0,5.393627546352362,1.47,5.472270673671475,1.45,5.442417710521793,1.6,1.9999999999999964,0.2857142857142852,-0.050000000000000044,-18.0,1.4466666666666663,228.66666666666666,1.47,237.0,0.9805753940631429,0.19614254142819698
2022-03-22,1.35,195.0,0.2,0,5.278114659230517,1.42,5.393627546352362,1.47,5.472270673671475,1.8,2.1999999999999966,0.3142857142857138,-0.06999999999999984,-24.0,1.4133333333333329,217.0,1.4371428571428573,225.28571428571428,0.9837979515735163,0.17928075881073577
2022-03-23,1.44,226.0,0.0,0,5.424950017481403,1.35,5.278114659230517,1.42,5.393627546352362,0.6000000000000001,2.1999999999999966,0.3142857142857138,0.08999999999999986,31.0,1.403333333333333,213.33333333333334,1.4257142857142857,221.28571428571428,0.9867305793119814,0.162366141330764
2022-03-24,1.47,237.0,2.4,0,5.472270673671475,1.44,5.424950017481403,1.35,5.278114659230517,2.6,4.199999999999997,0.5999999999999995,0.030000000000000027,11.0,1.4199999999999997,219.33333333333334,1.4271428571428568,221.85714285714286,0.989372413019683,0.14540367380368976
2022-03-25,1.38,205.0,0.2,0,5.327876168789581,1.47,5.472270673671475,1.44,5.424950017481403,2.6,4.399999999999997,0.6285714285714281,-0.09000000000000008,-32.0,1.4299999999999997,222.66666666666666,1.4257142857142857,221.28571428571428,0.9917226741361015,0.12839835514655099
2022-03-26,1.35,195.0,0.8,0,5.278114659230517,1.38,5.327876168789581,1.47,5.472270673671475,3.4,5.199999999999997,0.7428571428571423,-0.029999999999999805,-10.0,1.3999999999999997,212.33333333333334,1.4114285714285713,216.28571428571428,0.9937806700284985,0.11135519690480875
2022-03-27,1.29,174.0,0.0,0,5.1647859739235145,1.35,5.278114659230517,1.38,5.327876168789581,1.0,3.9999999999999964,0.571428571428571,-0.06000000000000005,-21.0,1.3399999999999999,191.33333333333334,1.385714285714286,207.28571428571428,0.9955457941960382,0.09427922177542453
2022-03-28,1.27,167.0,0.0,0,5.123963979403259,1.29,5.1647859739235145,1.35,5.278114659230517,0.8,3.5999999999999965,0.5142857142857138,-0.020000000000000018,-7.0,1.303333333333333,178.66666666666666,1.3642857142857143,199.85714285714286,0.9970175264485267,0.07717546212664653
2022-03-29,1.23,153.0,0.0,0,5.0369526024136295,1.27,5.123963979403259,1.29,5.1647859739235145,0.0,3.3999999999999964,0.4857142857142852,-0.040000000000000036,-14.0,1.263333333333333,164.66666666666666,1.3471428571428572,193.85714285714286,0.998195433059714,0.0600489585149486
2022-03-30,1.19,139.0,0.0,0,4.941642422609304,1.23,5.0369526024136295,1.27,5.123963979403259,0.0,3.3999999999999964,0.4857142857142852,-0.040000000000000036,-14.0,1.2299999999999995,153.0,1.3114285714285714,181.42857142857142,0.9990791668951153,0.042904758199554374
2022-03-31,1.16,129.0,0.0,0,4.867534450455582,1.19,4.941642422609304,1.23,5.0369526024136295,0.0,0.9999999999999964,0.14285714285714235,-0.030000000000000027,-10.0,1.1933333333333331,140.33333333333334,1.2671428571428571,166.0,0.999668467514313,0.025747913654988658
2022-04-01,1.12,115.0,0.0,0,4.7535901911063645,1.16,4.867534450455582,1.19,4.941642422609304,0.0,0.7999999999999965,0.11428571428571378,-0.039999999999999813,-14.0,1.1566666666666663,127.66666666666667,1.23,153.14285714285714,0.9999631612477099,0.008583481082087055
2022-04-02,1.14,122.0,0.0,0,4.812184355372417,1.12,4.7535901911063645,1.16,4.867534450455582,0.0,0.0,0.0,0.019999999999999796,7.0,1.1399999999999997,122.0,1.2,142.71428571428572,0.9999631612477099,-0.008583481082086933
2022-04-03,1.3,177.0,0.0,0,5.181783550292085,1.14,4.812184355372417,1.12,4.7535901911063645,0.0,0.0,0.0,0.16000000000000014,55.0,1.1866666666666663,138.0,1.2014285714285715,143.14285714285714,0.9996684675143132,-0.025747913654988314
2022-04-04,1.35,195.0,0.0,0,5.278114659230517,1.3,5.181783550292085,1.14,4.812184355372417,0.0,0.0,0.0,0.050000000000000044,18.0,1.263333333333333,164.66666666666666,1.2128571428571429,147.14285714285714,0.9990791668951153,-0.04290475819955447
2022-04-05,1.35,195.0,0.0,0,5.278114659230517,1.35,5.278114659230517,1.3,5.181783550292085,0.0,0.0,0.0,0.0,0.0,1.3333333333333333,189.0,1.23,153.14285714285714,0.998195433059714,-0.06004895851494825
2022-04-06,1.35,195.0,0.0,0,5.278114659230517,1.35,5.278114659230517,1.35,5.278114659230517,0.0,0.0,0.0,0.0,0.0,1.35,195.0,1.252857142857143,161.14285714285714,0.9970175264485267,-0.07717546212664618
2022-04-07,1.36,198.0,0.0,0,5.293304824724492,1.35,5.278114659230517,1.35,5.278114659230517,0.0,0.0,0.0,0.010000000000000009,3.0,1.3533333333333333,196.0,1.2814285714285716,171.0,0.9955457941960382,-0.0942792217754244
2022-04-08,1.4,212.0,0.0,0,5.3612921657094255,1.36,5.293304824724492,1.35,5.278114659230517,0.0,0.0,0.0,0.039999999999999813,14.0,1.3699999999999999,201.66666666666666,1.3214285714285714,184.85714285714286,0.9937806700284985,-0.11135519690480862
2022-04-09,1.44,226.0,0.0,0,5.424950017481403,1.4,5.3612921657094255,1.36,5.293304824724492,0.0,0.0,0.0,0.040000000000000036,14.0,1.3999999999999997,212.0,1.364285714285714,199.71428571428572,0.9917226741361015,-0.12839835514655107
2022-04-10,1.47,237.0,0.0,0,5.472270673671475,1.44,5.424950017481403,1.4,5.3612921657094255,0.0,0.0,0.0,0.030000000000000027,11.0,1.4366666666666663,225.0,1.3885714285714286,208.28571428571428,0.9893724130196829,-0.14540367380368988
2022-04-11,1.5,247.0,1.0,0,5.5134287461649825,1.47,5.472270673671475,1.44,5.424950017481403,1.0,0.9999999999999964,0.14285714285714235,0.030000000000000027,10.0,1.4699999999999998,236.66666666666666,1.4100000000000001,215.71428571428572,0.9867305793119814,-0.16236614133076366
2022-04-12,1.44,226.0,0.4,0,5.424950017481403,1.5,5.5134287461649825,1.47,5.472270673671475,1.4,1.3999999999999964,0.19999999999999948,-0.06000000000000005,-21.0,1.4699999999999995,236.66666666666666,1.4228571428571428,220.14285714285714,0.9837979515735163,-0.17928075881073566
2022-04-13,1.37,202.0,4.8,0,5.313205979041787,1.44,5.424950017481403,1.5,5.5134287461649825,6.199999999999999,6.199999999999996,0.8857142857142851,-0.06999999999999984,-24.0,1.4366666666666663,225.0,1.4257142857142857,221.14285714285714,0.980575394063143,-0.19614254142819687
2022-04-14,1.32,184.0,0.0,0,5.220355825078324,1.37,5.313205979041787,1.44,5.424950017481403,5.2,6.199999999999997,0.8857142857142852,-0.050000000000000044,-18.0,1.3766666666666663,204.0,1.4200000000000002,219.14285714285714,0.9770638564833507,-0.21294651993841593
2022-04-15,1.31,181.0,0.0,0,5.204006687076795,1.32,5.220355825078324,1.37,5.313205979041787,4.8,6.199999999999997,0.8857142857142852,-0.010000000000000009,-3.0,1.333333333333333,189.0,1.407142857142857,214.71428571428572,0.9732643737003824,-0.22968774213179563
2022-04-16,1.24,156.0,0.0,0,5.056245805348308,1.31,5.204006687076795,1.32,5.220355825078324,0.0,6.199999999999997,0.8857142857142852,-0.07000000000000006,-25.0,1.2899999999999998,173.66666666666666,1.3785714285714286,204.71428571428572,0.9691780654392537,-0.2463612742933147
2022-04-17,1.16,129.0,0.0,0,4.867534450455582,1.24,5.056245805348308,1.31,5.204006687076795,0.0,6.199999999999997,0.8857142857142852,-0.08000000000000007,-27.0,1.2366666666666664,155.33333333333334,1.3342857142857143,189.28571428571428,0.9648061359537646,-0.26296220265651454
2022-04-18,1.12,115.0,1.2,0,4.7535901911063645,1.16,4.867534450455582,1.24,5.056245805348308,1.2,6.399999999999997,0.9142857142857138,-0.039999999999999813,-14.0,1.1733333333333331,133.33333333333334,1.28,170.42857142857142,0.9601498736716018,-0.2794856348516094
2022-04-19,1.09,105.0,5.6,0,4.663439094112067,1.12,4.7535901911063645,1.16,4.867534450455582,6.8,11.599999999999996,1.6571428571428566,-0.030000000000000027,-10.0,1.123333333333333,116.33333333333333,1.2300000000000002,153.14285714285714,0.9552106508146317,-0.2959267013472892
2022-04-20,1.12,115.0,5.2,0,4.7535901911063645,1.09,4.663439094112067,1.12,4.7535901911063645,12.0,11.999999999999996,1.7142857142857137,0.030000000000000027,10.0,1.1099999999999997,111.66666666666667,1.1942857142857144,140.71428571428572,0.949989922994501,-0.31228055688579476
2022-04-21,1.2,143.0,0.0,0,4.969813299576001,1.12,4.7535901911063645,1.09,4.663439094112067,10.8,11.999999999999996,1.7142857142857137,0.07999999999999985,28.0,1.1366666666666665,121.0,1.1771428571428573,134.85714285714286,0.9444892287836613,-0.32854238191083474
2022-04-22,1.61,288.0,2.4,0,5.666426688112432,1.2,4.969813299576001,1.12,4.7535901911063645,7.6,14.399999999999997,2.0571428571428565,0.41000000000000014,145.0,1.3099999999999998,182.0,1.22,150.14285714285714,0.9387101892619443,-0.3447073839879337
2022-04-23,1.66,307.0,2.6,0,5.730099782973574,1.61,5.666426688112432,1.2,4.969813299576001,5.0,16.999999999999996,2.428571428571428,0.04999999999999982,19.0,1.4899999999999995,246.0,1.28,171.71428571428572,0.9326545075388225,-0.3607707992167831
2022-04-24,1.63,296.0,0.0,0,5.6937321388027,1.66,5.730099782973574,1.61,5.666426688112432,5.0,16.999999999999996,2.428571428571428,-0.030000000000000027,-11.0,1.6333333333333329,297.0,1.3471428571428572,195.57142857142858,0.926323968251495,-0.376727893635185
2022-04-25,1.93,414.0,0.0,0,6.028278520230698,1.63,5.6937321388027,1.66,5.730099782973574,2.6,15.799999999999997,2.2571428571428567,0.30000000000000004,118.0,1.7399999999999995,339.0,1.4628571428571426,238.28571428571428,0.9197204370389467,-0.39257396461417177
2022-04-26,2.11,490.0,0.0,0,6.19644412779452,1.93,6.028278520230698,1.63,5.6937321388027,0.0,10.199999999999996,1.4571428571428566,0.17999999999999994,76.0,1.8899999999999995,400.0,1.6085714285714283,293.2857142857143,0.9128458599921355,-0.40830434224389345
2022-04-27,2.01,447.0,7.6,0,6.104793232414985,2.11,6.19644412779452,1.93,6.028278520230698,7.6,12.599999999999996,1.7999999999999994,-0.10000000000000009,-43.0,2.016666666666666,450.3333333333333,1.7357142857142855,340.7142857142857,0.9057022630804715,-0.42391439070986064
2022-04-28,1.78,352.0,0.0,0,5.8664680569332965,2.01,6.104793232414985,2.11,6.19644412779452,7.6,12.599999999999996,1.7999999999999994,-0.22999999999999976,-95.0,1.9666666666666661,429.6666666666667,1.8185714285714287,370.57142857142856,0.898291751554753,-0.43939950965914143
2022-04-29,1.77,348.0,0.0,0,5.855071922202427,1.78,5.8664680569332965,2.01,6.104793232414985,7.6,10.199999999999996,1.4571428571428566,-0.010000000000000009,-4.0,1.8533333333333328,382.3333333333333,1.8414285714285712,379.14285714285717,0.8906165093267405,-0.4547551355561055
2022-04-30,1.84,376.0,0.0,0,5.932245187448011,1.77,5.855071922202427,1.78,5.8664680569332965,0.0,7.599999999999996,1.0857142857142852,0.07000000000000006,28.0,1.7966666666666662,358.6666666666667,1.867142857142857,389.0,0.8826787983255476,-0.4699767430273197
2022-05-01,1.8,359.0,0.0,0,5.886104031450156,1.84,5.932245187448011,1.77,5.855071922202427,0.0,7.599999999999996,1.0857142857142852,-0.040000000000000036,-17.0,1.803333333333333,361.0,1.8914285714285715,398.0,0.8744809578310397,-0.4850598461951961
2022-05-02,1.7,322.0,3.2,0,5.777652323222656,1.8,5.886104031450156,1.84,5.932245187448011,3.2,10.799999999999997,1.5428571428571425,-0.10000000000000009,-37.0,1.78,352.3333333333333,1.8585714285714285,384.85714285714283,0.8660254037844387,-0.4999999999999998
2022-05-03,1.61,288.0,2.2,0,5.666426688112432,1.7,5.777652323222656,1.8,5.886104031450156,5.4,12.999999999999996,1.8571428571428565,-0.08999999999999986,-34.0,1.7033333333333331,323.0,1.7871428571428571,356.0,0.8573146280763323,-0.5147928015098308
2022-05-04,1.54,262.0,0.0,0,5.572154032177765,1.61,5.666426688112432,1.7,5.777652323222656,5.4,5.399999999999997,0.771428571428571,-0.07000000000000006,-26.0,1.6166666666666665,290.6666666666667,1.72,329.57142857142856,0.848351197812304,-0.5294338912181852
2022-05-05,1.51,251.0,0.0,0,5.529429087511423,1.54,5.572154032177765,1.61,5.666426688112432,2.2,5.399999999999997,0.771428571428571,-0.030000000000000027,-11.0,1.553333333333333,267.0,1.6814285714285713,315.14285714285717,0.8391377545563939,-0.5439189543287246
2022-05-06,1.46,233.0,0.0,0,5.455321115357702,1.51,5.529429087511423,1.54,5.572154032177765,0.0,5.399999999999997,0.771428571428571,-0.050000000000000044,-18.0,1.503333333333333,248.66666666666666,1.6371428571428572,298.7142857142857,0.8296770135526188,-0.5582437220268649
2022-05-07,1.41,216.0,0.0,0,5.37989735354046,1.46,5.455321115357702,1.51,5.529429087511423,0.0,5.399999999999997,0.771428571428571,-0.050000000000000044,-17.0,1.4599999999999997,233.33333333333334,1.5757142857142858,275.85714285714283,0.8199717629247771,-0.5724039727378148
2022-05-08,1.33,188.0,0.0,0,5.241747015059643,1.41,5.37989735354046,1.46,5.455321115357702,0.0,5.399999999999997,0.771428571428571,-0.07999999999999985,-28.0,1.3999999999999997,212.33333333333334,1.5085714285714287,251.42857142857142,0.8100248628547752,-0.5863955333706956
2022-05-09,1.28,170.0,0.0,0,5.14166355650266,1.33,5.241747015059643,1.41,5.37989735354046,0.0,2.1999999999999966,0.3142857142857138,-0.050000000000000044,-18.0,1.3399999999999999,191.33333333333334,1.4485714285714286,229.71428571428572,0.7998392447397195,-0.600214280548368
2022-05-10,1.2,143.0,0.0,0,4.969813299576001,1.28,5.14166355650266,1.33,5.241747015059643,0.0,0.0,0.0,-0.08000000000000007,-27.0,1.2699999999999996,167.0,1.39,209.0,0.7894179103280199,-0.6138561418226116
2022-05-11,1.11,111.0,0.0,0,4.718498871295094,1.2,4.969813299576001,1.28,5.14166355650266,0.0,0.0,0.0,-0.08999999999999986,-32.0,1.1966666666666663,141.33333333333334,1.3285714285714287,187.42857142857142,0.7787639308347607,-0.6273170968742938
2022-05-12,1.05,95.0,0.0,0,4.564348191467836,1.11,4.718498871295094,1.2,4.969813299576001,0.0,0.0,0.0,-0.06000000000000005,-16.0,1.1199999999999999,116.33333333333333,1.262857142857143,165.14285714285714,0.7678804460366001,-0.6405931786981751
2022-05-13,1.07,100.0,0.0,0,4.61512051684126,1.05,4.564348191467836,1.11,4.718498871295094,0.0,0.0,0.0,0.020000000000000018,5.0,1.0766666666666664,102.0,1.207142857142857,146.14285714285714,0.7567706633464627,-0.6536804747720057
2022-05-14,1.0,81.0,4.8,0,4.406719247264253,1.07,4.61512051684126,1.05,4.564348191467836,4.8,4.799999999999996,0.6857142857142852,-0.07000000000000006,-19.0,1.0399999999999998,92.0,1.1485714285714288,126.85714285714286,0.7454378568683001,-0.6665751282095632
2022-05-15,1.02,86.0,0.0,0,4.465908118654584,1.0,4.406719247264253,1.07,4.61512051684126,4.8,4.799999999999996,0.6857142857142852,0.020000000000000018,5.0,1.0299999999999998,89.0,1.1042857142857143,112.28571428571429,0.7338853664321991,-0.6792733388972931
2022-05-16,1.04,92.0,0.0,0,4.532599493153256,1.02,4.465908118654584,1.0,4.406719247264253,4.8,4.799999999999996,0.6857142857142852,0.020000000000000018,6.0,1.0199999999999998,86.33333333333333,1.07,101.14285714285714,0.722116596610116,-0.6917713646142222
2022-05-17,0.99,79.0,0.0,0,4.382026634673881,1.04,4.532599493153256,1.02,4.465908118654584,0.0,4.799999999999996,0.6857142857142852,-0.050000000000000044,-13.0,1.0166666666666664,85.66666666666667,1.04,92.0,0.7101350157125358,-0.7040655221348058
2022-05-18,0.95,69.0,0.0,0,4.248495242049359,0.99,4.382026634673881,1.04,4.532599493153256,0.0,4.799999999999996,0.6857142857142852,-0.040000000000000036,-10.0,0.9933333333333331,80.0,1.0171428571428571,86.0,0.6979441547663435,-0.7161521883143933
2022-05-19,0.91,59.0,0.0,0,4.0943445622221,0.95,4.248495242049359,0.99,4.382026634673881,0.0,4.799999999999996,0.6857142857142852,-0.039999999999999925,-10.0,0.9499999999999997,69.0,0.9971428571428571,80.85714285714286,0.6855476064742155,-0.7280278011569847
2022-05-20,0.84,48.0,0.0,0,3.8918202981106265,0.91,4.0943445622221,0.95,4.248495242049359,0.0,4.799999999999996,0.6857142857142852,-0.07000000000000006,-11.0,0.8999999999999998,58.666666666666664,0.9642857142857143,73.42857142857143,0.672949024155833,-0.7396888608649667
2022-05-21,0.85,49.0,0.0,0,3.912023005428146,0.84,3.8918202981106265,0.91,4.0943445622221,0.0,0.0,0.0,0.010000000000000009,1.0,0.8666666666666664,52.0,0.942857142857143,68.85714285714286,0.660152120671232,-0.7511319308705197
2022-05-22,0.82,45.0,1.0,0,3.828641396489095,0.85,3.912023005428146,0.84,3.8918202981106265,1.0,0.9999999999999964,0.14285714285714235,-0.030000000000000027,-4.0,0.8366666666666663,47.333333333333336,0.9142857142857144,63.0,0.647160667326606,-0.7623536388483902
2022-05-23,0.8,43.0,0.0,0,3.784189633918261,0.82,3.828641396489095,0.85,3.912023005428146,1.0,0.9999999999999964,0.14285714285714235,-0.019999999999999907,-2.0,0.8233333333333329,45.666666666666664,0.88,56.0,0.6339784927628868,-0.7733506777097298
2022-05-24,0.83,47.0,2.2,0,3.871201010907891,0.8,3.784189633918261,0.82,3.828641396489095,3.2,3.1999999999999966,0.4571428571428567,0.029999999999999916,4.0,0.8166666666666663,45.0,0.8571428571428571,51.42857142857143,0.620609481827423,-0.7841198065767103
2022-05-25,0.85,49.0,0.0,0,3.912023005428146,0.83,3.871201010907891,0.8,3.784189633918261,2.2,3.1999999999999966,0.4571428571428567,0.020000000000000018,2.0,0.8266666666666663,46.333333333333336,0.8428571428571429,48.57142857142857,0.6070575744291006,-0.7946578517376249
2022-05-26,0.93,64.0,0.0,0,4.174387269895637,0.85,3.912023005428146,0.83,3.871201010907891,2.2,3.1999999999999966,0.4571428571428567,0.08000000000000007,15.0,0.8699999999999997,53.333333333333336,0.8457142857142858,49.285714285714285,0.593326764377232,-0.8049617075821959
2022-05-27,0.9,57.0,0.0,0,4.060443010546419,0.93,4.174387269895637,0.85,3.912023005428146,0.0,3.1999999999999966,0.4571428571428567,-0.030000000000000027,-7.0,0.893333333333333,56.666666666666664,0.8542857142857143,50.57142857142857,0.5794210982045638,-0.8150283375168113
2022-05-28,0.82,45.0,0.0,0,3.828641396489095,0.9,4.060443010546419,0.93,4.174387269895637,0.0,3.1999999999999966,0.4571428571428567,-0.08000000000000007,-12.0,0.883333333333333,55.333333333333336,0.85,50.0,0.5653446739747428,-0.8248547748594245
2022-05-29,0.77,40.0,0.8,0,3.713572066704308,0.82,3.828641396489095,0.9,4.060443010546419,0.8,2.9999999999999964,0.42857142857142805,-0.04999999999999993,-5.0,0.8299999999999996,47.333333333333336,0.8428571428571429,49.285714285714285,0.5511016400746,-0.8344381237138473
2022-05-30,0.8,43.0,0.0,0,3.784189633918261,0.77,3.713572066704308,0.82,3.828641396489095,0.8,2.9999999999999964,0.42857142857142805,0.030000000000000027,3.0,0.7966666666666664,42.666666666666664,0.8428571428571427,49.285714285714285,0.5366961939916005,-0.8437755598231856
2022-05-31,0.81,44.0,0.0,0,3.8066624897703196,0.8,3.784189633918261,0.77,3.713572066704308,0.8,0.7999999999999965,0.11428571428571378,0.010000000000000009,1.0,0.7933333333333331,42.333333333333336,0.84,48.857142857142854,0.522132581076825,-0.8528643314021596
2022-06-01,0.78,41.0,0.0,0,3.7376696182833684,0.81,3.8066624897703196,0.8,3.784189633918261,0.0,0.7999999999999965,0.11428571428571378,-0.030000000000000027,-3.0,0.7966666666666664,42.666666666666664,0.8300000000000001,47.714285714285715,0.5074150932938458,-0.861701759948068
2022-06-02,0.75,38.0,0.0,0,3.6635616461296463,0.78,3.7376696182833684,0.81,3.8066624897703196,0.0,0.7999999999999965,0.11428571428571378,-0.030000000000000027,-3.0,0.7799999999999997,41.0,0.8042857142857144,44.0,0.4925480679538644,-0.8702852410301553
2022-06-03,0.76,39.0,1.0,0,3.6888794541139363,0.75,3.6635616461296463,0.78,3.7376696182833684,1.0,1.7999999999999965,0.2571428571428566,0.010000000000000009,1.0,0.7633333333333331,39.333333333333336,0.7842857142857144,41.42857142857143,0.47753588643748834,-0.8786122450571482
2022-06-04,0.75,38.0,0.0,0,3.6635616461296463,0.76,3.6888794541139363,0.75,3.6635616461296463,1.0,1.7999999999999965,0.2571428571428566,-0.010000000000000009,-1.0,0.7533333333333331,38.333333333333336,0.7742857142857142,40.42857142857143,0.4623829729035151,-0.8866803180227399
2022-06-05,0.76,39.0,0.0,0,3.6888794541139363,0.75,3.6635616461296463,0.76,3.6888794541139363,1.0,0.9999999999999964,0.14285714285714235,0.010000000000000009,1.0,0.7566666666666664,38.666666666666664,0.7728571428571429,40.285714285714285,0.44709379298511426,-0.8944870822287954
2022-06-06,0.76,39.0,0.0,0,3.6888794541139363,0.76,3.6888794541139363,0.75,3.6635616461296463,0.0,0.9999999999999964,0.14285714285714235,0.0,0.0,0.7566666666666664,38.666666666666664,0.7671428571428571,39.714285714285715,0.43167285247378384,-0.9020302369860707
2022-06-07,0.73,35.0,0.0,0,3.58351893845611,0.76,3.6888794541139363,0.76,3.6888794541139363,0.0,0.9999999999999964,0.14285714285714235,-0.030000000000000027,-4.0,0.7499999999999997,37.666666666666664,0.7557142857142857,38.42857142857143,0.4161246959914746,-0.9093075592922357
2022-06-08,0.73,35.0,0.0,0,3.58351893845611,0.73,3.58351893845611,0.76,3.6888794541139363,0.0,0.9999999999999964,0.14285714285714235,0.0,0.0,0.7399999999999998,36.333333333333336,0.7485714285714284,37.57142857142857,0.4004539056512664,-0.9163169044870048
2022-06-09,0.71,33.0,0.0,0,3.5263605246161616,0.73,3.58351893845611,0.73,3.58351893845611,0.0,0.9999999999999964,0.14285714285714235,-0.020000000000000018,-2.0,0.723333333333333,34.333333333333336,0.7428571428571428,36.857142857142854,0.3846650997070012,-0.923056206884176
2022-06-10,0.71,33.0,0.0,0,3.5263605246161616,0.71,3.5263605246161616,0.73,3.58351893845611,0.0,0.0,0.0,0.0,0.0,0.7166666666666663,33.666666666666664,0.7357142857142857,36.0,0.3687629311922603,-0.9295234803804002
2022-06-11,0.7,32.0,0.0,0,3.4965075614664802,0.71,3.5263605246161616,0.71,3.5263605246161616,0.0,0.0,0.0,-0.010000000000000009,-1.0,0.7066666666666662,32.666666666666664,0.7285714285714285,35.142857142857146,0.352752086549095,-0.9357168190404935
2022-06-12,0.76,39.0,0.0,0,3.6888794541139363,0.7,3.4965075614664802,0.71,3.5263605246161616,0.0,0.0,0.0,0.06000000000000005,7.0,0.723333333333333,34.666666666666664,0.7285714285714285,35.142857142857146,0.3366372842469106,-0.9416343976591258
2022-06-13,0.8,43.0,0.0,0,3.784189633918261,0.76,3.6888794541139363,0.7,3.4965075614664802,0.0,0.0,0.0,0.040000000000000036,4.0,0.753333333333333,38.0,0.7342857142857143,35.714285714285715,0.3204232733919116,-0.9472744722987168
2022-06-14,0.8,43.0,0.4,0,3.784189633918261,0.8,3.784189633918261,0.76,3.6888794541139363,0.4,0.39999999999999647,0.05714285714285664,0.0,0.0,0.7866666666666665,41.666666666666664,0.7442857142857143,36.857142857142854,0.30411483232751846,-0.9526353808033824
2022-06-15,0.79,42.0,0.0,0,3.7612001156935624,0.8,3.784189633918261,0.8,3.784189633918261,0.4,0.39999999999999647,0.05714285714285664,-0.010000000000000009,-1.0,0.7966666666666664,42.666666666666664,0.7528571428571429,37.857142857142854,0.2877167672261668,-0.9577155432887804
2022-06-16,0.74,36.0,9.4,0,3.6109179126442243,0.79,3.7612001156935624,0.8,3.784189633918261,9.8,9.799999999999997,1.3999999999999997,-0.050000000000000044,-6.0,0.7766666666666664,40.333333333333336,0.7571428571428572,38.285714285714285,0.27123391067291,-0.9625134626077081
2022-06-17,0.75,38.0,0.0,0,3.6635616461296463,0.74,3.6109179126442243,0.79,3.7612001156935624,9.4,9.799999999999997,1.3999999999999997,0.010000000000000009,2.0,0.7599999999999997,38.666666666666664,0.762857142857143,39.0,0.2546711202412288,-0.9670277247913204
2022-06-18,0.76,39.0,0.0,0,3.6888794541139363,0.75,3.6635616461296463,0.74,3.6109179126442243,9.4,9.799999999999997,1.3999999999999997,0.010000000000000009,1.0,0.7499999999999997,37.666666666666664,0.7714285714285715,40.0,0.2380332770614858,-0.9712569994658313
2022-06-19,0.76,39.0,0.0,0,3.6888794541139363,0.76,3.6888794541139363,0.75,3.6635616461296463,0.0,9.799999999999997,1.3999999999999997,0.0,0.0,0.7566666666666664,38.666666666666664,0.7714285714285715,40.0,0.22132528438243243,-0.9752000402445825
2022-06-20,0.76,39.0,0.0,0,3.6888794541139363,0.76,3.6888794541139363,0.76,3.6888794541139363,0.0,9.799999999999997,1.3999999999999997,0.0,0.0,0.76,39.0,0.7657142857142857,39.42857142857143,0.2045520661262008,-0.9788556850953578
2022-06-21,0.77,40.0,0.6,0,3.713572066704308,0.76,3.6888794541139363,0.76,3.6888794541139363,0.6,9.999999999999996,1.4285714285714282,0.010000000000000009,1.0,0.7633333333333331,39.333333333333336,0.7614285714285715,39.0,0.18771856543719884,-0.9822228566828406
2022-06-22,0.77,40.0,0.0,0,3.713572066704308,0.77,3.713572066704308,0.76,3.6888794541139363,0.6,9.999999999999996,1.4285714285714282,0.0,0.0,0.7666666666666665,39.666666666666664,0.7585714285714286,38.714285714285715,0.17082974322534442,-0.985300562686109
2022-06-23,0.75,38.0,0.0,0,3.6635616461296463,0.77,3.713572066704308,0.77,3.713572066704308,0.6,0.5999999999999964,0.0857142857142852,-0.020000000000000018,-2.0,0.7633333333333331,39.333333333333336,0.7599999999999999,39.0,0.15389057670406214,-0.9880878960910771
2022-06-24,0.74,36.0,0.0,0,3.6109179126442243,0.75,3.6635616461296463,0.77,3.713572066704308,0.0,0.5999999999999964,0.0857142857142852,-0.010000000000000009,-2.0,0.753333333333333,38.0,0.7585714285714286,38.714285714285715,0.13690605792347574,-0.9905840354577969
2022-06-25,0.72,34.0,0.0,0,3.5553480614894135,0.74,3.6109179126442243,0.75,3.6635616461296463,0.0,0.5999999999999964,0.0857142857142852,-0.020000000000000018,-2.0,0.7366666666666664,36.0,0.7528571428571428,38.0,0.11988119229922782,-0.9927882451625399
2022-06-26,0.74,36.0,0.0,0,3.6109179126442243,0.72,3.5553480614894135,0.74,3.6109179126442243,0.0,0.5999999999999964,0.0857142857142852,0.020000000000000018,2.0,0.733333333333333,35.333333333333336,0.75,37.57142857142857,0.10282099713736025,-0.9946998756145891
2022-06-27,0.77,40.0,0.0,0,3.713572066704308,0.74,3.6109179126442243,0.72,3.5553480614894135,0.0,0.5999999999999964,0.0857142857142852,0.030000000000000027,4.0,0.7433333333333331,36.666666666666664,0.7514285714285716,37.714285714285715,0.0857305001556943,-0.9963183634476755
2022-06-28,0.77,40.0,0.0,0,3.713572066704308,0.77,3.713572066704308,0.74,3.6109179126442243,0.0,0.0,0.0,0.0,0.0,0.7599999999999997,38.666666666666664,0.7514285714285714,37.714285714285715,0.0686147380021341,-0.9976432316860063
2022-06-29,0.76,39.0,0.0,0,3.6888794541139363,0.77,3.713572066704308,0.77,3.713572066704308,0.0,0.0,0.0,-0.010000000000000009,-1.0,0.7666666666666665,39.666666666666664,0.75,37.57142857142857,0.05147875477034673,-0.9986740898848305
2022-06-30,0.78,41.0,0.0,0,3.7376696182833684,0.76,3.6888794541139363,0.77,3.713572066704308,0.0,0.0,0.0,0.020000000000000018,2.0,0.7699999999999997,40.0,0.7542857142857143,38.0,0.03432760051324382,-0.9994106342455052
2022-07-01,0.75,38.0,0.0,0,3.6635616461296463,0.78,3.7376696182833684,0.76,3.6888794541139363,0.0,0.0,0.0,-0.030000000000000027,-3.0,0.7633333333333331,39.333333333333336,0.7557142857142857,38.285714285714285,0.01716632975470737,-0.9998526477050269
2022-07-02,0.76,39.0,0.0,0,3.6888794541139363,0.75,3.6635616461296463,0.78,3.7376696182833684,0.0,0.0,0.0,0.010000000000000009,1.0,0.7633333333333331,39.333333333333336,0.7614285714285715,39.0,1.2246467991473532e-16,-1.0
2022-07-03,0.75,38.0,2.6,0,3.6635616461296463,0.76,3.6888794541139363,0.75,3.6635616461296463,2.6,2.5999999999999965,0.37142857142857094,-0.010000000000000009,-1.0,0.7533333333333331,38.333333333333336,0.7628571428571428,39.285714285714285,-0.017166329754707124,-0.9998526477050269
2022-07-04,0.76,39.0,0.0,0,3.6888794541139363,0.75,3.6635616461296463,0.76,3.6888794541139363,2.6,2.5999999999999965,0.37142857142857094,0.010000000000000009,1.0,0.7566666666666664,38.666666666666664,0.7614285714285715,39.142857142857146,-0.03432760051324313,-0.9994106342455054
2022-07-05,0.74,36.0,0.0,0,3.6109179126442243,0.76,3.6888794541139363,0.75,3.6635616461296463,2.6,2.5999999999999965,0.37142857142857094,-0.020000000000000018,-3.0,0.7499999999999997,37.666666666666664,0.7571428571428571,38.57142857142857,-0.051478754770346045,-0.9986740898848305
2022-07-06,0.82,45.0,3.2,0,3.828641396489095,0.74,3.6109179126442243,0.76,3.6888794541139363,3.2,5.799999999999997,0.8285714285714282,0.07999999999999996,9.0,0.773333333333333,40.0,0.7657142857142858,39.42857142857143,-0.06861473800213432,-0.9976432316860063
2022-07-07,1.01,84.0,0.0,0,4.442651256490317,0.82,3.828641396489095,0.74,3.6109179126442243,3.2,5.799999999999997,0.8285714285714282,0.19000000000000006,39.0,0.8566666666666665,55.0,0.7985714285714286,45.57142857142857,-0.0857305001556945,-0.9963183634476755
2022-07-08,1.13,118.0,0.0,0,4.77912349311153,1.01,4.442651256490317,0.82,3.828641396489095,3.2,5.799999999999997,0.8285714285714282,0.11999999999999988,34.0,0.9866666666666664,82.33333333333333,0.8528571428571429,57.0,-0.10282099713736044,-0.9946998756145891
2022-07-09,0.95,69.0,0.0,0,4.248495242049359,1.13,4.77912349311153,1.01,4.442651256490317,0.0,5.799999999999997,0.8285714285714282,-0.17999999999999994,-49.0,1.0299999999999996,90.33333333333333,0.88,61.285714285714285,-0.11988119229922714,-0.99278824516254
2022-07-10,0.86,51.0,0.0,0,3.9512437185814275,0.95,4.248495242049359,1.13,4.77912349311153,0.0,3.1999999999999966,0.4571428571428567,-0.08999999999999997,-18.0,0.9799999999999996,79.33333333333333,0.8957142857142858,63.142857142857146,-0.13690605792347504,-0.990584035457797
2022-07-11,0.81,44.0,0.0,0,3.8066624897703196,0.86,3.9512437185814275,0.95,4.248495242049359,0.0,3.1999999999999966,0.4571428571428567,-0.04999999999999993,-7.0,0.8733333333333331,54.666666666666664,0.9028571428571428,63.857142857142854,-0.15389057670406148,-0.9880878960910772
2022-07-12,0.74,36.0,0.0,0,3.6109179126442243,0.81,3.8066624897703196,0.86,3.9512437185814275,0.0,3.1999999999999966,0.4571428571428567,-0.07000000000000006,-8.0,0.8033333333333331,43.666666666666664,0.9028571428571429,63.857142857142854,-0.17082974322534417,-0.985300562686109
2022-07-13,0.7,32.0,0.0,0,3.4965075614664802,0.74,3.6109179126442243,0.81,3.8066624897703196,0.0,0.0,0.0,-0.040000000000000036,-4.0,0.7499999999999997,37.333333333333336,0.8857142857142858,62.0,-0.1877185654371986,-0.9822228566828407
2022-07-14,0.67,29.0,0.0,0,3.4011973816621555,0.7,3.4965075614664802,0.74,3.6109179126442243,0.0,0.0,0.0,-0.029999999999999916,-3.0,0.7033333333333331,32.333333333333336,0.8371428571428572,54.142857142857146,-0.20455206612620058,-0.9788556850953579
2022-07-15,0.66,28.0,0.0,0,3.367295829986474,0.67,3.4011973816621555,0.7,3.4965075614664802,0.0,0.0,0.0,-0.010000000000000009,-1.0,0.6766666666666663,29.666666666666668,0.7700000000000001,41.285714285714285,-0.22132528438243218,-0.9752000402445826
2022-07-16,0.66,28.0,0.0,0,3.367295829986474,0.66,3.367295829986474,0.67,3.4011973816621555,0.0,0.0,0.0,0.0,0.0,0.6633333333333331,28.333333333333332,0.7285714285714285,35.42857142857143,-0.23803327706148514,-0.9712569994658315
2022-07-17,0.69,31.0,0.0,0,3.4657359027997265,0.66,3.367295829986474,0.66,3.367295829986474,0.0,0.0,0.0,0.029999999999999916,3.0,0.6699999999999996,29.0,0.7042857142857143,32.57142857142857,-0.254671120241229,-0.9670277247913203
2022-07-18,0.69,31.0,0.0,0,3.4657359027997265,0.69,3.4657359027997265,0.66,3.367295829986474,0.0,0.0,0.0,0.0,0.0,0.6799999999999997,30.0,0.6871428571428572,30.714285714285715,-0.2712339106729102,-0.9625134626077081
2022-07-19,0.68,30.0,0.0,0,3.4339872044851463,0.69,3.4657359027997265,0.69,3.4657359027997265,0.0,0.0,0.0,-0.009999999999999898,-1.0,0.6866666666666664,30.666666666666668,0.6785714285714286,29.857142857142858,-0.287716767226167,-0.9577155432887803
2022-07-20,0.66,28.0,0.0,0,3.367295829986474,0.68,3.4339872044851463,0.69,3.4657359027997265,0.0,0.0,0.0,-0.020000000000000018,-2.0,0.6766666666666664,29.666666666666668,0.6728571428571428,29.285714285714285,-0.3041148323275178,-0.9526353808033826
2022-07-21,0.7,32.0,0.0,0,3.4965075614664802,0.66,3.367295829986474,0.68,3.4339872044851463,0.0,0.0,0.0,0.039999999999999925,4.0,0.6799999999999997,30.0,0.6771428571428572,29.714285714285715,-0.32042327339191096,-0.947274472298717
2022-07-22,0.76,39.0,0.0,0,3.6888794541139363,0.7,3.4965075614664802,0.66,3.367295829986474,0.0,0.0,0.0,0.06000000000000005,7.0,0.7066666666666664,33.0,0.6914285714285714,31.285714285714285,-0.3366372842469099,-0.941634397659126
2022-07-23,0.76,39.0,0.0,0,3.6888794541139363,0.76,3.6888794541139363,0.7,3.4965075614664802,0.0,0.0,0.0,0.0,0.0,0.7399999999999997,36.666666666666664,0.7057142857142856,32.857142857142854,-0.35275208654909473,-0.9357168190404936
2022-07-24,0.76,39.0,0.0,0,3.6888794541139363,0.76,3.6888794541139363,0.76,3.6888794541139363,0.0,0.0,0.0,0.0,0.0,0.76,39.0,0.7157142857142856,34.0,-0.36876293119226006,-0.9295234803804003
2022-07-25,0.8,43.0,0.0,0,3.784189633918261,0.76,3.6888794541139363,0.76,3.6888794541139363,0.0,0.0,0.0,0.040000000000000036,4.0,0.7733333333333331,40.333333333333336,0.7314285714285715,35.714285714285715,-0.38466509970700097,-0.9230562068841761
2022-07-26,0.78,41.0,0.0,0,3.7376696182833684,0.8,3.784189633918261,0.76,3.6888794541139363,0.0,0.0,0.0,-0.020000000000000018,-2.0,0.7799999999999997,41.0,0.7457142857142857,37.285714285714285,-0.40045390565126615,-0.9163169044870049
2022-07-27,0.76,39.0,0.0,0,3.6888794541139363,0.78,3.7376696182833684,0.8,3.784189633918261,0.0,0.0,0.0,-0.020000000000000018,-2.0,0.7799999999999997,41.0,0.76,38.857142857142854,-0.4161246959914748,-0.9093075592922356
2022-07-28,0.75,38.0,0.0,0,3.6635616461296463,0.76,3.6888794541139363,0.78,3.7376696182833684,0.0,0.0,0.0,-0.010000000000000009,-1.0,0.7633333333333331,39.333333333333336,0.7671428571428572,39.714285714285715,-0.431672852473784,-0.9020302369860707
2022-07-29,0.74,36.0,0.0,0,3.6109179126442243,0.75,3.6635616461296463,0.76,3.6888794541139363,0.0,0.0,0.0,-0.010000000000000009,-2.0,0.7499999999999997,37.666666666666664,0.7642857142857142,39.285714285714285,-0.44709379298511404,-0.8944870822287955
2022-07-30,0.72,34.0,0.0,0,3.5553480614894135,0.74,3.6109179126442243,0.75,3.6635616461296463,0.0,0.0,0.0,-0.020000000000000018,-2.0,0.7366666666666664,36.0,0.7585714285714287,38.57142857142857,-0.4623829729035149,-0.88668031802274
2022-07-31,0.68,30.0,0.0,0,3.4339872044851463,0.72,3.5553480614894135,0.74,3.6109179126442243,0.0,0.0,0.0,-0.039999999999999925,-4.0,0.713333333333333,33.333333333333336,0.7471428571428572,37.285714285714285,-0.4775358864374881,-0.8786122450571483
2022-08-01,0.7,32.0,0.0,0,3.4965075614664802,0.68,3.4339872044851463,0.72,3.5553480614894135,0.0,0.0,0.0,0.019999999999999907,2.0,0.6999999999999997,32.0,0.7328571428571429,35.714285714285715,-0.4925480679538642,-0.8702852410301554
2022-08-02,0.7,32.0,0.0,0,3.4965075614664802,0.7,3.4965075614664802,0.68,3.4339872044851463,0.0,0.0,0.0,0.0,0.0,0.693333333333333,31.333333333333332,0.7214285714285714,34.42857142857143,-0.5074150932938452,-0.8617017599480683
2022-08-03,0.69,31.0,0.0,0,3.4657359027997265,0.7,3.4965075614664802,0.7,3.4965075614664802,0.0,0.0,0.0,-0.010000000000000009,-1.0,0.6966666666666663,31.666666666666668,0.7114285714285714,33.285714285714285,-0.5221325810768248,-0.8528643314021597
2022-08-04,0.69,31.0,0.0,0,3.4657359027997265,0.69,3.4657359027997265,0.7,3.4965075614664802,0.0,0.0,0.0,0.0,0.0,0.693333333333333,31.333333333333332,0.7028571428571428,32.285714285714285,-0.5366961939916003,-0.8437755598231858
2022-08-05,0.67,29.0,0.0,0,3.4011973816621555,0.69,3.4657359027997265,0.69,3.4657359027997265,0.0,0.0,0.0,-0.019999999999999907,-2.0,0.683333333333333,30.333333333333332,0.6928571428571428,31.285714285714285,-0.5511016400745998,-0.8344381237138474
2022-08-06,0.67,29.0,0.0,0,3.4011973816621555,0.67,3.4011973816621555,0.69,3.4657359027997265,0.0,0.0,0.0,0.0,0.0,0.6766666666666663,29.666666666666668,0.6857142857142857,30.571428571428573,-0.5653446739747425,-0.8248547748594246
2022-08-07,0.76,39.0,0.0,0,3.6888794541139363,0.67,3.4011973816621555,0.67,3.4011973816621555,0.0,0.0,0.0,0.08999999999999997,10.0,0.6999999999999997,32.333333333333336,0.6971428571428572,31.857142857142858,-0.5794210982045637,-0.8150283375168114
2022-08-08,0.78,41.0,0.0,0,3.7376696182833684,0.76,3.6888794541139363,0.67,3.4011973816621555,0.0,0.0,0.0,0.020000000000000018,2.0,0.7366666666666664,36.333333333333336,0.7085714285714285,33.142857142857146,-0.5933267643772321,-0.8049617075821958
2022-08-09,0.82,45.0,0.0,0,3.828641396489095,0.78,3.7376696182833684,0.76,3.6888794541139363,0.0,0.0,0.0,0.039999999999999925,4.0,0.7866666666666665,41.666666666666664,0.7257142857142858,35.0,-0.6070575744291004,-0.794657851737625
2022-08-10,0.75,38.0,0.0,0,3.6635616461296463,0.82,3.828641396489095,0.78,3.7376696182833684,0.0,0.0,0.0,-0.06999999999999995,-7.0,0.7833333333333329,41.333333333333336,0.7342857142857142,36.0,-0.6206094818274228,-0.7841198065767104
2022-08-11,0.67,29.0,0.0,0,3.4011973816621555,0.75,3.6635616461296463,0.82,3.828641396489095,0.0,0.0,0.0,-0.07999999999999996,-9.0,0.7466666666666665,37.333333333333336,0.7314285714285714,35.714285714285715,-0.6339784927628865,-0.77335067770973
2022-08-12,0.68,30.0,0.0,0,3.4339872044851463,0.67,3.4011973816621555,0.75,3.6635616461296463,0.0,0.0,0.0,0.010000000000000009,1.0,0.6999999999999997,32.333333333333336,0.7328571428571429,35.857142857142854,-0.6471606673266059,-0.7623536388483905
2022-08-13,0.7,32.0,0.0,0,3.4965075614664802,0.68,3.4339872044851463,0.67,3.4011973816621555,0.0,0.0,0.0,0.019999999999999907,2.0,0.683333333333333,30.333333333333332,0.7371428571428572,36.285714285714285,-0.6601521206712315,-0.7511319308705201
2022-08-14,0.71,33.0,0.0,0,3.5263605246161616,0.7,3.4965075614664802,0.68,3.4339872044851463,0.0,0.0,0.0,0.010000000000000009,1.0,0.6966666666666663,31.666666666666668,0.7299999999999999,35.42857142857143,-0.6729490241558326,-0.7396888608649671
2022-08-15,0.73,35.0,0.0,0,3.58351893845611,0.71,3.5263605246161616,0.7,3.4965075614664802,0.0,0.0,0.0,0.020000000000000018,2.0,0.7133333333333329,33.333333333333336,0.7228571428571428,34.57142857142857,-0.6855476064742154,-0.7280278011569848
2022-08-16,0.73,35.0,0.0,0,3.58351893845611,0.73,3.58351893845611,0.71,3.5263605246161616,0.0,0.0,0.0,0.0,0.0,0.723333333333333,34.333333333333336,0.7100000000000001,33.142857142857146,-0.6979441547663433,-0.7161521883143935
2022-08-17,0.73,35.0,0.0,0,3.58351893845611,0.73,3.58351893845611,0.73,3.58351893845611,0.0,0.0,0.0,0.0,0.0,0.73,35.0,0.7071428571428572,32.714285714285715,-0.7101350157125356,-0.7040655221348059
2022-08-18,0.72,34.0,0.0,0,3.5553480614894135,0.73,3.58351893845611,0.73,3.58351893845611,0.0,0.0,0.0,-0.010000000000000009,-1.0,0.7266666666666662,34.666666666666664,0.7142857142857143,33.42857142857143,-0.7221165966101161,-0.691771364614222
2022-08-19,0.73,35.0,0.0,0,3.58351893845611,0.72,3.5553480614894135,0.73,3.58351893845611,0.0,0.0,0.0,0.010000000000000009,1.0,0.7266666666666662,34.666666666666664,0.7214285714285714,34.142857142857146,-0.7338853664321993,-0.6792733388972929
2022-08-20,0.72,34.0,0.0,0,3.5553480614894135,0.73,3.58351893845611,0.72,3.5553480614894135,0.0,0.0,0.0,-0.010000000000000009,-1.0,0.723333333333333,34.333333333333336,0.7242857142857142,34.42857142857143,-0.7454378568683003,-0.6665751282095631
2022-08-21,0.73,35.0,0.0,0,3.58351893845611,0.72,3.5553480614894135,0.73,3.58351893845611,0.0,0.0,0.0,0.010000000000000009,1.0,0.7266666666666662,34.666666666666664,0.7271428571428571,34.714285714285715,-0.7567706633464625,-0.653680474772006
2022-08-22,0.75,38.0,0.0,0,3.6635616461296463,0.73,3.58351893845611,0.72,3.5553480614894135,0.0,0.0,0.0,0.020000000000000018,3.0,0.7333333333333331,35.666666666666664,0.7299999999999999,35.142857142857146,-0.7678804460366,-0.6405931786981752
2022-08-23,0.73,35.0,0.0,0,3.58351893845611,0.75,3.6635616461296463,0.73,3.58351893845611,0.0,0.0,0.0,-0.020000000000000018,-3.0,0.7366666666666664,36.0,0.7299999999999999,35.142857142857146,-0.7787639308347605,-0.627317096874294
2022-08-24,0.82,45.0,16.0,0,3.828641396489095,0.73,3.58351893845611,0.75,3.6635616461296463,16.0,15.999999999999996,2.285714285714285,0.08999999999999997,10.0,0.7666666666666663,39.333333333333336,0.7428571428571429,36.57142857142857,-0.7894179103280194,-0.6138561418226122
2022-08-25,0.79,42.0,0.0,0,3.7612001156935624,0.82,3.828641396489095,0.73,3.58351893845611,16.0,15.999999999999996,2.285714285714285,-0.029999999999999916,-3.0,0.7799999999999997,40.666666666666664,0.7528571428571429,37.714285714285715,-0.7998392447397191,-0.6002142805483686
2022-08-26,0.77,40.0,0.0,0,3.713572066704308,0.79,3.7612001156935624,0.82,3.828641396489095,16.0,15.999999999999996,2.285714285714285,-0.020000000000000018,-2.0,0.793333333333333,42.333333333333336,0.7585714285714286,38.42857142857143,-0.8100248628547748,-0.5863955333706962
2022-08-27,0.78,41.0,0.0,0,3.7376696182833684,0.77,3.713572066704308,0.79,3.7612001156935624,0.0,15.999999999999996,2.285714285714285,0.010000000000000009,1.0,0.7799999999999998,41.0,0.7671428571428571,39.42857142857143,-0.8199717629247767,-0.5724039727378154
2022-08-28,0.8,43.0,0.0,0,3.784189633918261,0.78,3.7376696182833684,0.77,3.713572066704308,0.0,15.999999999999996,2.285714285714285,0.020000000000000018,2.0,0.7833333333333331,41.333333333333336,0.7771428571428572,40.57142857142857,-0.8296770135526185,-0.5582437220268655
2022-08-29,0.8,43.0,11.2,0,3.784189633918261,0.8,3.784189633918261,0.78,3.7376696182833684,11.2,27.199999999999996,3.8857142857142852,0.0,0.0,0.7933333333333331,42.333333333333336,0.7842857142857141,41.285714285714285,-0.8391377545563938,-0.5439189543287248
2022-08-30,0.8,43.0,0.0,0,3.784189633918261,0.8,3.784189633918261,0.8,3.784189633918261,11.2,27.199999999999996,3.8857142857142852,0.0,0.0,0.8,43.0,0.7942857142857144,42.42857142857143,-0.8483511978123038,-0.5294338912181854
2022-08-31,0.81,44.0,0.0,0,3.8066624897703196,0.8,3.784189633918261,0.8,3.784189633918261,11.2,11.199999999999996,1.5999999999999994,0.010000000000000009,1.0,0.8033333333333331,43.333333333333336,0.7928571428571428,42.285714285714285,-0.8573146280763322,-0.514792801509831
2022-09-01,0.82,45.0,0.0,0,3.828641396489095,0.81,3.8066624897703196,0.8,3.784189633918261,0.0,11.199999999999996,1.5999999999999994,0.009999999999999898,1.0,0.8099999999999996,44.0,0.7971428571428572,42.714285714285715,-0.8660254037844385,-0.5000000000000004
2022-09-02,0.8,43.0,0.0,0,3.784189633918261,0.82,3.828641396489095,0.81,3.8066624897703196,0.0,11.199999999999996,1.5999999999999994,-0.019999999999999907,-2.0,0.8099999999999997,44.0,0.8014285714285715,43.142857142857146,-0.8744809578310394,-0.4850598461951967
2022-09-03,0.79,42.0,0.0,0,3.7612001156935624,0.8,3.784189633918261,0.82,3.828641396489095,0.0,11.199999999999996,1.5999999999999994,-0.010000000000000009,-1.0,0.8033333333333331,43.333333333333336,0.8028571428571428,43.285714285714285,-0.8826787983255475,-0.4699767430273199
2022-09-04,0.79,42.0,0.0,0,3.7612001156935624,0.79,3.7612001156935624,0.8,3.784189633918261,0.0,11.199999999999996,1.5999999999999994,0.0,0.0,0.793333333333333,42.333333333333336,0.8014285714285715,43.142857142857146,-0.8906165093267404,-0.45475513555610575
2022-09-05,0.78,41.0,9.4,0,3.7376696182833684,0.79,3.7612001156935624,0.79,3.7612001156935624,9.4,9.399999999999997,1.3428571428571423,-0.010000000000000009,-1.0,0.7866666666666665,41.666666666666664,0.7985714285714287,42.857142857142854,-0.8982917515547529,-0.43939950965914165
2022-09-06,0.73,35.0,0.0,0,3.58351893845611,0.78,3.7376696182833684,0.79,3.7612001156935624,9.4,9.399999999999997,1.3428571428571423,-0.050000000000000044,-6.0,0.7666666666666663,39.333333333333336,0.7885714285714285,41.714285714285715,-0.9057022630804714,-0.42391439070986087
2022-09-07,0.7,32.0,0.0,0,3.4965075614664802,0.73,3.58351893845611,0.78,3.7376696182833684,9.4,9.399999999999997,1.3428571428571423,-0.030000000000000027,-3.0,0.7366666666666664,36.0,0.7728571428571429,40.0,-0.9128458599921354,-0.40830434224389367
2022-09-08,0.7,32.0,0.8,0,3.4965075614664802,0.7,3.4965075614664802,0.73,3.58351893845611,0.8,10.199999999999998,1.4571428571428569,0.0,0.0,0.7099999999999996,33.0,0.7557142857142857,38.142857142857146,-0.9197204370389468,-0.3925739646141714
2022-09-09,0.72,34.0,0.0,0,3.5553480614894135,0.7,3.4965075614664802,0.7,3.4965075614664802,0.8,10.199999999999998,1.4571428571428569,0.020000000000000018,2.0,0.7066666666666664,32.666666666666664,0.7442857142857143,36.857142857142854,-0.9263239682514951,-0.3767278936351848
2022-09-10,0.74,36.0,0.0,0,3.6109179126442243,0.72,3.5553480614894135,0.7,3.4965075614664802,0.8,10.199999999999998,1.4571428571428569,0.020000000000000018,2.0,0.7199999999999998,34.0,0.7371428571428572,36.0,-0.9326545075388225,-0.3607707992167831
2022-09-11,0.79,42.0,0.0,0,3.7612001156935624,0.74,3.6109179126442243,0.72,3.5553480614894135,0.0,10.199999999999998,1.4571428571428569,0.050000000000000044,6.0,0.7499999999999997,37.333333333333336,0.7371428571428572,36.0,-0.9387101892619443,-0.3447073839879337
2022-09-12,0.8,43.0,1.6,0,3.784189633918261,0.79,3.7612001156935624,0.74,3.6109179126442243,1.6,2.399999999999997,0.3428571428571424,0.010000000000000009,1.0,0.7766666666666664,40.333333333333336,0.74,36.285714285714285,-0.9444892287836613,-0.32854238191083474
2022-09-13,0.81,44.0,0.0,0,3.8066624897703196,0.8,3.784189633918261,0.79,3.7612001156935624,1.6,2.399999999999997,0.3428571428571424,0.010000000000000009,1.0,0.7999999999999998,43.0,0.7514285714285714,37.57142857142857,-0.9499899229945009,-0.3122805568857948
2022-09-14,0.84,48.0,0.0,0,3.8918202981106265,0.81,3.8066624897703196,0.8,3.784189633918261,1.6,2.399999999999997,0.3428571428571424,0.029999999999999916,4.0,0.8166666666666664,45.0,0.7714285714285715,39.857142857142854,-0.9552106508146316,-0.29592670134728966
2022-09-15,0.9,57.0,0.0,0,4.060443010546419,0.84,3.8918202981106265,0.81,3.8066624897703196,0.0,1.5999999999999965,0.22857142857142806,0.06000000000000005,9.0,0.8499999999999996,49.666666666666664,0.7999999999999999,43.42857142857143,-0.9601498736716017,-0.2794856348516098
2022-09-16,0.88,54.0,0.0,0,4.007333185232471,0.9,4.060443010546419,0.84,3.8918202981106265,0.0,1.5999999999999965,0.22857142857142806,-0.020000000000000018,-3.0,0.8733333333333331,53.0,0.8228571428571428,46.285714285714285,-0.9648061359537644,-0.2629622026565152
2022-09-17,0.87,52.0,0.0,0,3.970291913552122,0.88,4.007333185232471,0.9,4.060443010546419,0.0,1.5999999999999965,0.22857142857142806,-0.010000000000000009,-2.0,0.8833333333333332,54.333333333333336,0.8414285714285714,48.57142857142857,-0.9691780654392534,-0.24636127429331536
2022-09-18,0.84,48.0,0.0,0,3.8918202981106265,0.87,3.970291913552122,0.88,4.007333185232471,0.0,1.5999999999999965,0.22857142857142806,-0.030000000000000027,-4.0,0.863333333333333,51.333333333333336,0.8485714285714285,49.42857142857143,-0.9732643737003823,-0.2296877421317963
2022-09-19,0.84,48.0,0.0,0,3.8918202981106265,0.84,3.8918202981106265,0.87,3.970291913552122,0.0,0.0,0.0,0.0,0.0,0.8499999999999996,49.333333333333336,0.8542857142857143,50.142857142857146,-0.9770638564833508,-0.21294651993841573
2022-09-20,0.8,43.0,0.0,0,3.784189633918261,0.84,3.8918202981106265,0.84,3.8918202981106265,0.0,0.0,0.0,-0.039999999999999925,-5.0,0.8266666666666663,46.333333333333336,0.8528571428571429,50.0,-0.9805753940631429,-0.19614254142819712
2022-09-21,0.8,43.0,0.0,0,3.784189633918261,0.8,3.784189633918261,0.84,3.8918202981106265,0.0,0.0,0.0,0.0,0.0,0.8133333333333331,44.666666666666664,0.8471428571428571,49.285714285714285,-0.9837979515735163,-0.1792807588107359
2022-09-22,0.79,42.0,0.0,0,3.7612001156935624,0.8,3.784189633918261,0.8,3.784189633918261,0.0,0.0,0.0,-0.010000000000000009,-1.0,0.7966666666666664,42.666666666666664,0.8314285714285715,47.142857142857146,-0.9867305793119814,-0.16236614133076413
2022-09-23,0.79,42.0,0.0,0,3.7612001156935624,0.79,3.7612001156935624,0.8,3.784189633918261,0.0,0.0,0.0,0.0,0.0,0.793333333333333,42.333333333333336,0.8185714285714286,45.42857142857143,-0.9893724130196829,-0.14540367380369032
2022-09-24,0.78,41.0,0.0,0,3.7376696182833684,0.79,3.7612001156935624,0.79,3.7612001156935624,0.0,0.0,0.0,-0.010000000000000009,-1.0,0.7866666666666665,41.666666666666664,0.8057142857142858,43.857142857142854,-0.9917226741361014,-0.12839835514655154
2022-09-25,0.8,43.0,0.0,0,3.784189633918261,0.78,3.7376696182833684,0.79,3.7612001156935624,0.0,0.0,0.0,0.020000000000000018,2.0,0.7899999999999997,42.0,0.8,43.142857142857146,-0.9937806700284985,-0.11135519690480865
2022-09-26,0.81,44.0,0.0,0,3.8066624897703196,0.8,3.784189633918261,0.78,3.7376696182833684,0.0,0.0,0.0,0.010000000000000009,1.0,0.7966666666666664,42.666666666666664,0.7957142857142857,42.57142857142857,-0.9955457941960382,-0.09427922177542443
2022-09-27,0.77,40.0,0.0,0,3.713572066704308,0.81,3.8066624897703196,0.8,3.784189633918261,0.0,0.0,0.0,-0.040000000000000036,-4.0,0.793333333333333,42.333333333333336,0.7914285714285715,42.142857142857146,-0.9970175264485267,-0.07717546212664643
2022-09-28,0.76,39.0,0.0,0,3.6888794541139363,0.77,3.713572066704308,0.81,3.8066624897703196,0.0,0.0,0.0,-0.010000000000000009,-1.0,0.7799999999999997,41.0,0.7857142857142857,41.57142857142857,-0.998195433059714,-0.06004895851494849
2022-09-29,0.73,35.0,0.0,0,3.58351893845611,0.76,3.6888794541139363,0.77,3.713572066704308,0.0,0.0,0.0,-0.030000000000000027,-4.0,0.753333333333333,38.0,0.7771428571428572,40.57142857142857,-0.9990791668951153,-0.04290475819955383
2022-09-30,0.72,34.0,0.0,0,3.5553480614894135,0.73,3.58351893845611,0.76,3.6888794541139363,0.0,0.0,0.0,-0.010000000000000009,-1.0,0.7366666666666664,36.0,0.7671428571428571,39.42857142857143,-0.9996684675143132,-0.025747913654988113
2022-10-01,0.74,36.0,0.0,0,3.6109179126442243,0.72,3.5553480614894135,0.73,3.58351893845611,0.0,0.0,0.0,0.020000000000000018,2.0,0.7299999999999996,35.0,0.7614285714285715,38.714285714285715,-0.9999631612477099,-0.008583481082086734
2022-10-02,0.8,43.0,0.0,0,3.784189633918261,0.74,3.6109179126442243,0.72,3.5553480614894135,0.0,0.0,0.0,0.06000000000000005,7.0,0.753333333333333,37.666666666666664,0.7614285714285715,38.714285714285715,-0.9999631612477099,0.008583481082087254
2022-10-03,0.86,51.0,0.0,0,3.9512437185814275,0.8,3.784189633918261,0.74,3.6109179126442243,0.0,0.0,0.0,0.05999999999999994,8.0,0.7999999999999997,43.333333333333336,0.7685714285714286,39.714285714285715,-0.999668467514313,0.025747913654988634
2022-10-04,0.86,51.0,0.0,0,3.9512437185814275,0.86,3.9512437185814275,0.8,3.784189633918261,0.0,0.0,0.0,0.0,0.0,0.8399999999999997,48.333333333333336,0.7814285714285714,41.285714285714285,-0.9990791668951153,0.04290475819955435
2022-10-05,0.84,48.0,0.0,0,3.8918202981106265,0.86,3.9512437185814275,0.86,3.9512437185814275,0.0,0.0,0.0,-0.020000000000000018,-3.0,0.853333333333333,50.0,0.7928571428571428,42.57142857142857,-0.998195433059714,0.06004895851494813
2022-10-06,0.74,36.0,0.0,0,3.6109179126442243,0.84,3.8918202981106265,0.86,3.9512437185814275,0.0,0.0,0.0,-0.09999999999999998,-12.0,0.813333333333333,45.0,0.7942857142857143,42.714285714285715,-0.9970175264485267,0.07717546212664607
2022-10-07,0.73,35.0,0.0,0,3.58351893845611,0.74,3.6109179126442243,0.84,3.8918202981106265,0.0,0.0,0.0,-0.010000000000000009,-1.0,0.7699999999999997,39.666666666666664,0.7957142857142857,42.857142857142854,-0.9955457941960382,0.09427922177542405
2022-10-08,0.76,39.0,0.0,0,3.6888794541139363,0.73,3.58351893845611,0.74,3.6109179126442243,0.0,0.0,0.0,0.030000000000000027,4.0,0.7433333333333331,36.666666666666664,0.7985714285714286,43.285714285714285,-0.9937806700284985,0.11135519690480827
2022-10-09,0.76,39.0,0.2,0,3.6888794541139363,0.76,3.6888794541139363,0.73,3.58351893845611,0.2,0.19999999999999646,0.028571428571428064,0.0,0.0,0.7499999999999997,37.666666666666664,0.7928571428571428,42.714285714285715,-0.9917226741361016,0.1283983551465503
2022-10-10,0.78,41.0,0.4,0,3.7376696182833684,0.76,3.6888794541139363,0.76,3.6888794541139363,0.6000000000000001,0.5999999999999965,0.08571428571428522,0.020000000000000018,2.0,0.7666666666666663,39.666666666666664,0.7814285714285714,41.285714285714285,-0.9893724130196829,0.14540367380368996
2022-10-11,0.79,42.0,0.2,0,3.7612001156935624,0.78,3.7376696182833684,0.76,3.6888794541139363,0.8,0.7999999999999965,0.11428571428571378,0.010000000000000009,1.0,0.7766666666666664,40.666666666666664,0.7714285714285715,40.0,-0.9867305793119814,0.16236614133076377
2022-10-12,0.8,43.0,0.0,0,3.784189633918261,0.79,3.7612001156935624,0.78,3.7376696182833684,0.6000000000000001,0.7999999999999965,0.11428571428571378,0.010000000000000009,1.0,0.7899999999999997,42.0,0.7657142857142858,39.285714285714285,-0.9837979515735163,0.17928075881073555
2022-10-13,0.82,45.0,0.0,0,3.828641396489095,0.8,3.784189633918261,0.79,3.7612001156935624,0.2,0.7999999999999965,0.11428571428571378,0.019999999999999907,2.0,0.8033333333333331,43.333333333333336,0.7771428571428572,40.57142857142857,-0.980575394063143,0.19614254142819676
2022-10-14,0.81,44.0,0.0,0,3.8066624897703196,0.82,3.828641396489095,0.8,3.784189633918261,0.0,0.7999999999999965,0.11428571428571378,-0.009999999999999898,-1.0,0.8099999999999997,44.0,0.7885714285714285,41.857142857142854,-0.9770638564833509,0.21294651993841537
2022-10-15,0.81,44.0,0.0,0,3.8066624897703196,0.81,3.8066624897703196,0.82,3.828641396489095,0.0,0.7999999999999965,0.11428571428571378,0.0,0.0,0.813333333333333,44.333333333333336,0.7957142857142857,42.57142857142857,-0.9732643737003827,0.22968774213179508
2022-10-16,0.8,43.0,0.6,0,3.784189633918261,0.81,3.8066624897703196,0.81,3.8066624897703196,0.6,1.1999999999999966,0.17142857142857096,-0.010000000000000009,-1.0,0.8066666666666663,43.666666666666664,0.8014285714285715,43.142857142857146,-0.9691780654392538,0.24636127429331414
2022-10-17,0.81,44.0,5.0,0,3.8066624897703196,0.8,3.784189633918261,0.81,3.8066624897703196,5.6,5.799999999999996,0.8285714285714281,0.010000000000000009,1.0,0.8066666666666663,43.666666666666664,0.8057142857142858,43.57142857142857,-0.9648061359537647,0.262962202656514
2022-10-18,0.8,43.0,0.0,0,3.784189633918261,0.81,3.8066624897703196,0.8,3.784189633918261,5.6,5.599999999999996,0.7999999999999995,-0.010000000000000009,-1.0,0.8033333333333331,43.333333333333336,0.8071428571428572,43.714285714285715,-0.9601498736716018,0.2794856348516095
2022-10-19,0.79,42.0,2.4,0,3.7612001156935624,0.8,3.784189633918261,0.81,3.8066624897703196,7.4,7.9999999999999964,1.1428571428571423,-0.010000000000000009,-1.0,0.7999999999999998,43.0,0.8057142857142858,43.57142857142857,-0.9552106508146317,0.2959267013472893
2022-10-20,0.81,44.0,0.4,0,3.8066624897703196,0.79,3.7612001156935624,0.8,3.784189633918261,2.8,8.399999999999997,1.1999999999999995,0.020000000000000018,2.0,0.7999999999999998,43.0,0.8042857142857143,43.42857142857143,-0.9499899229945011,0.3122805568857945
2022-10-21,0.83,47.0,1.0,0,3.871201010907891,0.81,3.8066624897703196,0.79,3.7612001156935624,3.8,9.399999999999997,1.3428571428571423,0.019999999999999907,3.0,0.8099999999999997,44.333333333333336,0.8071428571428572,43.857142857142854,-0.9444892287836614,0.3285423819108344
2022-10-22,0.86,51.0,0.0,0,3.9512437185814275,0.83,3.871201010907891,0.81,3.8066624897703196,1.4,9.399999999999997,1.3428571428571423,0.030000000000000027,4.0,0.833333333333333,47.333333333333336,0.8142857142857143,44.857142857142854,-0.938710189261944,0.3447073839879342
2022-10-23,0.86,51.0,0.0,0,3.9512437185814275,0.86,3.9512437185814275,0.83,3.871201010907891,0.9999999999999999,8.799999999999997,1.2571428571428567,0.0,0.0,0.8499999999999996,49.666666666666664,0.8228571428571428,46.0,-0.9326545075388223,0.3607707992167836
2022-10-24,0.85,49.0,0.0,0,3.912023005428146,0.86,3.9512437185814275,0.86,3.9512437185814275,0.0,3.7999999999999963,0.5428571428571424,-0.010000000000000009,-2.0,0.8566666666666664,50.333333333333336,0.8285714285714285,46.714285714285715,-0.9263239682514949,0.3767278936351853
2022-10-25,0.81,44.0,0.0,0,3.8066624897703196,0.85,3.912023005428146,0.86,3.9512437185814275,0.0,3.7999999999999963,0.5428571428571424,-0.039999999999999925,-5.0,0.8399999999999997,48.0,0.83,46.857142857142854,-0.9197204370389466,0.3925739646141719
2022-10-26,0.8,43.0,0.0,0,3.784189633918261,0.81,3.8066624897703196,0.85,3.912023005428146,0.0,1.3999999999999964,0.19999999999999948,-0.010000000000000009,-1.0,0.8199999999999997,45.333333333333336,0.8314285714285715,47.0,-0.9128458599921356,0.40830434224389334
2022-10-27,0.78,41.0,0.0,0,3.7376696182833684,0.8,3.784189633918261,0.81,3.8066624897703196,0.0,0.9999999999999964,0.14285714285714235,-0.020000000000000018,-2.0,0.7966666666666664,42.666666666666664,0.8271428571428572,46.57142857142857,-0.9057022630804715,0.42391439070986053
2022-10-28,0.77,40.0,0.0,0,3.713572066704308,0.78,3.7376696182833684,0.8,3.784189633918261,0.0,0.0,0.0,-0.010000000000000009,-1.0,0.7833333333333331,41.333333333333336,0.8185714285714286,45.57142857142857,-0.898291751554753,0.4393995096591413
2022-10-29,0.78,41.0,0.0,0,3.7376696182833684,0.77,3.713572066704308,0.78,3.7376696182833684,0.0,0.0,0.0,0.010000000000000009,1.0,0.7766666666666664,40.666666666666664,0.8071428571428572,44.142857142857146,-0.8906165093267406,0.4547551355561054
2022-10-30,0.77,40.0,0.6,0,3.713572066704308,0.78,3.7376696182833684,0.77,3.713572066704308,0.5999999999999999,0.5999999999999964,0.0857142857142852,-0.010000000000000009,-1.0,0.7733333333333331,40.333333333333336,0.7942857142857144,42.57142857142857,-0.8826787983255476,0.46997674302731957
2022-10-31,0.77,40.0,0.0,0,3.713572066704308,0.77,3.713572066704308,0.78,3.7376696182833684,0.5999999999999999,0.5999999999999964,0.0857142857142852,0.0,0.0,0.7733333333333331,40.333333333333336,0.7828571428571429,41.285714285714285,-0.8744809578310401,0.4850598461951956
2022-11-01,0.77,40.0,0.0,0,3.713572066704308,0.77,3.713572066704308,0.77,3.713572066704308,0.5999999999999999,0.5999999999999964,0.0857142857142852,0.0,0.0,0.77,40.0,0.7771428571428572,40.714285714285715,-0.8660254037844386,0.5000000000000001
2022-11-02,0.77,40.0,0.0,0,3.713572066704308,0.77,3.713572066704308,0.77,3.713572066704308,0.0,0.5999999999999964,0.0857142857142852,0.0,0.0,0.77,40.0,0.7728571428571429,40.285714285714285,-0.8573146280763323,0.5147928015098306
2022-11-03,0.79,42.0,7.0,0,3.7612001156935624,0.77,3.713572066704308,0.77,3.713572066704308,7.0,7.599999999999996,1.0857142857142852,0.020000000000000018,2.0,0.7766666666666664,40.666666666666664,0.7742857142857142,40.42857142857143,-0.848351197812304,0.5294338912181851
2022-11-04,0.82,45.0,0.0,0,3.828641396489095,0.79,3.7612001156935624,0.77,3.713572066704308,7.0,7.599999999999996,1.0857142857142852,0.029999999999999916,3.0,0.793333333333333,42.333333333333336,0.7814285714285714,41.142857142857146,-0.8391377545563939,0.5439189543287245
2022-11-05,0.83,47.0,0.0,0,3.871201010907891,0.82,3.828641396489095,0.79,3.7612001156935624,7.0,7.599999999999996,1.0857142857142852,0.010000000000000009,2.0,0.813333333333333,44.666666666666664,0.7885714285714285,42.0,-0.8296770135526191,0.5582437220268645
2022-11-06,0.8,43.0,0.0,0,3.784189633918261,0.83,3.871201010907891,0.82,3.828641396489095,0.0,6.9999999999999964,0.9999999999999994,-0.029999999999999916,-4.0,0.8166666666666664,45.0,0.7928571428571428,42.42857142857143,-0.8199717629247775,0.5724039727378144
2022-11-07,0.84,48.0,0.0,0,3.8918202981106265,0.8,3.784189633918261,0.83,3.871201010907891,0.0,6.9999999999999964,0.9999999999999994,0.039999999999999925,5.0,0.8233333333333331,46.0,0.8028571428571427,43.57142857142857,-0.8100248628547756,0.5863955333706952
2022-11-08,0.84,48.0,0.0,0,3.8918202981106265,0.84,3.8918202981106265,0.8,3.784189633918261,0.0,6.9999999999999964,0.9999999999999994,0.0,0.0,0.8266666666666663,46.333333333333336,0.8128571428571428,44.714285714285715,-0.7998392447397198,0.6002142805483676
2022-11-09,0.92,62.0,0.0,0,4.143134726391533,0.84,3.8918202981106265,0.84,3.8918202981106265,0.0,6.9999999999999964,0.9999999999999994,0.08000000000000007,14.0,0.8666666666666664,52.666666666666664,0.8342857142857144,47.857142857142854,-0.7894179103280197,0.613856141822612
2022-11-10,0.89,55.0,0.0,0,4.02535169073515,0.92,4.143134726391533,0.84,3.8918202981106265,0.0,0.0,0.0,-0.030000000000000027,-7.0,0.8833333333333332,55.0,0.8485714285714286,49.714285714285715,-0.7787639308347607,0.6273170968742937
2022-11-11,0.92,62.0,8.0,0,4.143134726391533,0.89,4.02535169073515,0.92,4.143134726391533,8.0,7.9999999999999964,1.1428571428571423,0.030000000000000027,7.0,0.9099999999999997,59.666666666666664,0.8628571428571429,52.142857142857146,-0.7678804460366002,0.640593178698175
2022-11-12,0.92,62.0,0.4,0,4.143134726391533,0.92,4.143134726391533,0.89,4.02535169073515,8.4,8.399999999999997,1.1999999999999995,0.0,0.0,0.9099999999999998,59.666666666666664,0.8757142857142857,54.285714285714285,-0.7567706633464628,0.6536804747720056
2022-11-13,0.87,52.0,0.0,0,3.970291913552122,0.92,4.143134726391533,0.92,4.143134726391533,8.4,8.399999999999997,1.1999999999999995,-0.050000000000000044,-10.0,0.903333333333333,58.666666666666664,0.8857142857142858,55.57142857142857,-0.7454378568682999,0.6665751282095634
2022-11-14,0.9,57.0,0.0,0,4.060443010546419,0.87,3.970291913552122,0.92,4.143134726391533,0.4,8.399999999999997,1.1999999999999995,0.030000000000000027,5.0,0.8966666666666665,57.0,0.8942857142857144,56.857142857142854,-0.7338853664321989,0.6792733388972934
2022-11-15,0.88,54.0,0.6,0,4.007333185232471,0.9,4.060443010546419,0.87,3.970291913552122,0.6,8.999999999999996,1.2857142857142851,-0.020000000000000018,-3.0,0.883333333333333,54.333333333333336,0.9,57.714285714285715,-0.7221165966101161,0.6917713646142221
2022-11-16,0.88,54.0,0.0,0,4.007333185232471,0.88,4.007333185232471,0.9,4.060443010546419,0.6,8.999999999999996,1.2857142857142851,0.0,0.0,0.8866666666666664,55.0,0.8942857142857142,56.57142857142857,-0.7101350157125358,0.7040655221348057
2022-11-17,0.87,52.0,0.4,0,3.970291913552122,0.88,4.007333185232471,0.88,4.007333185232471,1.0,9.399999999999997,1.3428571428571423,-0.010000000000000009,-2.0,0.8766666666666664,53.333333333333336,0.8914285714285715,56.142857142857146,-0.6979441547663436,0.7161521883143932
2022-11-18,0.87,52.0,0.2,0,3.970291913552122,0.87,3.970291913552122,0.88,4.007333185232471,0.6000000000000001,1.5999999999999965,0.22857142857142806,0.0,0.0,0.8733333333333331,52.666666666666664,0.8842857142857143,54.714285714285715,-0.6855476064742156,0.7280278011569846
2022-11-19,0.89,55.0,0.2,0,4.02535169073515,0.87,3.970291913552122,0.87,3.970291913552122,0.8,1.3999999999999966,0.1999999999999995,0.020000000000000018,3.0,0.8766666666666664,53.0,0.88,53.714285714285715,-0.6729490241558331,0.7396888608649665
2022-11-20,0.89,55.0,2.8,0,4.02535169073515,0.89,4.02535169073515,0.87,3.970291913552122,3.1999999999999997,4.199999999999996,0.5999999999999994,0.0,0.0,0.883333333333333,54.0,0.8828571428571428,54.142857142857146,-0.6601521206712321,0.7511319308705195
2022-11-21,0.91,59.0,7.8,0,4.0943445622221,0.89,4.02535169073515,0.89,4.02535169073515,10.799999999999999,11.999999999999996,1.7142857142857137,0.020000000000000018,4.0,0.8966666666666664,56.333333333333336,0.8842857142857142,54.42857142857143,-0.6471606673266065,0.7623536388483899
2022-11-22,0.98,76.0,1.8,0,4.343805421853684,0.91,4.0943445622221,0.89,4.02535169073515,12.4,13.199999999999998,1.8857142857142855,0.06999999999999995,17.0,0.9266666666666663,63.333333333333336,0.8985714285714286,57.57142857142857,-0.6339784927628872,0.7733506777097294
2022-11-23,1.35,195.0,0.4,0,5.278114659230517,0.98,4.343805421853684,0.91,4.0943445622221,10.0,13.599999999999996,1.9428571428571424,0.3700000000000001,119.0,1.0799999999999998,110.0,0.9657142857142856,77.71428571428571,-0.6206094818274227,0.7841198065767104
2022-11-24,1.4,212.0,0.8,0,5.3612921657094255,1.35,5.278114659230517,0.98,4.343805421853684,3.000000000000001,13.999999999999996,1.9999999999999996,0.04999999999999982,17.0,1.243333333333333,161.0,1.0414285714285714,100.57142857142857,-0.607057574429101,0.7946578517376245
2022-11-25,1.36,198.0,0.2,0,5.293304824724492,1.4,5.3612921657094255,1.35,5.278114659230517,1.400000000000001,13.999999999999996,1.9999999999999996,-0.039999999999999813,-14.0,1.3699999999999999,201.66666666666666,1.1114285714285714,121.42857142857143,-0.5933267643772321,0.8049617075821958
2022-11-26,1.29,174.0,0.0,0,5.1647859739235145,1.36,5.293304824724492,1.4,5.3612921657094255,1.0000000000000009,13.799999999999995,1.9714285714285709,-0.07000000000000006,-24.0,1.3499999999999996,194.66666666666666,1.1685714285714286,138.42857142857142,-0.5794210982045647,0.8150283375168107
2022-11-27,1.2,143.0,4.6,0,4.969813299576001,1.29,5.1647859739235145,1.36,5.293304824724492,4.800000000000001,15.599999999999998,2.228571428571428,-0.09000000000000008,-31.0,1.283333333333333,171.66666666666666,1.2128571428571429,151.0,-0.5653446739747432,0.8248547748594242
2022-11-28,1.14,122.0,0.0,0,4.812184355372417,1.2,4.969813299576001,1.29,5.1647859739235145,4.6000000000000005,7.799999999999996,1.1142857142857137,-0.06000000000000005,-21.0,1.2099999999999995,146.33333333333334,1.2457142857142858,160.0,-0.5511016400745998,0.8344381237138475
2022-11-29,1.09,105.0,0.0,0,4.663439094112067,1.14,4.812184355372417,1.2,4.969813299576001,4.6000000000000005,5.9999999999999964,0.8571428571428567,-0.04999999999999982,-17.0,1.1433333333333329,123.33333333333333,1.2614285714285713,164.14285714285714,-0.5366961939916011,0.8437755598231853
2022-11-30,1.06,97.0,0.0,0,4.584967478670572,1.09,4.663439094112067,1.14,4.812184355372417,0.0,5.599999999999996,0.7999999999999995,-0.030000000000000027,-8.0,1.0966666666666665,108.0,1.2200000000000002,150.14285714285714,-0.5221325810768248,0.8528643314021598
2022-12-01,1.46,233.0,0.0,0,5.455321115357702,1.06,4.584967478670572,1.09,4.663439094112067,0.0,4.799999999999996,0.6857142857142852,0.3999999999999999,136.0,1.2033333333333331,145.0,1.2285714285714284,153.14285714285714,-0.5074150932938463,0.8617017599480677
2022-12-02,1.41,216.0,0.0,0,5.37989735354046,1.46,5.455321115357702,1.06,4.584967478670572,0.0,4.599999999999996,0.6571428571428566,-0.050000000000000044,-17.0,1.3099999999999996,182.0,1.2357142857142858,155.71428571428572,-0.4925480679538645,0.8702852410301551
2022-12-03,1.17,132.0,0.4,0,4.890349128221754,1.41,5.37989735354046,1.46,5.455321115357702,0.4000000000000009,4.9999999999999964,0.7142857142857137,-0.24,-84.0,1.3466666666666665,193.66666666666666,1.2185714285714284,149.71428571428572,-0.47753588643748845,0.8786122450571482
2022-12-04,1.06,97.0,0.0,0,4.584967478670572,1.17,4.890349128221754,1.41,5.37989735354046,0.4000000000000009,0.39999999999999647,0.05714285714285664,-0.10999999999999988,-35.0,1.213333333333333,148.33333333333334,1.1985714285714286,143.14285714285714,-0.4623829729035152,0.8866803180227398
2022-12-05,0.95,69.0,1.4,0,4.248495242049359,1.06,4.584967478670572,1.17,4.890349128221754,1.8000000000000007,1.7999999999999963,0.2571428571428566,-0.1100000000000001,-28.0,1.0599999999999996,99.33333333333333,1.1714285714285713,135.57142857142858,-0.44709379298511437,0.8944870822287954
2022-12-06,0.94,67.0,0.2,0,4.219507705176107,0.95,4.248495242049359,1.06,4.584967478670572,1.6000000000000008,1.9999999999999962,0.2857142857142852,-0.010000000000000009,-2.0,0.9833333333333328,77.66666666666667,1.1500000000000001,130.14285714285714,-0.43167285247378356,0.9020302369860709
2022-12-07,0.93,64.0,0.0,0,4.174387269895637,0.94,4.219507705176107,0.95,4.248495242049359,1.6000000000000005,1.9999999999999962,0.2857142857142852,-0.009999999999999898,-3.0,0.9399999999999996,66.66666666666667,1.1314285714285712,125.42857142857143,-0.4161246959914751,0.9093075592922355
2022-12-08,0.91,59.0,6.2,0,4.0943445622221,0.93,4.174387269895637,0.94,4.219507705176107,6.4,8.199999999999996,1.1714285714285708,-0.020000000000000018,-5.0,0.9266666666666663,63.333333333333336,1.0528571428571427,100.57142857142857,-0.4004539056512665,0.9163169044870048
2022-12-09,0.91,59.0,8.0,0,4.0943445622221,0.91,4.0943445622221,0.93,4.174387269895637,14.2,16.199999999999996,2.3142857142857136,0.0,0.0,0.9166666666666664,60.666666666666664,0.9814285714285714,78.14285714285714,-0.3846650997070013,0.923056206884176
2022-12-10,0.91,59.0,0.0,0,4.0943445622221,0.91,4.0943445622221,0.91,4.0943445622221,14.2,15.799999999999995,2.2571428571428567,0.0,0.0,0.91,59.0,0.9442857142857143,67.71428571428571,-0.3687629311922604,0.9295234803804002
2022-12-11,0.97,74.0,1.4,0,4.31748811353631,0.91,4.0943445622221,0.91,4.0943445622221,9.4,17.199999999999996,2.4571428571428564,0.05999999999999994,15.0,0.9299999999999997,64.0,0.9314285714285714,64.42857142857143,-0.3527520865490943,0.9357168190404939
2022-12-12,1.01,84.0,0.8,0,4.442651256490317,0.97,4.31748811353631,0.91,4.0943445622221,2.2,16.599999999999998,2.371428571428571,0.040000000000000036,10.0,0.9633333333333329,72.33333333333333,0.9400000000000001,66.57142857142857,-0.3366372842469107,0.9416343976591258
2022-12-13,1.03,89.0,19.8,0,4.499809670330265,1.01,4.442651256490317,0.97,4.31748811353631,22.0,36.2,5.171428571428572,0.020000000000000018,5.0,1.003333333333333,82.33333333333333,0.9528571428571428,69.71428571428571,-0.3204232733919109,0.947274472298717
2022-12-14,1.08,103.0,0.8,0,4.6443908991413725,1.03,4.499809670330265,1.01,4.442651256490317,21.400000000000002,37.0,5.285714285714286,0.050000000000000044,14.0,1.0399999999999998,92.0,0.9742857142857143,75.28571428571429,-0.30411483232751857,0.9526353808033823
2022-12-15,1.2,143.0,0.0,0,4.969813299576001,1.08,4.6443908991413725,1.03,4.499809670330265,20.6,30.799999999999997,4.3999999999999995,0.11999999999999988,40.0,1.1033333333333328,111.66666666666667,1.0157142857142858,87.28571428571429,-0.28771676722616696,0.9577155432887803
2022-12-16,1.24,156.0,0.0,0,5.056245805348308,1.2,4.969813299576001,1.08,4.6443908991413725,0.8,22.799999999999997,3.2571428571428567,0.040000000000000036,13.0,1.173333333333333,134.0,1.062857142857143,101.14285714285714,-0.27123391067291097,0.9625134626077079
2022-12-17,1.26,163.0,0.0,0,5.099866427824199,1.24,5.056245805348308,1.2,4.969813299576001,0.0,22.799999999999997,3.2571428571428567,0.020000000000000018,7.0,1.2333333333333327,154.0,1.1128571428571428,116.0,-0.25467112024122895,0.9670277247913203
2022-12-18,1.25,160.0,0.0,0,5.081404364984463,1.26,5.099866427824199,1.24,5.056245805348308,0.0,21.4,3.057142857142857,-0.010000000000000009,-3.0,1.2499999999999998,159.66666666666666,1.1528571428571428,128.28571428571428,-0.23803327706148678,0.9712569994658311
2022-12-19,1.23,153.0,0.0,0,5.0369526024136295,1.25,5.081404364984463,1.26,5.099866427824199,0.0,20.599999999999998,2.9428571428571426,-0.020000000000000018,-7.0,1.2466666666666661,158.66666666666666,1.1842857142857144,138.14285714285714,-0.22132528438243296,0.9752000402445824
2022-12-20,1.17,132.0,0.2,0,4.890349128221754,1.23,5.0369526024136295,1.25,5.081404364984463,0.2,0.9999999999999964,0.14285714285714235,-0.06000000000000005,-21.0,1.2166666666666661,148.33333333333334,1.2042857142857142,144.28571428571428,-0.2045520661262005,0.9788556850953579
2022-12-21,1.12,115.0,0.0,0,4.7535901911063645,1.17,4.890349128221754,1.23,5.0369526024136295,0.2,0.19999999999999646,0.028571428571428064,-0.04999999999999982,-17.0,1.173333333333333,133.33333333333334,1.2100000000000002,146.0,-0.1877185654371994,0.9822228566828405
2022-12-22,1.04,92.0,0.0,0,4.532599493153256,1.12,4.7535901911063645,1.17,4.890349128221754,0.2,0.19999999999999646,0.028571428571428064,-0.08000000000000007,-23.0,1.1099999999999997,113.0,1.1871428571428573,138.71428571428572,-0.17082974322534408,0.985300562686109
2022-12-23,1.01,84.0,0.0,0,4.442651256490317,1.04,4.532599493153256,1.12,4.7535901911063645,0.0,0.19999999999999646,0.028571428571428064,-0.030000000000000027,-8.0,1.0566666666666664,97.0,1.1542857142857144,128.42857142857142,-0.1538905767040627,0.9880878960910771
2022-12-24,0.99,79.0,0.0,0,4.382026634673881,1.01,4.442651256490317,1.04,4.532599493153256,0.0,0.19999999999999646,0.028571428571428064,-0.020000000000000018,-5.0,1.013333333333333,85.0,1.1157142857142859,116.42857142857143,-0.1369060579234754,0.9905840354577969
2022-12-25,0.98,76.0,0.0,0,4.343805421853684,0.99,4.382026634673881,1.01,4.442651256490317,0.0,0.19999999999999646,0.028571428571428064,-0.010000000000000009,-3.0,0.9933333333333328,79.66666666666667,1.0771428571428572,104.42857142857143,-0.1198811922992275,0.99278824516254
2022-12-26,0.96,71.0,0.0,0,4.276666119016055,0.98,4.343805421853684,0.99,4.382026634673881,0.0,0.19999999999999646,0.028571428571428064,-0.020000000000000018,-5.0,0.9766666666666662,75.33333333333333,1.0385714285714287,92.71428571428571,-0.1028209971373608,0.9946998756145891
2022-12-27,0.95,69.0,0.0,0,4.248495242049359,0.96,4.276666119016055,0.98,4.343805421853684,0.0,0.0,0.0,-0.010000000000000009,-2.0,0.9633333333333329,72.0,1.0071428571428571,83.71428571428571,-0.08573050015569487,0.9963183634476755
2022-12-28,0.94,67.0,0.0,0,4.219507705176107,0.95,4.248495242049359,0.96,4.276666119016055,0.0,0.0,0.0,-0.010000000000000009,-2.0,0.9499999999999996,69.0,0.9814285714285713,76.85714285714286,-0.06861473800213468,0.9976432316860063
2022-12-29,0.91,59.0,0.6,0,4.0943445622221,0.94,4.219507705176107,0.95,4.248495242049359,0.6,0.5999999999999964,0.0857142857142852,-0.029999999999999916,-8.0,0.933333333333333,65.0,0.9628571428571429,72.14285714285714,-0.05147875477034641,0.9986740898848305
2022-12-30,0.91,59.0,0.0,0,4.0943445622221,0.91,4.0943445622221,0.94,4.219507705176107,0.6,0.5999999999999964,0.0857142857142852,0.0,0.0,0.9199999999999996,61.666666666666664,0.9485714285714285,68.57142857142857,-0.034327600513243496,0.9994106342455052
2022-12-31,0.9,57.0,0.0,0,4.060443010546419,0.91,4.0943445622221,0.91,4.0943445622221,0.6,0.5999999999999964,0.0857142857142852,-0.010000000000000009,-2.0,0.9066666666666663,58.333333333333336,0.9357142857142858,65.42857142857143,-0.017166329754707492,0.9998526477050269
2023-01-01,0.94,67.0,0.0,0,4.219507705176107,0.9,4.060443010546419,0.91,4.0943445622221,0.0,0.5999999999999964,0.0857142857142852,0.039999999999999925,10.0,0.9166666666666662,61.0,0.9299999999999999,64.14285714285714,0.01716632975470737,0.9998526477050269
2023-01-02,0.98,76.0,0.0,0,4.343805421853684,0.94,4.219507705176107,0.9,4.060443010546419,0.0,0.5999999999999964,0.0857142857142852,0.040000000000000036,9.0,0.9399999999999996,66.66666666666667,0.9328571428571429,64.85714285714286,0.034327600513243496,0.9994106342455052
2023-01-03,0.99,79.0,0.0,0,4.382026634673881,0.98,4.343805421853684,0.94,4.219507705176107,0.0,0.5999999999999964,0.0857142857142852,0.010000000000000009,3.0,0.9699999999999996,74.0,0.9385714285714285,66.28571428571429,0.05147875477034653,0.9986740898848305
2023-01-04,0.99,79.0,0.0,0,4.382026634673881,0.99,4.382026634673881,0.98,4.343805421853684,0.0,0.5999999999999964,0.0857142857142852,0.0,0.0,0.9866666666666664,78.0,0.9457142857142857,68.0,0.06861473800213404,0.9976432316860063
2023-01-05,0.98,76.0,0.0,0,4.343805421853684,0.99,4.382026634673881,0.99,4.382026634673881,0.0,0.0,0.0,-0.010000000000000009,-3.0,0.9866666666666664,78.0,0.9557142857142857,70.42857142857143,0.08573050015569435,0.9963183634476755
2023-01-06,0.95,69.0,0.0,0,4.248495242049359,0.98,4.343805421853684,0.99,4.382026634673881,0.0,0.0,0.0,-0.030000000000000027,-7.0,0.9733333333333328,74.66666666666667,0.9614285714285714,71.85714285714286,0.1028209971373604,0.9946998756145891
2023-01-07,0.91,59.0,0.0,0,4.0943445622221,0.95,4.248495242049359,0.98,4.343805421853684,0.0,0.0,0.0,-0.039999999999999925,-10.0,0.9466666666666663,68.0,0.9628571428571427,72.14285714285714,0.11988119229922722,0.99278824516254
2023-01-08,0.91,59.0,1.2,0,4.0943445622221,0.91,4.0943445622221,0.95,4.248495242049359,1.2,1.1999999999999964,0.1714285714285709,0.0,0.0,0.923333333333333,62.333333333333336,0.9585714285714285,71.0,0.13690605792347524,0.990584035457797
2023-01-09,0.91,59.0,0.0,0,4.0943445622221,0.91,4.0943445622221,0.91,4.0943445622221,1.2,1.1999999999999964,0.1714285714285709,0.0,0.0,0.91,59.0,0.9485714285714285,68.57142857142857,0.15389057670406178,0.9880878960910772
2023-01-10,1.22,149.0,0.0,0,5.0106352940962555,0.91,4.0943445622221,0.91,4.0943445622221,1.2,1.1999999999999964,0.1714285714285709,0.30999999999999994,90.0,1.013333333333333,89.0,0.9814285714285714,78.57142857142857,0.17082974322534417,0.985300562686109
2023-01-11,1.38,205.0,0.0,0,5.327876168789581,1.22,5.0106352940962555,0.91,4.0943445622221,0.0,1.1999999999999964,0.1714285714285709,0.15999999999999992,56.0,1.1699999999999997,137.66666666666666,1.0371428571428571,96.57142857142857,0.1877185654371987,0.9822228566828407
2023-01-12,1.28,170.0,0.0,0,5.14166355650266,1.38,5.327876168789581,1.22,5.0106352940962555,0.0,1.1999999999999964,0.1714285714285709,-0.09999999999999987,-35.0,1.2933333333333328,174.66666666666666,1.0799999999999998,110.0,0.2045520661262008,0.9788556850953578
2023-01-13,1.2,143.0,0.0,0,4.969813299576001,1.28,5.14166355650266,1.38,5.327876168789581,0.0,1.1999999999999964,0.1714285714285709,-0.08000000000000007,-27.0,1.2866666666666662,172.66666666666666,1.1157142857142859,120.57142857142857,0.22132528438243257,0.9752000402445825
2023-01-14,1.13,118.0,0.0,0,4.77912349311153,1.2,4.969813299576001,1.28,5.14166355650266,0.0,1.1999999999999964,0.1714285714285709,-0.07000000000000006,-25.0,1.203333333333333,143.66666666666666,1.147142857142857,129.0,0.2380332770614856,0.9712569994658314
2023-01-15,1.1,108.0,0.0,0,4.6913478822291435,1.13,4.77912349311153,1.2,4.969813299576001,0.0,0.0,0.0,-0.029999999999999805,-10.0,1.1433333333333329,123.0,1.1742857142857144,136.0,0.2546711202412287,0.9670277247913204
2023-01-16,1.09,105.0,5.6,0,4.663439094112067,1.1,4.6913478822291435,1.13,4.77912349311153,5.6,5.599999999999996,0.7999999999999995,-0.010000000000000009,-3.0,1.1066666666666662,110.33333333333333,1.2,142.57142857142858,0.27123391067291003,0.9625134626077081
2023-01-17,1.1,108.0,0.4,0,4.6913478822291435,1.09,4.663439094112067,1.1,4.6913478822291435,6.0,5.9999999999999964,0.8571428571428567,0.010000000000000009,3.0,1.0966666666666665,107.0,1.182857142857143,136.71428571428572,0.287716767226167,0.9577155432887803
2023-01-18,2.18,520.0,0.6,0,6.255750041753367,1.1,4.6913478822291435,1.09,4.663439094112067,6.6,6.599999999999996,0.9428571428571423,1.08,412.0,1.4566666666666663,244.33333333333334,1.2971428571428572,181.71428571428572,0.30411483232751785,0.9526353808033826
2023-01-19,2.52,667.0,0.6,0,6.504288173536645,2.18,6.255750041753367,1.1,4.6913478822291435,1.6,7.199999999999996,1.028571428571428,0.33999999999999986,147.0,1.933333333333333,431.6666666666667,1.4742857142857144,252.71428571428572,0.3204232733919111,0.9472744722987169
2023-01-20,2.46,640.0,0.0,0,6.46302945692067,2.52,6.504288173536645,2.18,6.255750041753367,1.2000000000000002,7.199999999999996,1.028571428571428,-0.06000000000000005,-27.0,2.3866666666666663,609.0,1.6542857142857146,323.7142857142857,0.33663728424691025,0.9416343976591259
2023-01-21,2.34,589.0,0.0,0,6.380122536899765,2.46,6.46302945692067,2.52,6.504288173536645,0.6,7.199999999999996,1.028571428571428,-0.1200000000000001,-51.0,2.4399999999999995,632.0,1.827142857142857,391.0,0.3527520865490948,0.9357168190404936
2023-01-22,2.41,618.0,0.0,0,6.428105272684596,2.34,6.380122536899765,2.46,6.46302945692067,0.0,7.199999999999996,1.028571428571428,0.07000000000000028,29.0,2.403333333333333,615.6666666666666,2.0142857142857147,463.85714285714283,0.3687629311922601,0.9295234803804003
2023-01-23,2.38,606.0,0.0,0,6.408528791059498,2.41,6.428105272684596,2.34,6.380122536899765,0.0,1.5999999999999965,0.22857142857142806,-0.03000000000000025,-12.0,2.3766666666666665,604.3333333333334,2.198571428571429,535.4285714285714,0.3846650997070012,0.9230562068841761
2023-01-24,1.89,397.0,0.0,0,5.986452005284438,2.38,6.408528791059498,2.41,6.428105272684596,0.0,1.1999999999999966,0.17142857142857096,-0.49,-209.0,2.226666666666666,540.3333333333334,2.3114285714285714,576.7142857142857,0.40045390565126643,0.9163169044870048
2023-01-25,1.63,296.0,0.0,0,5.6937321388027,1.89,5.986452005284438,2.38,6.408528791059498,0.0,0.5999999999999964,0.0857142857142852,-0.26,-101.0,1.9666666666666666,433.0,2.2328571428571427,544.7142857142857,0.41612469599147445,0.9093075592922358
2023-01-26,1.51,251.0,0.0,0,5.529429087511423,1.63,5.6937321388027,1.89,5.986452005284438,0.0,0.0,0.0,-0.11999999999999988,-45.0,1.6766666666666665,314.6666666666667,2.0885714285714285,485.2857142857143,0.43167285247378384,0.9020302369860707
2023-01-27,1.41,216.0,0.0,0,5.37989735354046,1.51,5.529429087511423,1.63,5.6937321388027,0.0,0.0,0.0,-0.10000000000000009,-35.0,1.5166666666666664,254.33333333333334,1.9385714285714286,424.7142857142857,0.44709379298511387,0.8944870822287956
2023-01-28,1.46,233.0,0.0,0,5.455321115357702,1.41,5.37989735354046,1.51,5.529429087511423,0.0,0.0,0.0,0.050000000000000044,17.0,1.4599999999999997,233.33333333333334,1.812857142857143,373.85714285714283,0.4623829729035149,0.88668031802274
2023-01-29,1.54,262.0,0.0,0,5.572154032177765,1.46,5.455321115357702,1.41,5.37989735354046,0.0,0.0,0.0,0.08000000000000007,29.0,1.4699999999999998,237.0,1.6885714285714286,323.0,0.47753588643748823,0.8786122450571483
2023-01-30,1.52,254.0,0.0,0,5.541263545158426,1.54,5.572154032177765,1.46,5.455321115357702,0.0,0.0,0.0,-0.020000000000000018,-8.0,1.5066666666666662,249.66666666666666,1.5657142857142856,272.7142857142857,0.4925480679538643,0.8702852410301553
2023-01-31,1.46,233.0,0.0,0,5.455321115357702,1.52,5.541263545158426,1.54,5.572154032177765,0.0,0.0,0.0,-0.06000000000000005,-21.0,1.5066666666666662,249.66666666666666,1.5042857142857142,249.28571428571428,0.5074150932938455,0.8617017599480682
2023-02-01,1.39,209.0,0.0,0,5.3471075307174685,1.46,5.455321115357702,1.52,5.541263545158426,0.0,0.0,0.0,-0.07000000000000006,-24.0,1.4566666666666663,232.0,1.47,236.85714285714286,0.5221325810768248,0.8528643314021597
2023-02-02,1.32,184.0,0.0,0,5.220355825078324,1.39,5.3471075307174685,1.46,5.455321115357702,0.0,0.0,0.0,-0.06999999999999984,-25.0,1.3899999999999997,208.66666666666666,1.4428571428571428,227.28571428571428,0.5366961939916004,0.8437755598231856
2023-02-03,1.33,188.0,0.0,0,5.241747015059643,1.32,5.220355825078324,1.39,5.3471075307174685,0.0,0.0,0.0,0.010000000000000009,4.0,1.3466666666666665,193.66666666666666,1.4314285714285713,223.28571428571428,0.5511016400746002,0.8344381237138473
2023-02-04,1.35,195.0,0.0,0,5.278114659230517,1.33,5.241747015059643,1.32,5.220355825078324,0.0,0.0,0.0,0.020000000000000018,7.0,1.333333333333333,189.0,1.4157142857142857,217.85714285714286,0.5653446739747429,0.8248547748594244
2023-02-05,1.37,202.0,0.0,0,5.313205979041787,1.35,5.278114659230517,1.33,5.241747015059643,0.0,0.0,0.0,0.020000000000000018,7.0,1.3499999999999996,195.0,1.3914285714285715,209.28571428571428,0.5794210982045637,0.8150283375168114
2023-02-06,1.33,188.0,0.0,0,5.241747015059643,1.37,5.313205979041787,1.35,5.278114659230517,0.0,0.0,0.0,-0.040000000000000036,-14.0,1.3499999999999996,195.0,1.3642857142857143,199.85714285714286,0.593326764377232,0.8049617075821959
2023-02-07,1.3,177.0,8.2,0,5.181783550292085,1.33,5.241747015059643,1.37,5.313205979041787,8.2,8.199999999999996,1.1714285714285708,-0.030000000000000027,-11.0,1.3333333333333333,189.0,1.3414285714285714,191.85714285714286,0.6070575744291002,0.7946578517376252
2023-02-08,1.3,177.0,0.0,0,5.181783550292085,1.3,5.181783550292085,1.33,5.241747015059643,8.2,8.199999999999996,1.1714285714285708,0.0,0.0,1.3099999999999996,180.66666666666666,1.3285714285714285,187.28571428571428,0.6206094818274227,0.7841198065767104
2023-02-09,1.3,177.0,0.0,0,5.181783550292085,1.3,5.181783550292085,1.3,5.181783550292085,8.2,8.199999999999996,1.1714285714285708,0.0,0.0,1.3,177.0,1.3257142857142858,186.28571428571428,0.6339784927628866,0.7733506777097299
2023-02-10,1.28,170.0,0.0,0,5.14166355650266,1.3,5.181783550292085,1.3,5.181783550292085,0.0,8.199999999999996,1.1714285714285708,-0.020000000000000018,-7.0,1.293333333333333,174.66666666666666,1.3185714285714287,183.71428571428572,0.647160667326606,0.7623536388483904
2023-02-11,1.25,160.0,0.0,0,5.081404364984463,1.28,5.14166355650266,1.3,5.181783550292085,0.0,8.199999999999996,1.1714285714285708,-0.030000000000000027,-10.0,1.2766666666666664,169.0,1.3042857142857145,178.71428571428572,0.6601521206712317,0.7511319308705199
2023-02-12,1.23,153.0,0.0,0,5.0369526024136295,1.25,5.081404364984463,1.28,5.14166355650266,0.0,8.199999999999996,1.1714285714285708,-0.020000000000000018,-7.0,1.253333333333333,161.0,1.2842857142857143,171.71428571428572,0.6729490241558329,0.7396888608649668
2023-02-13,1.17,132.0,0.0,0,4.890349128221754,1.23,5.0369526024136295,1.25,5.081404364984463,0.0,8.199999999999996,1.1714285714285708,-0.06000000000000005,-21.0,1.2166666666666661,148.33333333333334,1.2614285714285713,163.71428571428572,0.6855476064742154,0.7280278011569848
2023-02-14,1.16,129.0,0.0,0,4.867534450455582,1.17,4.890349128221754,1.23,5.0369526024136295,0.0,0.0,0.0,-0.010000000000000009,-3.0,1.1866666666666663,138.0,1.2414285714285713,156.85714285714286,0.6979441547663435,0.7161521883143933
2023-02-15,1.14,122.0,0.0,0,4.812184355372417,1.16,4.867534450455582,1.17,4.890349128221754,0.0,0.0,0.0,-0.020000000000000018,-7.0,1.1566666666666663,127.66666666666667,1.2185714285714284,149.0,0.7101350157125358,0.7040655221348057
2023-02-16,1.12,115.0,0.0,0,4.7535901911063645,1.14,4.812184355372417,1.16,4.867534450455582,0.0,0.0,0.0,-0.019999999999999796,-7.0,1.1399999999999997,122.0,1.1928571428571428,140.14285714285714,0.7221165966101162,0.6917713646142218
2023-02-17,1.13,118.0,0.0,0,4.77912349311153,1.12,4.7535901911063645,1.14,4.812184355372417,0.0,0.0,0.0,0.009999999999999787,3.0,1.1299999999999997,118.33333333333333,1.1714285714285713,132.71428571428572,0.733885366432199,0.6792733388972931
2023-02-18,1.15,125.0,0.0,0,4.836281906951478,1.13,4.77912349311153,1.12,4.7535901911063645,0.0,0.0,0.0,0.020000000000000018,7.0,1.133333333333333,119.33333333333333,1.157142857142857,127.71428571428571,0.7454378568683001,0.6665751282095632
2023-02-19,1.15,125.0,0.0,0,4.836281906951478,1.15,4.836281906951478,1.13,4.77912349311153,0.0,0.0,0.0,0.0,0.0,1.1433333333333329,122.66666666666667,1.1457142857142857,123.71428571428571,0.7567706633464626,0.653680474772006
2023-02-20,1.14,122.0,0.0,0,4.812184355372417,1.15,4.836281906951478,1.15,4.836281906951478,0.0,0.0,0.0,-0.010000000000000009,-3.0,1.1466666666666663,124.0,1.1414285714285715,122.28571428571429,0.7678804460366,0.6405931786981751
2023-02-21,1.13,118.0,0.0,0,4.77912349311153,1.14,4.812184355372417,1.15,4.836281906951478,0.0,0.0,0.0,-0.010000000000000009,-4.0,1.1399999999999997,121.66666666666667,1.137142857142857,120.71428571428571,0.7787639308347607,0.6273170968742937
2023-02-22,1.22,149.0,0.0,0,5.0106352940962555,1.13,4.77912349311153,1.14,4.812184355372417,0.0,0.0,0.0,0.09000000000000008,31.0,1.1633333333333329,129.66666666666666,1.1485714285714284,124.57142857142857,0.7894179103280197,0.613856141822612
2023-02-23,1.24,156.0,5.0,0,5.056245805348308,1.22,5.0106352940962555,1.13,4.77912349311153,5.0,4.9999999999999964,0.7142857142857137,0.020000000000000018,7.0,1.1966666666666663,141.0,1.1657142857142857,130.42857142857142,0.7998392447397193,0.6002142805483682
2023-02-24,1.22,149.0,0.0,0,5.0106352940962555,1.24,5.056245805348308,1.22,5.0106352940962555,5.0,4.9999999999999964,0.7142857142857137,-0.020000000000000018,-7.0,1.2266666666666663,151.33333333333334,1.1785714285714286,134.85714285714286,0.8100248628547753,0.5863955333706956
2023-02-25,1.39,209.0,0.0,0,5.3471075307174685,1.22,5.0106352940962555,1.24,5.056245805348308,5.0,4.9999999999999964,0.7142857142857137,0.16999999999999993,60.0,1.283333333333333,171.33333333333334,1.2128571428571426,146.85714285714286,0.8199717629247771,0.5724039727378148
2023-02-26,1.39,209.0,0.0,0,5.3471075307174685,1.39,5.3471075307174685,1.22,5.0106352940962555,0.0,4.9999999999999964,0.7142857142857137,0.0,0.0,1.333333333333333,189.0,1.247142857142857,158.85714285714286,0.8296770135526188,0.5582437220268648
2023-02-27,1.31,181.0,0.0,0,5.204006687076795,1.39,5.3471075307174685,1.39,5.3471075307174685,0.0,4.9999999999999964,0.7142857142857137,-0.07999999999999985,-28.0,1.363333333333333,199.66666666666666,1.2714285714285711,167.28571428571428,0.8391377545563938,0.5439189543287247
2023-02-28,1.25,160.0,0.0,0,5.081404364984463,1.31,5.204006687076795,1.39,5.3471075307174685,0.0,4.9999999999999964,0.7142857142857137,-0.06000000000000005,-21.0,1.3166666666666664,183.33333333333334,1.2885714285714285,173.28571428571428,0.8483511978123038,0.5294338912181853
2023-03-01,1.19,139.0,0.0,0,4.941642422609304,1.25,5.081404364984463,1.31,5.204006687076795,0.0,4.9999999999999964,0.7142857142857137,-0.06000000000000005,-21.0,1.2499999999999998,160.0,1.2842857142857143,171.85714285714286,0.8573146280763322,0.5147928015098309
2023-03-02,1.14,122.0,0.0,0,4.812184355372417,1.19,4.941642422609304,1.25,5.081404364984463,0.0,0.0,0.0,-0.050000000000000044,-17.0,1.193333333333333,140.33333333333334,1.2699999999999998,167.0,0.8660254037844386,0.5000000000000001
2023-03-03,1.1,108.0,0.0,0,4.6913478822291435,1.14,4.812184355372417,1.19,4.941642422609304,0.0,0.0,0.0,-0.039999999999999813,-14.0,1.143333333333333,123.0,1.252857142857143,161.14285714285714,0.8744809578310397,0.4850598461951962
2023-03-04,1.06,97.0,0.0,0,4.584967478670572,1.1,4.6913478822291435,1.14,4.812184355372417,0.0,0.0,0.0,-0.040000000000000036,-11.0,1.0999999999999999,109.0,1.2057142857142857,145.14285714285714,0.8826787983255474,0.46997674302731995
2023-03-05,1.05,95.0,0.0,0,4.564348191467836,1.06,4.584967478670572,1.1,4.6913478822291435,0.0,0.0,0.0,-0.010000000000000009,-2.0,1.0699999999999996,100.0,1.157142857142857,128.85714285714286,0.8906165093267404,0.4547551355561058
2023-03-06,1.07,100.0,0.0,0,4.61512051684126,1.05,4.564348191467836,1.06,4.584967478670572,0.0,0.0,0.0,0.020000000000000018,5.0,1.0599999999999998,97.33333333333333,1.1228571428571428,117.28571428571429,0.8982917515547528,0.4393995096591417
2023-03-07,1.04,92.0,0.0,0,4.532599493153256,1.07,4.61512051684126,1.05,4.564348191467836,0.0,0.0,0.0,-0.030000000000000027,-8.0,1.053333333333333,95.66666666666667,1.092857142857143,107.57142857142857,0.9057022630804714,0.42391439070986076
2023-03-08,1.02,86.0,0.0,0,4.465908118654584,1.04,4.532599493153256,1.07,4.61512051684126,0.0,0.0,0.0,-0.020000000000000018,-6.0,1.0433333333333332,92.66666666666667,1.0685714285714287,100.0,0.9128458599921356,0.40830434224389334
2023-03-09,1.02,86.0,1.4,0,4.465908118654584,1.02,4.465908118654584,1.04,4.532599493153256,1.4,1.3999999999999964,0.19999999999999948,0.0,0.0,1.0266666666666664,88.0,1.0514285714285714,94.85714285714286,0.9197204370389467,0.3925739646141717
2023-03-10,1.24,156.0,0.0,0,5.056245805348308,1.02,4.465908118654584,1.02,4.465908118654584,1.4,1.3999999999999964,0.19999999999999948,0.21999999999999997,70.0,1.093333333333333,109.33333333333333,1.0714285714285714,101.71428571428571,0.926323968251495,0.3767278936351851
2023-03-11,1.29,174.0,0.0,0,5.1647859739235145,1.24,5.056245805348308,1.02,4.465908118654584,1.4,1.3999999999999964,0.19999999999999948,0.050000000000000044,18.0,1.183333333333333,138.66666666666666,1.1042857142857143,112.71428571428571,0.9326545075388224,0.36077079921678346
2023-03-12,1.28,170.0,0.0,0,5.14166355650266,1.29,5.1647859739235145,1.24,5.056245805348308,0.0,1.3999999999999964,0.19999999999999948,-0.010000000000000009,-4.0,1.2699999999999998,166.66666666666666,1.1371428571428572,123.42857142857143,0.9387101892619443,0.3447073839879338
2023-03-13,1.23,153.0,0.0,0,5.0369526024136295,1.28,5.14166355650266,1.29,5.1647859739235145,0.0,1.3999999999999964,0.19999999999999948,-0.050000000000000044,-17.0,1.2666666666666664,165.66666666666666,1.1600000000000001,131.0,0.9444892287836613,0.32854238191083485
2023-03-14,1.22,149.0,0.0,0,5.0106352940962555,1.23,5.0369526024136295,1.28,5.14166355650266,0.0,1.3999999999999964,0.19999999999999948,-0.010000000000000009,-4.0,1.243333333333333,157.33333333333334,1.1857142857142855,139.14285714285714,0.949989922994501,0.3122805568857947
2023-03-15,1.19,139.0,0.0,0,4.941642422609304,1.22,5.0106352940962555,1.23,5.0369526024136295,0.0,1.3999999999999964,0.19999999999999948,-0.030000000000000027,-10.0,1.213333333333333,147.0,1.2100000000000002,146.71428571428572,0.9552106508146316,0.2959267013472893
2023-03-16,1.12,115.0,0.0,0,4.7535901911063645,1.19,4.941642422609304,1.22,5.0106352940962555,0.0,0.0,0.0,-0.06999999999999984,-24.0,1.1766666666666665,134.33333333333334,1.2242857142857144,150.85714285714286,0.9601498736716018,0.2794856348516095
2023-03-17,1.05,95.0,0.0,0,4.564348191467836,1.12,4.7535901911063645,1.19,4.941642422609304,0.0,0.0,0.0,-0.07000000000000006,-20.0,1.1199999999999999,116.33333333333333,1.1971428571428573,142.14285714285714,0.9648061359537645,0.2629622026565149
2023-03-18,1.02,86.0,0.4,0,4.465908118654584,1.05,4.564348191467836,1.12,4.7535901911063645,0.4,0.39999999999999647,0.05714285714285664,-0.030000000000000027,-9.0,1.063333333333333,98.66666666666667,1.1585714285714286,129.57142857142858,0.9691780654392536,0.2463612742933148
2023-03-19,0.99,79.0,0.0,0,4.382026634673881,1.02,4.465908118654584,1.05,4.564348191467836,0.4,0.39999999999999647,0.05714285714285664,-0.030000000000000027,-7.0,1.0199999999999998,86.66666666666667,1.1171428571428572,116.57142857142857,0.9732643737003824,0.22968774213179574
2023-03-20,0.97,74.0,0.0,0,4.31748811353631,0.99,4.382026634673881,1.02,4.465908118654584,0.4,0.39999999999999647,0.05714285714285664,-0.020000000000000018,-5.0,0.9933333333333331,79.66666666666667,1.0799999999999998,105.28571428571429,0.9770638564833508,0.21294651993841582
2023-03-21,1.0,81.0,0.0,0,4.406719247264253,0.97,4.31748811353631,0.99,4.382026634673881,0.0,0.39999999999999647,0.05714285714285664,0.030000000000000027,7.0,0.9866666666666664,78.0,1.0485714285714285,95.57142857142857,0.9805753940631429,0.19614254142819698
2023-03-22,0.98,76.0,0.0,0,4.343805421853684,1.0,4.406719247264253,0.97,4.31748811353631,0.0,0.39999999999999647,0.05714285714285664,-0.020000000000000018,-5.0,0.9833333333333331,77.0,1.0185714285714287,86.57142857142857,0.9837979515735163,0.17928075881073577
2023-03-23,0.96,71.0,0.0,0,4.276666119016055,0.98,4.343805421853684,1.0,4.406719247264253,0.0,0.39999999999999647,0.05714285714285664,-0.020000000000000018,-5.0,0.9799999999999996,76.0,0.9957142857142858,80.28571428571429,0.9867305793119814,0.162366141330764
2023-03-24,0.94,67.0,0.0,0,4.219507705176107,0.96,4.276666119016055,0.98,4.343805421853684,0.0,0.39999999999999647,0.05714285714285664,-0.020000000000000018,-4.0,0.9599999999999996,71.33333333333333,0.9799999999999999,76.28571428571429,0.989372413019683,0.14540367380368976
2023-03-25,0.91,59.0,0.0,0,4.0943445622221,0.94,4.219507705176107,0.96,4.276666119016055,0.0,0.0,0.0,-0.029999999999999916,-8.0,0.9366666666666664,65.66666666666667,0.9642857142857143,72.42857142857143,0.9917226741361015,0.12839835514655099
2023-03-26,0.88,53.0,0.0,0,3.9889840465642745,0.91,4.0943445622221,0.94,4.219507705176107,0.0,0.0,0.0,-0.030000000000000027,-6.0,0.9099999999999997,59.666666666666664,0.9485714285714285,68.71428571428571,0.9937806700284985,0.11135519690480875
2023-03-27,0.87,52.0,0.0,0,3.970291913552122,0.88,3.9889840465642745,0.91,4.0943445622221,0.0,0.0,0.0,-0.010000000000000009,-1.0,0.8866666666666664,54.666666666666664,0.9342857142857143,65.57142857142857,0.9955457941960382,0.09427922177542453
2023-03-28,0.88,53.0,0.0,0,3.9889840465642745,0.87,3.970291913552122,0.88,3.9889840465642745,0.0,0.0,0.0,0.010000000000000009,1.0,0.8766666666666664,52.666666666666664,0.9171428571428571,61.57142857142857,0.9970175264485267,0.07717546212664653
2023-03-29,0.85,48.0,0.0,0,3.8918202981106265,0.88,3.9889840465642745,0.87,3.970291913552122,0.0,0.0,0.0,-0.030000000000000027,-5.0,0.8666666666666664,51.0,0.8985714285714285,57.57142857142857,0.998195433059714,0.0600489585149486
2023-03-30,0.82,44.0,0.0,0,3.8066624897703196,0.85,3.8918202981106265,0.88,3.9889840465642745,0.0,0.0,0.0,-0.030000000000000027,-4.0,0.8499999999999996,48.333333333333336,0.8785714285714287,53.714285714285715,0.9990791668951153,0.042904758199554374
2023-03-31,0.76,37.0,0.0,0,3.6375861597263857,0.82,3.8066624897703196,0.85,3.8918202981106265,0.0,0.0,0.0,-0.05999999999999994,-7.0,0.8099999999999996,43.0,0.8528571428571429,49.42857142857143,0.999668467514313,0.025747913654988658
2023-04-01,0.77,38.0,4.2,0,3.6635616461296463,0.76,3.6375861597263857,0.82,3.8066624897703196,4.2,4.199999999999997,0.5999999999999995,0.010000000000000009,1.0,0.7833333333333329,39.666666666666664,0.8328571428571429,46.42857142857143,0.9999631612477099,0.008583481082087055
2023-04-02,0.78,38.0,0.0,0,3.6635616461296463,0.77,3.6635616461296463,0.76,3.6375861597263857,4.2,4.199999999999997,0.5999999999999995,0.010000000000000009,0.0,0.7699999999999997,37.666666666666664,0.8185714285714286,44.285714285714285,0.9999631612477099,-0.008583481082086933
2023-04-03,0.79,39.0,0.0,0,3.6888794541139363,0.78,3.6635616461296463,0.77,3.6635616461296463,4.2,4.199999999999997,0.5999999999999995,0.010000000000000009,1.0,0.7799999999999997,38.333333333333336,0.8071428571428572,42.42857142857143,0.9996684675143132,-0.025747913654988314
2023-04-04,1.4,193.0,0.0,0,5.267858159063328,0.79,3.6888794541139363,0.78,3.6635616461296463,0.0,4.199999999999997,0.5999999999999995,0.6099999999999999,154.0,0.9899999999999997,90.0,0.8814285714285715,62.42857142857143,0.9990791668951153,-0.04290475819955447
2023-04-05,1.32,165.0,0.0,0,5.111987788356544,1.4,5.267858159063328,0.79,3.6888794541139363,0.0,4.199999999999997,0.5999999999999995,-0.07999999999999985,-28.0,1.1699999999999997,132.33333333333334,0.9485714285714286,79.14285714285714,0.998195433059714,-0.06004895851494825
2023-04-06,1.1,98.0,0.0,0,4.59511985013459,1.32,5.111987788356544,1.4,5.267858159063328,0.0,4.199999999999997,0.5999999999999995,-0.21999999999999997,-67.0,1.273333333333333,152.0,0.9885714285714285,86.85714285714286,0.9970175264485267,-0.07717546212664618
2023-04-07,0.99,71.0,0.0,0,4.276666119016055,1.1,4.59511985013459,1.32,5.111987788356544,0.0,4.199999999999997,0.5999999999999995,-0.1100000000000001,-27.0,1.1366666666666665,111.33333333333333,1.0214285714285716,91.71428571428571,0.9955457941960382,-0.0942792217754244
2023-04-08,0.93,59.0,0.0,0,4.0943445622221,0.99,4.276666119016055,1.1,4.59511985013459,0.0,0.0,0.0,-0.05999999999999994,-12.0,1.0066666666666664,76.0,1.0442857142857143,94.71428571428571,0.9937806700284985,-0.11135519690480862
2023-04-09,0.9,52.0,0.0,0,3.970291913552122,0.93,4.0943445622221,0.99,4.276666119016055,0.0,0.0,0.0,-0.030000000000000027,-7.0,0.9399999999999998,60.666666666666664,1.0614285714285714,96.71428571428571,0.9917226741361015,-0.12839835514655107
2023-04-10,0.87,47.0,0.0,0,3.871201010907891,0.9,3.970291913552122,0.93,4.0943445622221,0.0,0.0,0.0,-0.030000000000000027,-5.0,0.8999999999999998,52.666666666666664,1.072857142857143,97.85714285714286,0.9893724130196829,-0.14540367380368988
2023-04-11,0.83,42.0,0.0,0,3.7612001156935624,0.87,3.871201010907891,0.9,3.970291913552122,0.0,0.0,0.0,-0.040000000000000036,-5.0,0.8666666666666663,47.0,0.9914285714285714,76.28571428571429,0.9867305793119814,-0.16236614133076366
2023-04-12,0.81,39.0,0.0,0,3.6888794541139363,0.83,3.7612001156935624,0.87,3.871201010907891,0.0,0.0,0.0,-0.019999999999999907,-3.0,0.8366666666666663,42.666666666666664,0.9185714285714285,58.285714285714285,0.9837979515735163,-0.17928075881073566
2023-04-13,0.75,32.0,0.0,0,3.4965075614664802,0.81,3.6888794541139363,0.83,3.7612001156935624,0.0,0.0,0.0,-0.06000000000000005,-7.0,0.7966666666666663,37.666666666666664,0.8685714285714285,48.857142857142854,0.980575394063143,-0.19614254142819687
2023-04-14,0.73,30.0,0.0,0,3.4339872044851463,0.75,3.4965075614664802,0.81,3.6888794541139363,0.0,0.0,0.0,-0.020000000000000018,-2.0,0.7633333333333331,33.666666666666664,0.8314285714285715,43.0,0.9770638564833507,-0.21294651993841593
2023-04-15,0.74,31.0,0.0,0,3.4657359027997265,0.73,3.4339872044851463,0.75,3.4965075614664802,0.0,0.0,0.0,0.010000000000000009,1.0,0.7399999999999997,31.0,0.8042857142857144,39.0,0.9732643737003824,-0.22968774213179563
2023-04-16,0.79,35.0,0.0,0,3.58351893845611,0.74,3.4657359027997265,0.73,3.4339872044851463,0.0,0.0,0.0,0.050000000000000044,4.0,0.753333333333333,32.0,0.7885714285714285,36.57142857142857,0.9691780654392537,-0.2463612742933147
2023-04-17,0.8,36.0,0.0,0,3.6109179126442243,0.79,3.58351893845611,0.74,3.4657359027997265,0.0,0.0,0.0,0.010000000000000009,1.0,0.7766666666666664,34.0,0.7785714285714286,35.0,0.9648061359537646,-0.26296220265651454
2023-04-18,0.93,54.0,0.0,0,4.007333185232471,0.8,3.6109179126442243,0.79,3.58351893845611,0.0,0.0,0.0,0.13,18.0,0.8399999999999997,41.666666666666664,0.7928571428571428,36.714285714285715,0.9601498736716018,-0.2794856348516094
2023-04-19,0.91,51.0,0.0,0,3.9512437185814275,0.93,4.007333185232471,0.8,3.6109179126442243,0.0,0.0,0.0,-0.020000000000000018,-3.0,0.8799999999999998,47.0,0.8071428571428572,38.42857142857143,0.9552106508146317,-0.2959267013472892
2023-04-20,0.87,44.0,0.0,0,3.8066624897703196,0.91,3.9512437185814275,0.93,4.007333185232471,0.0,0.0,0.0,-0.040000000000000036,-7.0,0.903333333333333,49.666666666666664,0.8242857142857144,40.142857142857146,0.949989922994501,-0.31228055688579476
2023-04-21,0.8,35.0,0.0,0,3.58351893845611,0.87,3.8066624897703196,0.91,3.9512437185814275,0.0,0.0,0.0,-0.06999999999999995,-9.0,0.8599999999999998,43.333333333333336,0.8342857142857143,40.857142857142854,0.9444892287836613,-0.32854238191083474
2023-04-22,0.78,33.0,2.6,0,3.5263605246161616,0.8,3.58351893845611,0.87,3.8066624897703196,2.6,2.5999999999999965,0.37142857142857094,-0.020000000000000018,-2.0,0.8166666666666664,37.333333333333336,0.84,41.142857142857146,0.9387101892619443,-0.3447073839879337
2023-04-23,0.78,33.0,0.0,0,3.5263605246161616,0.78,3.5263605246161616,0.8,3.58351893845611,2.6,2.5999999999999965,0.37142857142857094,0.0,0.0,0.7866666666666663,33.666666666666664,0.8385714285714286,40.857142857142854,0.9326545075388225,-0.3607707992167831
2023-04-24,0.81,35.0,0.0,0,3.58351893845611,0.78,3.5263605246161616,0.78,3.5263605246161616,2.6,2.5999999999999965,0.37142857142857094,0.030000000000000027,2.0,0.7899999999999997,33.666666666666664,0.84,40.714285714285715,0.926323968251495,-0.376727893635185
2023-04-25,0.89,46.0,0.0,0,3.8501476017100584,0.81,3.58351893845611,0.78,3.5263605246161616,0.0,2.5999999999999965,0.37142857142857094,0.07999999999999996,11.0,0.8266666666666663,38.0,0.8342857142857143,39.57142857142857,0.9197204370389467,-0.39257396461417177
2023-04-26,0.88,44.0,0.0,0,3.8066624897703196,0.89,3.8501476017100584,0.81,3.58351893845611,0.0,2.5999999999999965,0.37142857142857094,-0.010000000000000009,-2.0,0.8599999999999998,41.666666666666664,0.8300000000000001,38.57142857142857,0.9128458599921355,-0.40830434224389345
2023-04-27,0.85,40.0,0.0,0,3.713572066704308,0.88,3.8066624897703196,0.89,3.8501476017100584,0.0,2.5999999999999965,0.37142857142857094,-0.030000000000000027,-4.0,0.8733333333333331,43.333333333333336,0.8271428571428572,38.0,0.9057022630804715,-0.42391439070986064
2023-04-28,0.8,33.0,0.0,0,3.5263605246161616,0.85,3.713572066704308,0.88,3.8066624897703196,0.0,2.5999999999999965,0.37142857142857094,-0.04999999999999993,-7.0,0.8433333333333332,39.0,0.8271428571428572,37.714285714285715,0.898291751554753,-0.43939950965914143
2023-04-29,0.8,33.0,0.0,0,3.5263605246161616,0.8,3.5263605246161616,0.85,3.713572066704308,0.0,0.0,0.0,0.0,0.0,0.8166666666666664,35.333333333333336,0.8300000000000001,37.714285714285715,0.8906165093267405,-0.4547551355561055
2023-04-30,0.78,31.0,0.0,0,3.4657359027997265,0.8,3.5263605246161616,0.8,3.5263605246161616,0.0,0.0,0.0,-0.020000000000000018,-2.0,0.793333333333333,32.333333333333336,0.83,37.42857142857143,0.8826787983255476,-0.4699767430273197
2023-05-01,0.76,28.0,0.0,0,3.367295829986474,0.78,3.4657359027997265,0.8,3.5263605246161616,0.0,0.0,0.0,-0.020000000000000018,-3.0,0.7799999999999997,30.666666666666668,0.8228571428571428,36.42857142857143,0.8744809578310397,-0.4850598461951961
2023-05-02,0.77,29.0,0.0,0,3.4011973816621555,0.76,3.367295829986474,0.78,3.4657359027997265,0.0,0.0,0.0,0.010000000000000009,1.0,0.7699999999999997,29.333333333333332,0.8057142857142857,34.0,0.8660254037844387,-0.4999999999999998
2023-05-03,0.75,27.0,0.0,0,3.332204510175204,0.77,3.4011973816621555,0.76,3.367295829986474,0.0,0.0,0.0,-0.020000000000000018,-2.0,0.7599999999999998,28.0,0.7871428571428571,31.571428571428573,0.8573146280763323,-0.5147928015098308
2023-05-04,0.73,25.0,0.0,0,3.258096538021482,0.75,3.332204510175204,0.77,3.4011973816621555,0.0,0.0,0.0,-0.020000000000000018,-2.0,0.7499999999999997,27.0,0.7700000000000001,29.428571428571427,0.848351197812304,-0.5294338912181852
2023-05-05,0.7,21.0,0.0,0,3.091042453358316,0.73,3.258096538021482,0.75,3.332204510175204,0.0,0.0,0.0,-0.030000000000000027,-4.0,0.7266666666666662,24.333333333333332,0.7557142857142857,27.714285714285715,0.8391377545563939,-0.5439189543287246
2023-05-06,0.7,21.0,0.0,0,3.091042453358316,0.7,3.091042453358316,0.73,3.258096538021482,0.0,0.0,0.0,0.0,0.0,0.7099999999999996,22.333333333333332,0.7414285714285714,26.0,0.8296770135526188,-0.5582437220268649
2023-05-07,0.71,22.0,0.0,0,3.1354942159291497,0.7,3.091042453358316,0.7,3.091042453358316,0.0,0.0,0.0,0.010000000000000009,1.0,0.703333333333333,21.333333333333332,0.7314285714285714,24.714285714285715,0.8199717629247771,-0.5724039727378148
2023-05-08,0.7,20.0,0.0,0,3.044522437723423,0.71,3.1354942159291497,0.7,3.091042453358316,0.0,0.0,0.0,-0.010000000000000009,-2.0,0.703333333333333,21.0,0.7228571428571428,23.571428571428573,0.8100248628547752,-0.5863955333706956
2023-05-09,0.69,19.0,0.0,0,2.995732273553991,0.7,3.044522437723423,0.71,3.1354942159291497,0.0,0.0,0.0,-0.010000000000000009,-1.0,0.6999999999999996,20.333333333333332,0.7114285714285714,22.142857142857142,0.7998392447397195,-0.600214280548368
2023-05-10,0.69,19.0,0.0,0,2.995732273553991,0.69,2.995732273553991,0.7,3.044522437723423,0.0,0.0,0.0,0.0,0.0,0.693333333333333,19.333333333333332,0.7028571428571428,21.0,0.7894179103280199,-0.6138561418226116
2023-05-11,0.67,18.0,0.0,0,2.9444389791664403,0.69,2.995732273553991,0.69,2.995732273553991,0.0,0.0,0.0,-0.019999999999999907,-1.0,0.683333333333333,18.666666666666668,0.6942857142857142,20.0,0.7787639308347607,-0.6273170968742938
2023-05-12,0.68,18.0,0.0,0,2.9444389791664403,0.67,2.9444389791664403,0.69,2.995732273553991,0.0,0.0,0.0,0.010000000000000009,0.0,0.6799999999999997,18.333333333333332,0.6914285714285714,19.571428571428573,0.7678804460366001,-0.6405931786981751
2023-05-13,0.68,18.0,0.0,0,2.9444389791664403,0.68,2.9444389791664403,0.67,2.9444389791664403,0.0,0.0,0.0,0.0,0.0,0.6766666666666664,18.0,0.6885714285714286,19.142857142857142,0.7567706633464627,-0.6536804747720057
2023-05-14,0.7,20.0,0.0,0,3.044522437723423,0.68,2.9444389791664403,0.68,2.9444389791664403,0.0,0.0,0.0,0.019999999999999907,2.0,0.6866666666666664,18.666666666666668,0.687142857142857,18.857142857142858,0.7454378568683001,-0.6665751282095632
2023-05-15,0.8,30.0,0.0,0,3.4339872044851463,0.7,3.044522437723423,0.68,2.9444389791664403,0.0,0.0,0.0,0.10000000000000009,10.0,0.7266666666666665,22.666666666666668,0.7014285714285714,20.285714285714285,0.7338853664321991,-0.6792733388972931
2023-05-16,1.56,179.0,0.0,0,5.19295685089021,0.8,3.4339872044851463,0.7,3.044522437723423,0.0,0.0,0.0,0.76,149.0,1.0199999999999998,76.33333333333333,0.8257142857142857,43.142857142857146,0.722116596610116,-0.6917713646142222
2023-05-17,1.36,117.0,0.0,0,4.770684624465665,1.56,5.19295685089021,0.8,3.4339872044851463,0.0,0.0,0.0,-0.19999999999999996,-62.0,1.24,108.66666666666667,0.9214285714285715,57.142857142857146,0.7101350157125358,-0.7040655221348058
2023-05-18,1.39,125.0,0.0,0,4.836281906951478,1.36,4.770684624465665,1.56,5.19295685089021,0.0,0.0,0.0,0.029999999999999805,8.0,1.4366666666666663,140.33333333333334,1.0242857142857142,72.42857142857143,0.6979441547663435,-0.7161521883143933
2023-05-19,1.22,88.0,0.0,0,4.48863636973214,1.39,4.836281906951478,1.36,4.770684624465665,0.0,0.0,0.0,-0.16999999999999993,-37.0,1.323333333333333,110.0,1.1014285714285714,82.42857142857143,0.6855476064742155,-0.7280278011569847
2023-05-20,1.11,71.0,0.0,0,4.276666119016055,1.22,4.48863636973214,1.39,4.836281906951478,0.0,0.0,0.0,-0.10999999999999988,-17.0,1.2399999999999995,94.66666666666667,1.162857142857143,90.0,0.672949024155833,-0.7396888608649667
2023-05-21,1.01,56.0,0.0,0,4.04305126783455,1.11,4.276666119016055,1.22,4.48863636973214,0.0,0.0,0.0,-0.10000000000000009,-15.0,1.113333333333333,71.66666666666667,1.2071428571428573,95.14285714285714,0.660152120671232,-0.7511319308705197
2023-05-22,1.08,66.0,2.2,0,4.204692619390966,1.01,4.04305126783455,1.11,4.276666119016055,2.2,2.1999999999999966,0.3142857142857138,0.07000000000000006,10.0,1.0666666666666664,64.33333333333333,1.247142857142857,100.28571428571429,0.647160667326606,-0.7623536388483902
2023-05-23,1.08,66.0,4.8,0,4.204692619390966,1.08,4.204692619390966,1.01,4.04305126783455,7.0,6.9999999999999964,0.9999999999999994,0.0,0.0,1.0566666666666664,62.666666666666664,1.1785714285714286,84.14285714285714,0.6339784927628868,-0.7733506777097298
2023-05-24,0.97,51.0,0.0,0,3.9512437185814275,1.08,4.204692619390966,1.08,4.204692619390966,7.0,6.9999999999999964,0.9999999999999994,-0.1100000000000001,-15.0,1.0433333333333332,61.0,1.1228571428571428,74.71428571428571,0.620609481827423,-0.7841198065767103
2023-05-25,0.95,48.0,1.4,0,3.8918202981106265,0.97,3.9512437185814275,1.08,4.204692619390966,6.199999999999999,8.399999999999997,1.1999999999999995,-0.020000000000000018,-3.0,0.9999999999999997,55.0,1.06,63.714285714285715,0.6070575744291006,-0.7946578517376249
2023-05-26,0.88,40.0,0.0,0,3.713572066704308,0.95,3.8918202981106265,0.97,3.9512437185814275,1.4,8.399999999999997,1.1999999999999995,-0.06999999999999995,-8.0,0.933333333333333,46.333333333333336,1.0114285714285713,56.857142857142854,0.593326764377232,-0.8049617075821959
2023-05-27,0.85,36.0,0.0,0,3.6109179126442243,0.88,3.713572066704308,0.95,3.8918202981106265,1.4,8.399999999999997,1.1999999999999995,-0.030000000000000027,-4.0,0.893333333333333,41.333333333333336,0.9742857142857143,51.857142857142854,0.5794210982045638,-0.8150283375168113
2023-05-28,0.82,32.0,0.0,0,3.4965075614664802,0.85,3.6109179126442243,0.88,3.713572066704308,0.0,8.399999999999997,1.1999999999999995,-0.030000000000000027,-4.0,0.8499999999999996,36.0,0.9471428571428572,48.42857142857143,0.5653446739747428,-0.8248547748594245
2023-05-29,0.82,32.0,0.0,0,3.4965075614664802,0.82,3.4965075614664802,0.85,3.6109179126442243,0.0,6.199999999999996,0.8857142857142851,0.0,0.0,0.8299999999999997,33.333333333333336,0.91,43.57142857142857,0.5511016400746,-0.8344381237138473
2023-05-30,0.82,32.0,0.0,0,3.4965075614664802,0.82,3.4965075614664802,0.82,3.4965075614664802,0.0,1.3999999999999964,0.19999999999999948,0.0,0.0,0.82,32.0,0.8728571428571429,38.714285714285715,0.5366961939916005,-0.8437755598231856
2023-05-31,0.83,33.0,2.0,0,3.5263605246161616,0.82,3.4965075614664802,0.82,3.4965075614664802,2.0,3.3999999999999964,0.4857142857142852,0.010000000000000009,1.0,0.8233333333333329,32.333333333333336,0.852857142857143,36.142857142857146,0.522132581076825,-0.8528643314021596
2023-06-01,0.9,43.0,1.4,0,3.784189633918261,0.83,3.5263605246161616,0.82,3.4965075614664802,3.4,3.3999999999999964,0.4857142857142852,0.07000000000000006,10.0,0.8499999999999996,36.0,0.8457142857142858,35.42857142857143,0.5074150932938458,-0.861701759948068
2023-06-02,0.94,47.0,0.0,0,3.871201010907891,0.9,3.784189633918261,0.83,3.5263605246161616,3.4,3.3999999999999964,0.4857142857142852,0.039999999999999925,4.0,0.8899999999999997,41.0,0.8542857142857143,36.42857142857143,0.4925480679538644,-0.8702852410301553
2023-06-03,1.04,60.0,0.0,0,4.110873864173311,0.94,3.871201010907891,0.9,3.784189633918261,1.4,3.3999999999999964,0.4857142857142852,0.10000000000000009,13.0,0.9599999999999996,50.0,0.8814285714285715,39.857142857142854,0.47753588643748834,-0.8786122450571482
2023-06-04,0.99,53.0,0.0,0,3.9889840465642745,1.04,4.110873864173311,0.94,3.871201010907891,0.0,3.3999999999999964,0.4857142857142852,-0.050000000000000044,-7.0,0.9899999999999997,53.333333333333336,0.9057142857142857,42.857142857142854,0.4623829729035151,-0.8866803180227399
2023-06-05,1.04,60.0,0.4,0,4.110873864173311,0.99,3.9889840465642745,1.04,4.110873864173311,0.4,3.7999999999999963,0.5428571428571424,0.050000000000000044,7.0,1.0233333333333332,57.666666666666664,0.937142857142857,46.857142857142854,0.44709379298511426,-0.8944870822287954
2023-06-06,1.07,65.0,0.0,0,4.189654742026425,1.04,4.110873864173311,0.99,3.9889840465642745,0.4,3.7999999999999963,0.5428571428571424,0.030000000000000027,5.0,1.033333333333333,59.333333333333336,0.9728571428571428,51.57142857142857,0.43167285247378384,-0.9020302369860707
2023-06-07,1.05,62.0,0.0,0,4.143134726391533,1.07,4.189654742026425,1.04,4.110873864173311,0.4,1.7999999999999963,0.2571428571428566,-0.020000000000000018,-3.0,1.053333333333333,62.333333333333336,1.0042857142857142,55.714285714285715,0.4161246959914746,-0.9093075592922357
2023-06-08,1.02,57.0,4.8,0,4.060443010546419,1.05,4.143134726391533,1.07,4.189654742026425,4.8,5.199999999999996,0.7428571428571422,-0.030000000000000027,-5.0,1.0466666666666666,61.333333333333336,1.0214285714285716,57.714285714285715,0.4004539056512664,-0.9163169044870048
2023-06-09,1.0,54.0,0.0,0,4.007333185232471,1.02,4.060443010546419,1.05,4.143134726391533,4.8,5.199999999999997,0.7428571428571423,-0.020000000000000018,-3.0,1.0233333333333332,57.666666666666664,1.03,58.714285714285715,0.3846650997070012,-0.923056206884176
2023-06-10,0.93,46.0,0.8,0,3.8501476017100584,1.0,4.007333185232471,1.02,4.060443010546419,5.6,5.9999999999999964,0.8571428571428567,-0.06999999999999995,-8.0,0.9833333333333331,52.333333333333336,1.0142857142857142,56.714285714285715,0.3687629311922603,-0.9295234803804002
2023-06-11,0.91,44.0,3.2,0,3.8066624897703196,0.93,3.8501476017100584,1.0,4.007333185232471,4.0,9.199999999999996,1.3142857142857136,-0.020000000000000018,-2.0,0.9466666666666663,48.0,1.002857142857143,55.42857142857143,0.352752086549095,-0.9357168190404935
2023-06-12,1.04,60.0,10.4,0,4.110873864173311,0.91,3.8066624897703196,0.93,3.8501476017100584,14.4,19.199999999999996,2.7428571428571424,0.13,16.0,0.9599999999999996,50.0,1.002857142857143,55.42857142857143,0.3366372842469106,-0.9416343976591258
2023-06-13,0.92,45.0,0.0,0,3.828641396489095,1.04,4.110873864173311,0.91,3.8066624897703196,13.6,19.199999999999996,2.7428571428571424,-0.12,-15.0,0.9566666666666664,49.666666666666664,0.9814285714285714,52.57142857142857,0.3204232733919116,-0.9472744722987168
2023-06-14,1.16,79.0,0.0,0,4.382026634673881,0.92,3.828641396489095,1.04,4.110873864173311,10.4,19.199999999999996,2.7428571428571424,0.23999999999999988,34.0,1.0399999999999998,61.333333333333336,0.9971428571428572,55.0,0.30411483232751846,-0.9526353808033824
2023-06-15,1.25,93.0,0.0,0,4.543294782270004,1.16,4.382026634673881,0.92,3.828641396489095,0.0,14.399999999999997,2.0571428571428565,0.09000000000000008,14.0,1.1099999999999997,72.33333333333333,1.03,60.142857142857146,0.2877167672261668,-0.9577155432887804
2023-06-16,1.36,117.0,0.0,0,4.770684624465665,1.25,4.543294782270004,1.16,4.382026634673881,0.0,14.399999999999999,2.057142857142857,0.1100000000000001,24.0,1.2566666666666664,96.33333333333333,1.0814285714285714,69.14285714285714,0.27123391067291,-0.9625134626077081
2023-06-17,1.35,115.0,36.6,0,4.7535901911063645,1.36,4.770684624465665,1.25,4.543294782270004,36.6,50.2,7.171428571428572,-0.010000000000000009,-2.0,1.3199999999999996,108.33333333333333,1.1414285714285715,79.0,0.2546711202412288,-0.9670277247913204
2023-06-18,1.2,85.0,9.8,0,4.454347296253507,1.35,4.7535901911063645,1.36,4.770684624465665,46.400000000000006,56.8,8.114285714285714,-0.15000000000000013,-30.0,1.303333333333333,105.66666666666667,1.182857142857143,84.85714285714286,0.2380332770614858,-0.9712569994658313
2023-06-19,1.39,125.0,0.0,0,4.836281906951478,1.2,4.454347296253507,1.35,4.7535901911063645,46.400000000000006,46.39999999999999,6.628571428571427,0.18999999999999995,40.0,1.3133333333333328,108.33333333333333,1.2328571428571429,94.14285714285714,0.22132528438243243,-0.9752000402445825
2023-06-20,1.49,152.0,5.0,0,5.030437921392435,1.39,4.836281906951478,1.2,4.454347296253507,14.8,51.39999999999999,7.342857142857142,0.10000000000000009,27.0,1.3599999999999997,120.66666666666667,1.3142857142857143,109.42857142857143,0.2045520661262008,-0.9788556850953578
2023-06-21,1.5,155.0,0.6,0,5.049856007249537,1.49,5.030437921392435,1.39,4.836281906951478,5.6,51.99999999999999,7.428571428571428,0.010000000000000009,3.0,1.4599999999999997,144.0,1.3628571428571428,120.28571428571429,0.18771856543719884,-0.9822228566828406
2023-06-22,1.63,207.0,0.0,0,5.337538079701318,1.5,5.049856007249537,1.49,5.030437921392435,5.6,51.99999999999999,7.428571428571428,0.1299999999999999,52.0,1.5399999999999998,171.33333333333334,1.417142857142857,136.57142857142858,0.17082974322534442,-0.985300562686109
2023-06-23,1.89,321.0,0.0,0,5.7745515455444085,1.63,5.337538079701318,1.5,5.049856007249537,0.6,51.99999999999999,7.428571428571428,0.26,114.0,1.673333333333333,227.66666666666666,1.492857142857143,165.71428571428572,0.15389057670406214,-0.9880878960910771
2023-06-24,1.89,321.0,0.0,0,5.7745515455444085,1.89,5.7745515455444085,1.63,5.337538079701318,0.0,15.399999999999993,2.199999999999999,0.0,0.0,1.8033333333333328,283.0,1.5699999999999998,195.14285714285714,0.13690605792347574,-0.9905840354577969
2023-06-25,1.59,191.0,0.0,0,5.2574953720277815,1.89,5.7745515455444085,1.89,5.7745515455444085,0.0,5.5999999999999925,0.7999999999999989,-0.2999999999999998,-130.0,1.7899999999999998,277.6666666666667,1.6257142857142857,210.28571428571428,0.11988119229922782,-0.9927882451625399
2023-06-26,1.34,112.0,0.0,0,4.727387818712341,1.59,5.2574953720277815,1.89,5.7745515455444085,0.0,5.5999999999999925,0.7999999999999989,-0.25,-79.0,1.6066666666666665,208.0,1.6185714285714283,208.42857142857142,0.10282099713736025,-0.9946998756145891
2023-06-27,1.18,82.0,0.0,0,4.418840607796598,1.34,4.727387818712341,1.59,5.2574953720277815,0.0,0.5999999999999929,0.0857142857142847,-0.16000000000000014,-30.0,1.3699999999999999,128.33333333333334,1.5742857142857145,198.42857142857142,0.0857305001556943,-0.9963183634476755
2023-06-28,1.08,66.0,0.0,0,4.204692619390966,1.18,4.418840607796598,1.34,4.727387818712341,0.0,0.0,0.0,-0.09999999999999987,-16.0,1.1999999999999997,86.66666666666667,1.5142857142857142,185.71428571428572,0.0686147380021341,-0.9976432316860063
2023-06-29,0.98,52.0,5.8,0,3.970291913552122,1.08,4.204692619390966,1.18,4.418840607796598,5.8,5.799999999999993,0.8285714285714275,-0.10000000000000009,-14.0,1.0799999999999996,66.66666666666667,1.4214285714285713,163.57142857142858,0.05147875477034673,-0.9986740898848305
2023-06-30,0.94,47.0,0.0,0,3.871201010907891,0.98,3.970291913552122,1.08,4.204692619390966,5.8,5.799999999999993,0.8285714285714275,-0.040000000000000036,-5.0,0.9999999999999996,55.0,1.2857142857142858,124.42857142857143,0.03432760051324382,-0.9994106342455052
2023-07-01,0.86,37.0,0.0,0,3.6375861597263857,0.94,3.871201010907891,0.98,3.970291913552122,5.8,5.799999999999993,0.8285714285714275,-0.07999999999999996,-10.0,0.9266666666666663,45.333333333333336,1.1385714285714286,83.85714285714286,0.01716632975470737,-0.9998526477050269
2023-07-02,0.85,36.0,0.0,0,3.6109179126442243,0.86,3.6375861597263857,0.94,3.871201010907891,0.0,5.799999999999993,0.8285714285714275,-0.010000000000000009,-1.0,0.8833333333333329,40.0,1.0328571428571427,61.714285714285715,1.2246467991473532e-16,-1.0
2023-07-03,0.81,31.0,2.6,0,3.4657359027997265,0.85,3.6109179126442243,0.86,3.6375861597263857,2.6,8.399999999999993,1.199999999999999,-0.039999999999999925,-5.0,0.8399999999999995,34.666666666666664,0.9571428571428572,50.142857142857146,-0.017166329754707124,-0.9998526477050269
2023-07-04,0.79,29.0,0.0,0,3.4011973816621555,0.81,3.4657359027997265,0.85,3.6109179126442243,2.6,8.399999999999993,1.199999999999999,-0.020000000000000018,-2.0,0.8166666666666664,32.0,0.9014285714285715,42.57142857142857,-0.03432760051324313,-0.9994106342455054
2023-07-05,0.87,38.0,0.0,0,3.6635616461296463,0.79,3.4011973816621555,0.81,3.4657359027997265,2.6,8.399999999999993,1.199999999999999,0.07999999999999996,9.0,0.8233333333333329,32.666666666666664,0.8714285714285716,38.57142857142857,-0.051478754770346045,-0.9986740898848305
2023-07-06,1.25,93.0,54.2,0,4.543294782270004,0.87,3.6635616461296463,0.79,3.4011973816621555,54.2,56.8,8.114285714285714,0.38,55.0,0.9699999999999996,53.333333333333336,0.9099999999999999,44.42857142857143,-0.06861473800213432,-0.9976432316860063
2023-07-07,1.05,62.0,0.0,0,4.143134726391533,1.25,4.543294782270004,0.87,3.6635616461296463,54.2,56.8,8.114285714285714,-0.19999999999999996,-31.0,1.0566666666666664,64.33333333333333,0.9257142857142858,46.57142857142857,-0.0857305001556945,-0.9963183634476755
2023-07-08,1.01,56.0,0.0,0,4.04305126783455,1.05,4.143134726391533,1.25,4.543294782270004,54.2,56.8,8.114285714285714,-0.040000000000000036,-6.0,1.1033333333333328,70.33333333333333,0.9471428571428572,49.285714285714285,-0.10282099713736044,-0.9946998756145891
2023-07-09,1.41,131.0,0.0,0,4.882801922586371,1.01,4.04305126783455,1.05,4.143134726391533,0.0,56.8,8.114285714285714,0.3999999999999999,75.0,1.1566666666666663,83.0,1.0271428571428571,62.857142857142854,-0.11988119229922714,-0.99278824516254
2023-07-10,1.26,95.0,0.0,0,4.564348191467836,1.41,4.882801922586371,1.01,4.04305126783455,0.0,54.199999999999996,7.742857142857142,-0.1499999999999999,-36.0,1.2266666666666663,94.0,1.0914285714285714,72.0,-0.13690605792347504,-0.990584035457797
2023-07-11,1.09,68.0,0.0,0,4.23410650459726,1.26,4.564348191467836,1.41,4.882801922586371,0.0,54.199999999999996,7.742857142857142,-0.16999999999999993,-27.0,1.253333333333333,98.0,1.1342857142857141,77.57142857142857,-0.15389057670406148,-0.9880878960910772
2023-07-12,0.98,52.0,0.0,0,3.970291913552122,1.09,4.23410650459726,1.26,4.564348191467836,0.0,54.199999999999996,7.742857142857142,-0.1100000000000001,-16.0,1.1099999999999994,71.66666666666667,1.15,79.57142857142857,-0.17082974322534417,-0.985300562686109
2023-07-13,0.86,37.0,0.0,0,3.6375861597263857,0.98,3.970291913552122,1.09,4.23410650459726,0.0,0.0,0.0,-0.12,-15.0,0.9766666666666662,52.333333333333336,1.094285714285714,71.57142857142857,-0.1877185654371986,-0.9822228566828407
2023-07-14,0.84,35.0,0.0,0,3.58351893845611,0.86,3.6375861597263857,0.98,3.970291913552122,0.0,0.0,0.0,-0.020000000000000018,-2.0,0.893333333333333,41.333333333333336,1.0642857142857143,67.71428571428571,-0.20455206612620058,-0.9788556850953579
2023-07-15,0.83,33.0,0.0,0,3.5263605246161616,0.84,3.58351893845611,0.86,3.6375861597263857,0.0,0.0,0.0,-0.010000000000000009,-2.0,0.8433333333333328,35.0,1.0385714285714285,64.42857142857143,-0.22132528438243218,-0.9752000402445826
2023-07-16,0.82,32.0,0.0,0,3.4965075614664802,0.83,3.5263605246161616,0.84,3.58351893845611,0.0,0.0,0.0,-0.010000000000000009,-1.0,0.8299999999999995,33.333333333333336,0.9542857142857143,50.285714285714285,-0.23803327706148514,-0.9712569994658315
2023-07-17,0.77,27.0,0.0,0,3.332204510175204,0.82,3.4965075614664802,0.83,3.5263605246161616,0.0,0.0,0.0,-0.04999999999999993,-5.0,0.8066666666666662,30.666666666666668,0.8842857142857142,40.57142857142857,-0.254671120241229,-0.9670277247913203
2023-07-18,0.8,30.0,0.0,0,3.4339872044851463,0.77,3.332204510175204,0.82,3.4965075614664802,0.0,0.0,0.0,0.030000000000000027,3.0,0.7966666666666663,29.666666666666668,0.8428571428571429,35.142857142857146,-0.2712339106729102,-0.9625134626077081
2023-07-19,0.8,30.0,0.0,0,3.4339872044851463,0.8,3.4339872044851463,0.77,3.332204510175204,0.0,0.0,0.0,0.0,0.0,0.7899999999999996,29.0,0.8171428571428571,32.0,-0.287716767226167,-0.9577155432887803
2023-07-20,0.8,30.0,0.0,0,3.4339872044851463,0.8,3.4339872044851463,0.8,3.4339872044851463,0.0,0.0,0.0,0.0,0.0,0.8,30.0,0.8085714285714286,31.0,-0.3041148323275178,-0.9526353808033826
2023-07-21,0.79,29.0,0.0,0,3.4011973816621555,0.8,3.4339872044851463,0.8,3.4339872044851463,0.0,0.0,0.0,-0.010000000000000009,-1.0,0.7966666666666663,29.666666666666668,0.8014285714285715,30.142857142857142,-0.32042327339191096,-0.947274472298717
2023-07-22,0.8,30.0,0.0,0,3.4339872044851463,0.79,3.4011973816621555,0.8,3.4339872044851463,0.0,0.0,0.0,0.010000000000000009,1.0,0.7966666666666663,29.666666666666668,0.7971428571428572,29.714285714285715,-0.3366372842469099,-0.941634397659126
2023-07-23,0.81,31.0,0.0,0,3.4657359027997265,0.8,3.4339872044851463,0.79,3.4011973816621555,0.0,0.0,0.0,0.010000000000000009,1.0,0.7999999999999995,30.0,0.7957142857142857,29.571428571428573,-0.35275208654909473,-0.9357168190404936
2023-07-24,0.84,35.0,0.0,0,3.58351893845611,0.81,3.4657359027997265,0.8,3.4339872044851463,0.0,0.0,0.0,0.029999999999999916,4.0,0.8166666666666663,32.0,0.8057142857142858,30.714285714285715,-0.36876293119226006,-0.9295234803804003
2023-07-25,0.84,35.0,0.0,0,3.58351893845611,0.84,3.58351893845611,0.81,3.4657359027997265,0.0,0.0,0.0,0.0,0.0,0.8299999999999995,33.666666666666664,0.8114285714285714,31.428571428571427,-0.38466509970700097,-0.9230562068841761
2023-07-26,0.83,33.0,0.0,0,3.5263605246161616,0.84,3.58351893845611,0.84,3.58351893845611,0.0,0.0,0.0,-0.010000000000000009,-2.0,0.8366666666666661,34.333333333333336,0.8157142857142857,31.857142857142858,-0.40045390565126615,-0.9163169044870049
2023-07-27,0.83,33.0,10.4,0,3.5263605246161616,0.83,3.5263605246161616,0.84,3.58351893845611,10.4,10.399999999999993,1.4857142857142847,0.0,0.0,0.8333333333333329,33.666666666666664,0.8200000000000001,32.285714285714285,-0.4161246959914748,-0.9093075592922356
2023-07-28,0.8,30.0,0.0,0,3.4339872044851463,0.83,3.5263605246161616,0.83,3.5263605246161616,10.4,10.399999999999993,1.4857142857142847,-0.029999999999999916,-3.0,0.8199999999999995,32.0,0.8214285714285714,32.42857142857143,-0.431672852473784,-0.9020302369860707
2023-07-29,0.95,48.0,0.0,0,3.8918202981106265,0.8,3.4339872044851463,0.83,3.5263605246161616,10.4,10.399999999999993,1.4857142857142847,0.1499999999999999,18.0,0.8599999999999994,37.0,0.8428571428571427,35.0,-0.44709379298511404,-0.8944870822287955
2023-07-30,0.95,48.0,0.0,0,3.8918202981106265,0.95,3.8918202981106265,0.8,3.4339872044851463,0.0,10.399999999999993,1.4857142857142847,0.0,0.0,0.8999999999999995,42.0,0.8628571428571429,37.42857142857143,-0.4623829729035149,-0.88668031802274
2023-07-31,0.88,40.0,0.0,0,3.713572066704308,0.95,3.8918202981106265,0.95,3.8918202981106265,0.0,10.399999999999993,1.4857142857142847,-0.06999999999999995,-8.0,0.9266666666666662,45.333333333333336,0.8685714285714285,38.142857142857146,-0.4775358864374881,-0.8786122450571483
2023-08-01,0.83,33.0,0.0,0,3.5263605246161616,0.88,3.713572066704308,0.95,3.8918202981106265,0.0,10.399999999999993,1.4857142857142847,-0.050000000000000044,-7.0,0.8866666666666662,40.333333333333336,0.8671428571428572,37.857142857142854,-0.4925480679538642,-0.8702852410301554
2023-08-02,0.8,30.0,0.0,0,3.4339872044851463,0.83,3.5263605246161616,0.88,3.713572066704308,0.0,10.399999999999993,1.4857142857142847,-0.029999999999999916,-3.0,0.8366666666666663,34.333333333333336,0.8628571428571429,37.42857142857143,-0.5074150932938452,-0.8617017599480683
2023-08-03,0.8,30.0,0.0,0,3.4339872044851463,0.8,3.4339872044851463,0.83,3.5263605246161616,0.0,0.0,0.0,0.0,0.0,0.8099999999999996,31.0,0.8585714285714285,37.0,-0.5221325810768248,-0.8528643314021597
2023-08-04,0.8,30.0,0.0,0,3.4339872044851463,0.8,3.4339872044851463,0.8,3.4339872044851463,0.0,0.0,0.0,0.0,0.0,0.8,30.0,0.8585714285714285,37.0,-0.5366961939916003,-0.8437755598231858
2023-08-05,0.8,30.0,0.0,0,3.4339872044851463,0.8,3.4339872044851463,0.8,3.4339872044851463,0.0,0.0,0.0,0.0,0.0,0.8,30.0,0.8371428571428572,34.42857142857143,-0.5511016400745998,-0.8344381237138474
2023-08-06,0.8,30.0,0.0,0,3.4339872044851463,0.8,3.4339872044851463,0.8,3.4339872044851463,0.0,0.0,0.0,0.0,0.0,0.8,30.0,0.8157142857142857,31.857142857142858,-0.5653446739747425,-0.8248547748594246
2023-08-07,0.81,31.0,0.0,0,3.4657359027997265,0.8,3.4339872044851463,0.8,3.4339872044851463,0.0,0.0,0.0,0.010000000000000009,1.0,0.8033333333333329,30.333333333333332,0.8057142857142858,30.571428571428573,-0.5794210982045637,-0.8150283375168114
2023-08-08,0.93,46.0,0.0,0,3.8501476017100584,0.81,3.4657359027997265,0.8,3.4339872044851463,0.0,0.0,0.0,0.12,15.0,0.8466666666666662,35.666666666666664,0.8200000000000001,32.42857142857143,-0.5933267643772321,-0.8049617075821958
2023-08-09,0.91,44.0,0.0,0,3.8066624897703196,0.93,3.8501476017100584,0.81,3.4657359027997265,0.0,0.0,0.0,-0.020000000000000018,-2.0,0.8833333333333329,40.333333333333336,0.8357142857142857,34.42857142857143,-0.6070575744291004,-0.794657851737625
2023-08-10,0.86,37.0,0.0,0,3.6375861597263857,0.91,3.8066624897703196,0.93,3.8501476017100584,0.0,0.0,0.0,-0.050000000000000044,-7.0,0.8999999999999996,42.333333333333336,0.8442857142857143,35.42857142857143,-0.6206094818274228,-0.7841198065767104
2023-08-11,0.81,31.0,0.0,0,3.4657359027997265,0.86,3.6375861597263857,0.91,3.8066624897703196,0.0,0.0,0.0,-0.04999999999999993,-6.0,0.8599999999999995,37.333333333333336,0.8457142857142858,35.57142857142857,-0.6339784927628865,-0.77335067770973
2023-08-12,0.81,31.0,0.0,0,3.4657359027997265,0.81,3.4657359027997265,0.86,3.6375861597263857,0.0,0.0,0.0,0.0,0.0,0.8266666666666662,33.0,0.8471428571428571,35.714285714285715,-0.6471606673266059,-0.7623536388483905
2023-08-13,0.8,30.0,0.0,0,3.4339872044851463,0.81,3.4657359027997265,0.81,3.4657359027997265,0.0,0.0,0.0,-0.010000000000000009,-1.0,0.8066666666666663,30.666666666666668,0.8471428571428572,35.714285714285715,-0.6601521206712315,-0.7511319308705201
2023-08-14,0.82,32.0,0.0,0,3.4965075614664802,0.8,3.4339872044851463,0.81,3.4657359027997265,0.0,0.0,0.0,0.019999999999999907,2.0,0.8099999999999996,31.0,0.8485714285714286,35.857142857142854,-0.6729490241558326,-0.7396888608649671
2023-08-15,0.81,31.0,0.0,0,3.4657359027997265,0.82,3.4965075614664802,0.8,3.4339872044851463,0.0,0.0,0.0,-0.009999999999999898,-1.0,0.8099999999999996,31.0,0.8314285714285715,33.714285714285715,-0.6855476064742154,-0.7280278011569848
2023-08-16,0.82,32.0,0.0,0,3.4965075614664802,0.81,3.4657359027997265,0.82,3.4965075614664802,0.0,0.0,0.0,0.009999999999999898,1.0,0.8166666666666661,31.666666666666668,0.8185714285714285,32.0,-0.6979441547663433,-0.7161521883143935
2023-08-17,0.82,32.0,0.0,0,3.4965075614664802,0.82,3.4965075614664802,0.81,3.4657359027997265,0.0,0.0,0.0,0.0,0.0,0.8166666666666661,31.666666666666668,0.812857142857143,31.285714285714285,-0.7101350157125356,-0.7040655221348059
2023-08-18,0.83,33.0,0.0,0,3.5263605246161616,0.82,3.4965075614664802,0.82,3.4965075614664802,0.0,0.0,0.0,0.010000000000000009,1.0,0.8233333333333328,32.333333333333336,0.8157142857142857,31.571428571428573,-0.7221165966101161,-0.691771364614222
2023-08-19,0.87,38.0,0.0,0,3.6635616461296463,0.83,3.5263605246161616,0.82,3.4965075614664802,0.0,0.0,0.0,0.040000000000000036,5.0,0.8399999999999995,34.333333333333336,0.8242857142857144,32.57142857142857,-0.7338853664321993,-0.6792733388972929
2023-08-20,0.88,40.0,0.0,0,3.713572066704308,0.87,3.6635616461296463,0.83,3.5263605246161616,0.0,0.0,0.0,0.010000000000000009,2.0,0.8599999999999995,37.0,0.8357142857142856,34.0,-0.7454378568683003,-0.6665751282095631
2023-08-21,0.88,40.0,0.0,0,3.713572066704308,0.88,3.713572066704308,0.87,3.6635616461296463,0.0,0.0,0.0,0.0,0.0,0.8766666666666662,39.333333333333336,0.8442857142857143,35.142857142857146,-0.7567706633464625,-0.653680474772006
2023-08-22,0.84,35.0,0.0,0,3.58351893845611,0.88,3.713572066704308,0.88,3.713572066704308,0.0,0.0,0.0,-0.040000000000000036,-5.0,0.8666666666666663,38.333333333333336,0.8485714285714285,35.714285714285715,-0.7678804460366,-0.6405931786981752
2023-08-23,0.81,31.0,0.0,0,3.4657359027997265,0.84,3.58351893845611,0.88,3.713572066704308,0.0,0.0,0.0,-0.029999999999999916,-4.0,0.8433333333333329,35.333333333333336,0.8471428571428572,35.57142857142857,-0.7787639308347605,-0.627317096874294
2023-08-24,0.8,30.0,0.0,0,3.4339872044851463,0.81,3.4657359027997265,0.84,3.58351893845611,0.0,0.0,0.0,-0.010000000000000009,-1.0,0.8166666666666663,32.0,0.8442857142857143,35.285714285714285,-0.7894179103280194,-0.6138561418226122
2023-08-25,0.81,31.0,0.0,0,3.4657359027997265,0.8,3.4339872044851463,0.81,3.4657359027997265,0.0,0.0,0.0,0.010000000000000009,1.0,0.8066666666666663,30.666666666666668,0.8414285714285714,35.0,-0.7998392447397191,-0.6002142805483686
2023-08-26,0.8,30.0,0.0,0,3.4339872044851463,0.81,3.4657359027997265,0.8,3.4339872044851463,0.0,0.0,0.0,-0.010000000000000009,-1.0,0.8033333333333329,30.333333333333332,0.8314285714285715,33.857142857142854,-0.8100248628547748,-0.5863955333706962
2023-08-27,0.8,30.0,0.2,0,3.4339872044851463,0.8,3.4339872044851463,0.81,3.4657359027997265,0.2,0.1999999999999929,0.028571428571427557,0.0,0.0,0.8033333333333329,30.333333333333332,0.8200000000000001,32.42857142857143,-0.8199717629247767,-0.5724039727378154
2023-08-28,0.8,30.0,0.0,0,3.4339872044851463,0.8,3.4339872044851463,0.8,3.4339872044851463,0.2,0.1999999999999929,0.028571428571427557,0.0,0.0,0.8,30.0,0.8085714285714286,31.0,-0.8296770135526185,-0.5582437220268655
2023-08-29,0.79,29.0,0.0,0,3.4011973816621555,0.8,3.4339872044851463,0.8,3.4339872044851463,0.2,0.1999999999999929,0.028571428571427557,-0.010000000000000009,-1.0,0.7966666666666663,29.666666666666668,0.8014285714285715,30.142857142857142,-0.8391377545563938,-0.5439189543287248
2023-08-30,0.79,29.0,0.0,0,3.4011973816621555,0.79,3.4011973816621555,0.8,3.4339872044851463,0.0,0.1999999999999929,0.028571428571427557,0.0,0.0,0.7933333333333329,29.333333333333332,0.7985714285714286,29.857142857142858,-0.8483511978123038,-0.5294338912181854
2023-08-31,0.85,36.0,0.0,0,3.6109179126442243,0.79,3.4011973816621555,0.79,3.4011973816621555,0.0,0.1999999999999929,0.028571428571427557,0.05999999999999994,7.0,0.8099999999999996,31.333333333333332,0.8057142857142858,30.714285714285715,-0.8573146280763322,-0.514792801509831
2023-09-01,1.03,59.0,3.4,0,4.0943445622221,0.85,3.6109179126442243,0.79,3.4011973816621555,3.4,3.599999999999993,0.5142857142857132,0.18000000000000005,23.0,0.8899999999999997,41.333333333333336,0.8371428571428572,34.714285714285715,-0.8660254037844385,-0.5000000000000004
2023-09-02,1.03,59.0,7.2,0,4.0943445622221,1.03,4.0943445622221,0.85,3.6109179126442243,10.6,10.799999999999994,1.542857142857142,0.0,0.0,0.9699999999999996,51.333333333333336,0.87,38.857142857142854,-0.8744809578310394,-0.4850598461951967
2023-09-03,1.77,264.0,5.6,0,5.579729825986222,1.03,4.0943445622221,1.03,4.0943445622221,16.2,16.199999999999992,2.314285714285713,0.74,205.0,1.2766666666666662,127.33333333333333,1.0085714285714287,72.28571428571429,-0.8826787983255475,-0.4699767430273199
2023-09-04,2.22,546.0,0.0,0,6.304448802421981,1.77,5.579729825986222,1.03,4.0943445622221,12.8,16.199999999999992,2.314285714285713,0.4500000000000002,282.0,1.6733333333333331,289.6666666666667,1.2114285714285715,146.0,-0.8906165093267404,-0.45475513555610575
2023-09-05,1.89,402.0,0.0,0,5.998936561946683,2.22,6.304448802421981,1.77,5.579729825986222,5.6000000000000005,16.199999999999992,2.314285714285713,-0.3300000000000003,-144.0,1.9599999999999997,404.0,1.3685714285714285,199.28571428571428,-0.8982917515547529,-0.43939950965914165
2023-09-06,1.37,212.0,0.0,0,5.3612921657094255,1.89,5.998936561946683,2.22,6.304448802421981,0.0,16.199999999999992,2.314285714285713,-0.5199999999999998,-190.0,1.8266666666666664,386.6666666666667,1.4514285714285715,225.42857142857142,-0.9057022630804714,-0.42391439070986087
2023-09-07,1.28,182.0,0.0,0,5.209486152841421,1.37,5.3612921657094255,1.89,5.998936561946683,0.0,16.199999999999992,2.314285714285713,-0.09000000000000008,-30.0,1.513333333333333,265.3333333333333,1.512857142857143,246.28571428571428,-0.9128458599921354,-0.40830434224389367
2023-09-08,1.09,125.0,0.0,0,4.836281906951478,1.28,5.209486152841421,1.37,5.3612921657094255,0.0,12.799999999999994,1.8285714285714276,-0.18999999999999995,-57.0,1.2466666666666664,173.0,1.5214285714285716,255.71428571428572,-0.9197204370389468,-0.3925739646141714
2023-09-09,0.97,95.0,0.0,0,4.564348191467836,1.09,4.836281906951478,1.28,5.209486152841421,0.0,5.599999999999992,0.7999999999999988,-0.1200000000000001,-30.0,1.113333333333333,134.0,1.5128571428571431,260.85714285714283,-0.9263239682514951,-0.3767278936351848
2023-09-10,0.94,87.0,0.2,0,4.477336814478207,0.97,4.564348191467836,1.09,4.836281906951478,0.2000000000000009,0.19999999999999202,0.028571428571427433,-0.030000000000000027,-8.0,0.9999999999999996,102.33333333333333,1.3942857142857144,235.57142857142858,-0.9326545075388225,-0.3607707992167831
2023-09-11,0.99,100.0,3.0,0,4.61512051684126,0.94,4.477336814478207,0.97,4.564348191467836,3.200000000000001,3.199999999999992,0.457142857142856,0.050000000000000044,13.0,0.9666666666666662,94.0,1.2185714285714284,171.85714285714286,-0.9387101892619443,-0.3447073839879337
2023-09-12,1.11,131.0,0.4,0,4.882801922586371,0.99,4.61512051684126,0.94,4.477336814478207,3.600000000000001,3.599999999999992,0.5142857142857131,0.1200000000000001,31.0,1.013333333333333,106.0,1.1071428571428572,133.14285714285714,-0.9444892287836613,-0.32854238191083474
2023-09-13,1.15,143.0,0.0,0,4.969813299576001,1.11,4.882801922586371,0.99,4.61512051684126,3.400000000000001,3.599999999999992,0.5142857142857131,0.039999999999999813,12.0,1.0833333333333328,124.66666666666667,1.0757142857142858,123.28571428571429,-0.9499899229945009,-0.3122805568857948
2023-09-14,1.09,125.0,0.4,0,4.836281906951478,1.15,4.969813299576001,1.11,4.882801922586371,0.8000000000000009,3.999999999999992,0.5714285714285703,-0.05999999999999983,-18.0,1.1166666666666663,133.0,1.0485714285714285,115.14285714285714,-0.9552106508146316,-0.29592670134728966
2023-09-15,1.07,120.0,5.4,0,4.795790545596741,1.09,4.836281906951478,1.15,4.969813299576001,5.800000000000002,9.399999999999991,1.3428571428571416,-0.020000000000000018,-5.0,1.1033333333333328,129.33333333333334,1.0457142857142858,114.42857142857143,-0.9601498736716017,-0.2794856348516098
2023-09-16,1.02,107.0,0.2,0,4.68213122712422,1.07,4.795790545596741,1.09,4.836281906951478,6.000000000000002,9.599999999999993,1.3714285714285703,-0.050000000000000044,-13.0,1.0599999999999996,117.33333333333333,1.0528571428571427,116.14285714285714,-0.9648061359537644,-0.2629622026565152
2023-09-17,1.04,113.0,0.0,0,4.736198448394496,1.02,4.68213122712422,1.07,4.795790545596741,5.600000000000001,9.399999999999993,1.3428571428571419,0.020000000000000018,6.0,1.043333333333333,113.33333333333333,1.0671428571428572,119.85714285714286,-0.9691780654392534,-0.24636127429331536
2023-09-18,1.01,105.0,0.0,0,4.663439094112067,1.04,4.736198448394496,1.02,4.68213122712422,0.2000000000000009,6.399999999999992,0.9142857142857131,-0.030000000000000027,-8.0,1.0233333333333328,108.33333333333333,1.07,120.57142857142857,-0.9732643737003823,-0.2296877421317963
2023-09-19,1.22,164.0,4.4,0,5.10594547390058,1.01,4.663439094112067,1.04,4.736198448394496,4.400000000000001,10.399999999999991,1.4857142857142844,0.20999999999999996,59.0,1.0899999999999996,127.33333333333333,1.0857142857142859,125.28571428571429,-0.9770638564833508,-0.21294651993841573
2023-09-20,1.14,140.0,0.0,0,4.948759890378168,1.22,5.10594547390058,1.01,4.663439094112067,4.400000000000001,10.399999999999991,1.4857142857142844,-0.08000000000000007,-24.0,1.1233333333333329,136.33333333333334,1.0842857142857143,124.85714285714286,-0.9805753940631429,-0.19614254142819712
2023-09-21,0.99,100.0,3.6,0,4.61512051684126,1.14,4.948759890378168,1.22,5.10594547390058,8.000000000000002,13.599999999999993,1.9428571428571417,-0.1499999999999999,-40.0,1.1166666666666663,134.66666666666666,1.07,121.28571428571429,-0.9837979515735163,-0.1792807588107359
2023-09-22,0.92,82.0,0.0,0,4.418840607796598,0.99,4.61512051684126,1.14,4.948759890378168,3.600000000000001,8.199999999999992,1.1714285714285704,-0.06999999999999995,-18.0,1.0166666666666662,107.33333333333333,1.0485714285714285,115.85714285714286,-0.9867305793119814,-0.16236614133076413
2023-09-23,0.89,75.0,0.0,0,4.330733340286331,0.92,4.418840607796598,0.99,4.61512051684126,3.600000000000001,7.999999999999993,1.142857142857142,-0.030000000000000027,-7.0,0.933333333333333,85.66666666666667,1.03,111.28571428571429,-0.9893724130196829,-0.14540367380369032
2023-09-24,0.9,77.0,0.0,0,4.356708826689592,0.89,4.330733340286331,0.92,4.418840607796598,0.0,7.999999999999993,1.142857142857142,0.010000000000000009,2.0,0.9033333333333329,78.0,1.01,106.14285714285714,-0.9917226741361014,-0.12839835514655154
2023-09-25,0.89,75.0,0.0,0,4.330733340286331,0.9,4.356708826689592,0.89,4.330733340286331,0.0,7.999999999999993,1.142857142857142,-0.010000000000000009,-2.0,0.893333333333333,75.66666666666667,0.9928571428571428,101.85714285714286,-0.9937806700284985,-0.11135519690480865
2023-09-26,0.86,68.0,0.0,0,4.23410650459726,0.89,4.330733340286331,0.9,4.356708826689592,0.0,3.599999999999992,0.5142857142857131,-0.030000000000000027,-7.0,0.8833333333333329,73.33333333333333,0.9414285714285714,88.14285714285714,-0.9955457941960382,-0.09427922177542443
2023-09-27,0.81,57.0,0.0,0,4.060443010546419,0.86,4.23410650459726,0.89,4.330733340286331,0.0,3.599999999999992,0.5142857142857131,-0.04999999999999993,-11.0,0.8533333333333329,66.66666666666667,0.8942857142857144,76.28571428571429,-0.9970175264485267,-0.07717546212664643
2023-09-28,0.8,55.0,0.0,0,4.02535169073515,0.81,4.060443010546419,0.86,4.23410650459726,0.0,0.0,0.0,-0.010000000000000009,-2.0,0.8233333333333329,60.0,0.8671428571428572,69.85714285714286,-0.998195433059714,-0.06004895851494849
2023-09-29,0.79,53.0,0.0,0,3.9889840465642745,0.8,4.02535169073515,0.81,4.060443010546419,0.0,0.0,0.0,-0.010000000000000009,-2.0,0.7999999999999997,55.0,0.8485714285714286,65.71428571428571,-0.9990791668951153,-0.04290475819955383
2023-09-30,0.76,48.0,0.0,0,3.8918202981106265,0.79,3.9889840465642745,0.8,4.02535169073515,0.0,0.0,0.0,-0.030000000000000027,-5.0,0.7833333333333329,52.0,0.8300000000000001,61.857142857142854,-0.9996684675143132,-0.025747913654988113
2023-10-01,0.81,57.0,0.0,0,4.060443010546419,0.76,3.8918202981106265,0.79,3.9889840465642745,0.0,0.0,0.0,0.050000000000000044,9.0,0.7866666666666662,52.666666666666664,0.8171428571428573,59.0,-0.9999631612477099,-0.008583481082086734
2023-10-02,0.81,57.0,0.0,0,4.060443010546419,0.81,4.060443010546419,0.76,3.8918202981106265,0.0,0.0,0.0,0.0,0.0,0.7933333333333329,54.0,0.8057142857142857,56.42857142857143,-0.9999631612477099,0.008583481082087254
2023-10-03,0.81,57.0,0.0,0,4.060443010546419,0.81,4.060443010546419,0.81,4.060443010546419,0.0,0.0,0.0,0.0,0.0,0.81,57.0,0.7985714285714287,54.857142857142854,-0.999668467514313,0.025747913654988634
2023-10-04,0.77,50.0,0.0,0,3.9318256327243257,0.81,4.060443010546419,0.81,4.060443010546419,0.0,0.0,0.0,-0.040000000000000036,-7.0,0.7966666666666663,54.666666666666664,0.7928571428571428,53.857142857142854,-0.9990791668951153,0.04290475819955435
2023-10-05,0.76,48.0,0.0,0,3.8918202981106265,0.77,3.9318256327243257,0.81,4.060443010546419,0.0,0.0,0.0,-0.010000000000000009,-2.0,0.7799999999999997,51.666666666666664,0.7871428571428571,52.857142857142854,-0.998195433059714,0.06004895851494813
2023-10-06,0.76,48.0,0.0,0,3.8918202981106265,0.76,3.8918202981106265,0.77,3.9318256327243257,0.0,0.0,0.0,0.0,0.0,0.7633333333333329,48.666666666666664,0.7828571428571429,52.142857142857146,-0.9970175264485267,0.07717546212664607
2023-10-07,0.76,48.0,0.0,0,3.8918202981106265,0.76,3.8918202981106265,0.76,3.8918202981106265,0.0,0.0,0.0,0.0,0.0,0.76,48.0,0.7828571428571429,52.142857142857146,-0.9955457941960382,0.09427922177542405
2023-10-08,0.8,55.0,0.0,0,4.02535169073515,0.76,3.8918202981106265,0.76,3.8918202981106265,0.0,0.0,0.0,0.040000000000000036,7.0,0.7733333333333329,50.333333333333336,0.7814285714285714,51.857142857142854,-0.9937806700284985,0.11135519690480827
2023-10-09,0.8,55.0,0.0,0,4.02535169073515,0.8,4.02535169073515,0.76,3.8918202981106265,0.0,0.0,0.0,0.0,0.0,0.7866666666666663,52.666666666666664,0.78,51.57142857142857,-0.9917226741361016,0.1283983551465503
2023-10-10,0.79,53.0,0.0,0,3.9889840465642745,0.8,4.02535169073515,0.8,4.02535169073515,0.0,0.0,0.0,-0.010000000000000009,-2.0,0.7966666666666663,54.333333333333336,0.777142857142857,51.0,-0.9893724130196829,0.14540367380368996
2023-10-11,0.78,51.0,0.0,0,3.9512437185814275,0.79,3.9889840465642745,0.8,4.02535169073515,0.0,0.0,0.0,-0.010000000000000009,-2.0,0.7899999999999996,53.0,0.7785714285714286,51.142857142857146,-0.9867305793119814,0.16236614133076377
2023-10-12,0.8,55.0,0.0,0,4.02535169073515,0.78,3.9512437185814275,0.79,3.9889840465642745,0.0,0.0,0.0,0.020000000000000018,4.0,0.7899999999999996,53.0,0.7842857142857144,52.142857142857146,-0.9837979515735163,0.17928075881073555
2023-10-13,0.8,55.0,0.0,0,4.02535169073515,0.8,4.02535169073515,0.78,3.9512437185814275,0.0,0.0,0.0,0.0,0.0,0.7933333333333329,53.666666666666664,0.79,53.142857142857146,-0.980575394063143,0.19614254142819676
2023-10-14,0.81,57.0,0.0,0,4.060443010546419,0.8,4.02535169073515,0.8,4.02535169073515,0.0,0.0,0.0,0.010000000000000009,2.0,0.8033333333333329,55.666666666666664,0.7971428571428572,54.42857142857143,-0.9770638564833509,0.21294651993841537
2023-10-15,0.82,59.0,3.8,0,4.0943445622221,0.81,4.060443010546419,0.8,4.02535169073515,3.8000000000000007,3.799999999999992,0.5428571428571417,0.009999999999999898,2.0,0.8099999999999996,57.0,0.8,55.0,-0.9732643737003827,0.22968774213179508
2023-10-16,0.83,61.0,0.0,0,4.127134385045092,0.82,4.0943445622221,0.81,4.060443010546419,3.8000000000000007,3.799999999999992,0.5428571428571417,0.010000000000000009,2.0,0.8199999999999995,59.0,0.8042857142857144,55.857142857142854,-0.9691780654392538,0.24636127429331414
2023-10-17,0.8,55.0,1.4,0,4.02535169073515,0.83,4.127134385045092,0.82,4.0943445622221,5.200000000000001,5.199999999999992,0.7428571428571418,-0.029999999999999916,-6.0,0.8166666666666663,58.333333333333336,0.8057142857142858,56.142857142857146,-0.9648061359537647,0.262962202656514
2023-10-18,0.8,55.0,0.6,0,4.02535169073515,0.8,4.02535169073515,0.83,4.127134385045092,2.000000000000001,5.799999999999992,0.8285714285714274,0.0,0.0,0.8099999999999996,57.0,0.8085714285714286,56.714285714285715,-0.9601498736716018,0.2794856348516095
2023-10-19,0.9,77.0,15.4,0,4.356708826689592,0.8,4.02535169073515,0.8,4.02535169073515,17.400000000000002,21.199999999999992,3.0285714285714276,0.09999999999999998,22.0,0.8333333333333329,62.333333333333336,0.822857142857143,59.857142857142854,-0.9552106508146317,0.2959267013472893
2023-10-20,0.91,80.0,0.2,0,4.394449154672439,0.9,4.356708826689592,0.8,4.02535169073515,16.200000000000003,21.39999999999999,3.057142857142856,0.010000000000000009,3.0,0.8699999999999997,70.66666666666667,0.8385714285714286,63.42857142857143,-0.9499899229945011,0.3122805568857945
2023-10-21,0.92,82.0,0.0,0,4.418840607796598,0.91,4.394449154672439,0.9,4.356708826689592,15.6,21.39999999999999,3.057142857142856,0.010000000000000009,2.0,0.9099999999999996,79.66666666666667,0.8542857142857143,67.0,-0.9444892287836614,0.3285423819108344
2023-10-22,0.91,80.0,2.8,0,4.394449154672439,0.92,4.418840607796598,0.91,4.394449154672439,3.0,20.39999999999999,2.9142857142857133,-0.010000000000000009,-2.0,0.913333333333333,80.66666666666667,0.8671428571428572,70.0,-0.938710189261944,0.3447073839879342
2023-10-23,0.92,82.0,4.0,0,4.418840607796598,0.91,4.394449154672439,0.92,4.418840607796598,6.8,24.39999999999999,3.4857142857142844,0.010000000000000009,2.0,0.9166666666666662,81.33333333333333,0.88,73.0,-0.9326545075388223,0.3607707992167836
2023-10-24,1.04,113.0,1.6,0,4.736198448394496,0.92,4.418840607796598,0.91,4.394449154672439,8.4,24.599999999999994,3.5142857142857133,0.12,31.0,0.9566666666666662,91.66666666666667,0.9142857142857144,81.28571428571429,-0.9263239682514949,0.3767278936351853
2023-10-25,1.11,131.0,0.0,0,4.882801922586371,1.04,4.736198448394496,0.92,4.418840607796598,5.6,23.999999999999993,3.4285714285714275,0.07000000000000006,18.0,1.0233333333333328,108.66666666666667,0.9585714285714287,92.14285714285714,-0.9197204370389466,0.3925739646141719
2023-10-26,1.11,131.0,1.2,0,4.882801922586371,1.11,4.882801922586371,1.04,4.736198448394496,2.8,9.799999999999994,1.399999999999999,0.0,0.0,1.0866666666666662,125.0,0.9885714285714285,99.85714285714286,-0.9128458599921356,0.40830434224389334
2023-10-27,1.08,123.0,0.0,0,4.820281565605037,1.11,4.882801922586371,1.11,4.882801922586371,1.2,9.599999999999994,1.3714285714285706,-0.030000000000000027,-8.0,1.0999999999999996,128.33333333333334,1.012857142857143,106.0,-0.9057022630804715,0.42391439070986053
2023-10-28,1.31,192.0,0.0,0,5.262690188904886,1.08,4.820281565605037,1.11,4.882801922586371,1.2,9.599999999999994,1.3714285714285706,0.22999999999999998,69.0,1.1666666666666663,148.66666666666666,1.0685714285714287,121.71428571428571,-0.898291751554753,0.4393995096591413
2023-10-29,1.36,208.0,5.4,0,5.342334251964811,1.31,5.262690188904886,1.08,4.820281565605037,5.4,12.199999999999992,1.7428571428571418,0.050000000000000044,16.0,1.2499999999999998,174.33333333333334,1.1328571428571428,140.0,-0.8906165093267406,0.4547551355561054
2023-10-30,1.27,179.0,1.0,0,5.19295685089021,1.36,5.342334251964811,1.31,5.262690188904886,6.4,9.199999999999992,1.3142857142857132,-0.09000000000000008,-29.0,1.3133333333333328,193.0,1.182857142857143,153.85714285714286,-0.8826787983255476,0.46997674302731957
2023-10-31,1.3,189.0,0.0,0,5.247024072160486,1.27,5.19295685089021,1.36,5.342334251964811,6.4,7.599999999999993,1.0857142857142847,0.030000000000000027,10.0,1.3099999999999996,192.0,1.2200000000000002,164.71428571428572,-0.8744809578310401,0.4850598461951956
2023-11-01,1.75,344.0,0.0,0,5.84354441703136,1.3,5.247024072160486,1.27,5.19295685089021,1.0,7.5999999999999925,1.0857142857142847,0.44999999999999996,155.0,1.4399999999999995,237.33333333333334,1.3114285714285716,195.14285714285714,-0.8660254037844386,0.5000000000000001
2023-11-02,1.51,258.0,5.8,0,5.556828061699537,1.75,5.84354441703136,1.3,5.247024072160486,5.8,12.199999999999992,1.7428571428571418,-0.24,-86.0,1.5199999999999996,263.6666666666667,1.3685714285714285,213.28571428571428,-0.8573146280763323,0.5147928015098306
2023-11-03,1.25,173.0,3.6,0,5.159055299214529,1.51,5.556828061699537,1.75,5.84354441703136,9.4,15.799999999999994,2.2571428571428562,-0.26,-85.0,1.503333333333333,258.3333333333333,1.3928571428571428,220.42857142857142,-0.848351197812304,0.5294338912181851
2023-11-04,1.67,315.0,0.0,0,5.755742213586912,1.25,5.159055299214529,1.51,5.556828061699537,9.4,15.799999999999994,2.2571428571428562,0.41999999999999993,142.0,1.4766666666666663,248.66666666666666,1.4442857142857144,238.0,-0.8391377545563939,0.5439189543287245
2023-11-05,1.68,319.0,0.0,0,5.768320995793772,1.67,5.755742213586912,1.25,5.159055299214529,3.6,10.399999999999993,1.4857142857142847,0.010000000000000009,4.0,1.533333333333333,269.0,1.49,253.85714285714286,-0.8296770135526191,0.5582437220268645
2023-11-06,2.03,463.0,0.0,0,6.139884552226255,1.68,5.768320995793772,1.67,5.755742213586912,0.0,9.399999999999993,1.3428571428571419,0.34999999999999987,144.0,1.793333333333333,365.6666666666667,1.5985714285714285,294.42857142857144,-0.8199717629247775,0.5724039727378144
2023-11-07,1.95,428.0,0.0,0,6.061456918928017,2.03,6.139884552226255,1.68,5.768320995793772,0.0,9.399999999999993,1.3428571428571419,-0.07999999999999985,-35.0,1.886666666666666,403.3333333333333,1.691428571428571,328.57142857142856,-0.8100248628547756,0.5863955333706952
2023-11-08,1.55,272.0,4.2,0,5.60947179518496,1.95,6.061456918928017,2.03,6.139884552226255,4.2,13.599999999999993,1.9428571428571417,-0.3999999999999999,-156.0,1.8433333333333328,387.6666666666667,1.6628571428571426,318.2857142857143,-0.7998392447397198,0.6002142805483676
2023-11-09,1.46,241.0,0.8,0,5.488937726156687,1.55,5.60947179518496,1.95,6.061456918928017,5.0,8.599999999999993,1.2285714285714275,-0.09000000000000008,-31.0,1.653333333333333,313.6666666666667,1.6557142857142857,315.85714285714283,-0.7894179103280197,0.613856141822612
2023-11-10,1.38,215.0,0.0,0,5.375278407684165,1.46,5.488937726156687,1.55,5.60947179518496,5.0,4.999999999999993,0.7142857142857133,-0.08000000000000007,-26.0,1.463333333333333,242.66666666666666,1.6742857142857142,321.85714285714283,-0.7787639308347607,0.6273170968742937
2023-11-11,1.36,208.0,2.0,0,5.342334251964811,1.38,5.375278407684165,1.46,5.488937726156687,2.8,6.999999999999993,0.999999999999999,-0.019999999999999796,-7.0,1.3999999999999995,221.33333333333334,1.6299999999999997,306.57142857142856,-0.7678804460366002,0.640593178698175
2023-11-12,1.35,205.0,0.0,0,5.327876168789581,1.36,5.342334251964811,1.38,5.375278407684165,1.9999999999999998,6.999999999999993,0.999999999999999,-0.010000000000000009,-3.0,1.363333333333333,209.33333333333334,1.582857142857143,290.2857142857143,-0.7567706633464628,0.6536804747720056
2023-11-13,1.49,251.0,0.0,0,5.529429087511423,1.35,5.327876168789581,1.36,5.342334251964811,1.9999999999999998,6.999999999999993,0.999999999999999,0.1399999999999999,46.0,1.3999999999999997,221.33333333333334,1.5057142857142856,260.0,-0.7454378568682999,0.6665751282095634
2023-11-14,1.52,261.0,0.0,0,5.568344503761097,1.49,5.529429087511423,1.35,5.327876168789581,0.0,6.999999999999993,0.999999999999999,0.030000000000000027,10.0,1.453333333333333,239.0,1.4442857142857144,236.14285714285714,-0.7338853664321989,0.6792733388972934
2023-11-15,1.46,241.0,0.0,0,5.488937726156687,1.52,5.568344503761097,1.49,5.529429087511423,0.0,2.799999999999992,0.39999999999999886,-0.06000000000000005,-20.0,1.4899999999999995,251.0,1.4314285714285713,231.71428571428572,-0.7221165966101161,0.6917713646142221
2023-11-16,1.37,212.0,0.0,0,5.3612921657094255,1.46,5.488937726156687,1.52,5.568344503761097,0.0,1.9999999999999918,0.28571428571428453,-0.08999999999999986,-29.0,1.4499999999999995,238.0,1.4185714285714286,227.57142857142858,-0.7101350157125358,0.7040655221348057
2023-11-17,1.33,198.0,0.0,0,5.293304824724492,1.37,5.3612921657094255,1.46,5.488937726156687,0.0,1.9999999999999918,0.28571428571428453,-0.040000000000000036,-14.0,1.386666666666666,217.0,1.4114285714285715,225.14285714285714,-0.6979441547663436,0.7161521883143932
2023-11-18,1.3,189.0,0.0,0,5.247024072160486,1.33,5.293304824724492,1.37,5.3612921657094255,0.0,0.0,0.0,-0.030000000000000027,-9.0,1.333333333333333,199.66666666666666,1.4028571428571428,222.42857142857142,-0.6855476064742156,0.7280278011569846
2023-11-19,1.22,164.0,0.0,0,5.10594547390058,1.3,5.247024072160486,1.33,5.293304824724492,0.0,0.0,0.0,-0.08000000000000007,-25.0,1.283333333333333,183.66666666666666,1.3842857142857141,216.57142857142858,-0.6729490241558331,0.7396888608649665
2023-11-20,1.16,146.0,0.0,0,4.990432586778736,1.22,5.10594547390058,1.3,5.247024072160486,0.0,0.0,0.0,-0.06000000000000005,-18.0,1.2266666666666663,166.33333333333334,1.337142857142857,201.57142857142858,-0.6601521206712321,0.7511319308705195
2023-11-21,1.13,137.0,0.0,0,4.927253685157205,1.16,4.990432586778736,1.22,5.10594547390058,0.0,0.0,0.0,-0.030000000000000027,-9.0,1.1699999999999997,149.0,1.2814285714285714,183.85714285714286,-0.6471606673266065,0.7623536388483899
2023-11-22,1.1,128.0,0.0,0,4.859812404361672,1.13,4.927253685157205,1.16,4.990432586778736,0.0,0.0,0.0,-0.029999999999999805,-9.0,1.1299999999999997,137.0,1.2300000000000002,167.71428571428572,-0.6339784927628872,0.7733506777097294
2023-11-23,2.08,485.0,0.0,0,6.186208623900494,1.1,4.859812404361672,1.13,4.927253685157205,0.0,0.0,0.0,0.98,357.0,1.4366666666666663,250.0,1.3314285714285714,206.71428571428572,-0.6206094818274227,0.7841198065767104
2023-11-24,2.07,481.0,0.0,0,6.1779441140506,2.08,6.186208623900494,1.1,4.859812404361672,0.0,0.0,0.0,-0.010000000000000231,-4.0,1.7499999999999993,364.6666666666667,1.437142857142857,247.14285714285714,-0.607057574429101,0.7946578517376245
2023-11-25,1.83,375.0,0.0,0,5.929589143389895,2.07,6.1779441140506,2.08,6.186208623900494,0.0,0.0,0.0,-0.23999999999999977,-106.0,1.993333333333333,447.0,1.512857142857143,273.7142857142857,-0.5933267643772321,0.8049617075821958
2023-11-26,1.55,272.0,0.0,0,5.60947179518496,1.83,5.929589143389895,2.07,6.1779441140506,0.0,0.0,0.0,-0.28,-103.0,1.8166666666666664,376.0,1.56,289.14285714285717,-0.5794210982045647,0.8150283375168107
2023-11-27,1.32,195.0,0.0,0,5.278114659230517,1.55,5.60947179518496,1.83,5.929589143389895,0.0,0.0,0.0,-0.22999999999999998,-77.0,1.5666666666666664,280.6666666666667,1.582857142857143,296.14285714285717,-0.5653446739747432,0.8248547748594242
2023-11-28,1.25,173.0,0.0,0,5.159055299214529,1.32,5.278114659230517,1.55,5.60947179518496,0.0,0.0,0.0,-0.07000000000000006,-22.0,1.373333333333333,213.33333333333334,1.6,301.2857142857143,-0.5511016400745998,0.8344381237138475
2023-11-29,1.31,192.0,0.0,0,5.262690188904886,1.25,5.159055299214529,1.32,5.278114659230517,0.0,0.0,0.0,0.06000000000000005,19.0,1.2933333333333332,186.66666666666666,1.6300000000000001,310.42857142857144,-0.5366961939916011,0.8437755598231853
2023-11-30,1.43,231.0,5.2,0,5.44673737166631,1.31,5.262690188904886,1.25,5.159055299214529,5.2,5.199999999999992,0.7428571428571418,0.11999999999999988,39.0,1.3299999999999998,198.66666666666666,1.5371428571428574,274.14285714285717,-0.5221325810768248,0.8528643314021598
2023-12-01,1.41,225.0,0.2,0,5.420534999272286,1.43,5.44673737166631,1.31,5.262690188904886,5.4,5.399999999999992,0.7714285714285704,-0.020000000000000018,-6.0,1.3833333333333329,216.0,1.442857142857143,237.57142857142858,-0.5074150932938463,0.8617017599480677
2023-12-02,2.45,647.0,0.0,0,6.473890696352274,1.41,5.420534999272286,1.43,5.44673737166631,5.4,5.399999999999992,0.7714285714285704,1.0400000000000003,422.0,1.763333333333333,367.6666666666667,1.5314285714285716,276.42857142857144,-0.4925480679538645,0.8702852410301551
2023-12-03,2.6,716.0,0.6,0,6.57507584059962,2.45,6.473890696352274,1.41,5.420534999272286,0.8,5.999999999999992,0.857142857142856,0.1499999999999999,69.0,2.153333333333333,529.3333333333334,1.6814285714285713,339.85714285714283,-0.47753588643748845,0.8786122450571482
2023-12-04,2.5,669.0,2.0,0,6.507277712385012,2.6,6.57507584059962,2.45,6.473890696352274,2.6,7.999999999999992,1.1428571428571417,-0.10000000000000009,-47.0,2.516666666666666,677.3333333333334,1.8499999999999999,407.57142857142856,-0.4623829729035152,0.8866803180227398
2023-12-05,2.44,643.0,0.0,0,6.467698726104354,2.5,6.507277712385012,2.6,6.57507584059962,2.6,7.999999999999992,1.1428571428571417,-0.06000000000000005,-26.0,2.513333333333333,676.0,2.02,474.7142857142857,-0.44709379298511437,0.8944870822287954
2023-12-06,1.86,388.0,0.0,0,5.963579343618446,2.44,6.467698726104354,2.5,6.507277712385012,2.0,7.999999999999992,1.1428571428571417,-0.5799999999999998,-255.0,2.2666666666666666,566.6666666666666,2.0985714285714288,502.7142857142857,-0.43167285247378356,0.9020302369860709
2023-12-07,1.82,371.0,8.0,0,5.918893854273146,1.86,5.963579343618446,2.44,6.467698726104354,8.0,10.799999999999992,1.5428571428571416,-0.040000000000000036,-17.0,2.0399999999999996,467.3333333333333,2.1542857142857144,522.7142857142857,-0.4161246959914751,0.9093075592922355
2023-12-08,1.72,333.0,0.0,0,5.811140992976701,1.82,5.918893854273146,1.86,5.963579343618446,8.0,10.599999999999993,1.5142857142857131,-0.10000000000000009,-38.0,1.7999999999999998,364.0,2.198571428571429,538.1428571428571,-0.4004539056512665,0.9163169044870048
2023-12-09,1.62,297.0,0.0,0,5.697093486505405,1.72,5.811140992976701,1.82,5.918893854273146,8.0,10.599999999999993,1.5142857142857131,-0.09999999999999987,-36.0,1.7199999999999998,333.6666666666667,2.08,488.14285714285717,-0.3846650997070013,0.923056206884176
2023-12-10,1.65,308.0,0.0,0,5.733341276897746,1.62,5.697093486505405,1.72,5.811140992976701,0.0,9.999999999999991,1.4285714285714273,0.029999999999999805,11.0,1.663333333333333,312.6666666666667,1.9442857142857144,429.85714285714283,-0.3687629311922604,0.9295234803804002
2023-12-11,1.61,294.0,0.0,0,5.68697535633982,1.65,5.733341276897746,1.62,5.697093486505405,0.0,7.999999999999992,1.1428571428571417,-0.039999999999999813,-14.0,1.6266666666666663,299.6666666666667,1.8171428571428572,376.2857142857143,-0.3527520865490943,0.9357168190404939
2023-12-12,1.54,269.0,0.0,0,5.598421958998375,1.61,5.68697535633982,1.65,5.733341276897746,0.0,7.999999999999992,1.1428571428571417,-0.07000000000000006,-25.0,1.5999999999999996,290.3333333333333,1.6885714285714286,322.85714285714283,-0.3366372842469107,0.9416343976591258
2023-12-13,1.48,248.0,0.0,0,5.517452896464707,1.54,5.598421958998375,1.61,5.68697535633982,0.0,7.999999999999992,1.1428571428571417,-0.06000000000000005,-21.0,1.543333333333333,270.3333333333333,1.6342857142857141,302.85714285714283,-0.3204232733919109,0.947274472298717
2023-12-14,1.43,231.0,0.0,0,5.44673737166631,1.48,5.517452896464707,1.54,5.598421958998375,0.0,0.0,0.0,-0.050000000000000044,-17.0,1.4833333333333332,249.33333333333334,1.5785714285714285,282.85714285714283,-0.30411483232751857,0.9526353808033823
2023-12-15,2.05,472.0,0.0,0,6.159095388491933,1.43,5.44673737166631,1.48,5.517452896464707,0.0,0.0,0.0,0.6199999999999999,241.0,1.653333333333333,317.0,1.625714285714286,302.7142857142857,-0.28771676722616696,0.9577155432887803
2023-12-16,2.22,546.0,0.0,0,6.304448802421981,2.05,6.159095388491933,1.43,5.44673737166631,0.0,0.0,0.0,0.17000000000000037,74.0,1.8999999999999997,416.3333333333333,1.7114285714285715,338.2857142857143,-0.27123391067291097,0.9625134626077079
2023-12-17,2.16,520.0,0.0,0,6.255750041753367,2.22,6.304448802421981,2.05,6.159095388491933,0.0,0.0,0.0,-0.06000000000000005,-26.0,2.143333333333333,512.6666666666666,1.7842857142857143,368.57142857142856,-0.25467112024122895,0.9670277247913203
2023-12-18,1.98,441.0,0.0,0,6.091309882077698,2.16,6.255750041753367,2.22,6.304448802421981,0.0,0.0,0.0,-0.18000000000000016,-79.0,2.1199999999999997,502.3333333333333,1.837142857142857,389.57142857142856,-0.23803327706148678,0.9712569994658311
2023-12-19,1.78,355.0,0.0,0,5.87493073085203,1.98,6.091309882077698,2.16,6.255750041753367,0.0,0.0,0.0,-0.19999999999999996,-86.0,1.973333333333333,438.6666666666667,1.8714285714285717,401.85714285714283,-0.22132528438243296,0.9752000402445824
2023-12-20,1.65,308.0,0.0,0,5.733341276897746,1.78,5.87493073085203,1.98,6.091309882077698,0.0,0.0,0.0,-0.13000000000000012,-47.0,1.803333333333333,368.0,1.895714285714286,410.42857142857144,-0.2045520661262005,0.9788556850953579
2023-12-21,1.57,279.0,0.0,0,5.634789603169249,1.65,5.733341276897746,1.78,5.87493073085203,0.0,0.0,0.0,-0.07999999999999985,-29.0,1.6666666666666667,314.0,1.9157142857142857,417.2857142857143,-0.1877185654371994,0.9822228566828405
2023-12-22,1.75,344.0,0.0,0,5.84354441703136,1.57,5.634789603169249,1.65,5.733341276897746,0.0,0.0,0.0,0.17999999999999994,65.0,1.6566666666666663,310.3333333333333,1.8728571428571428,399.0,-0.17082974322534408,0.985300562686109
2023-12-23,1.75,344.0,0.0,0,5.84354441703136,1.75,5.84354441703136,1.57,5.634789603169249,0.0,0.0,0.0,0.0,0.0,1.6900000000000002,322.3333333333333,1.8057142857142858,370.14285714285717,-0.1538905767040627,0.9880878960910771
2023-12-24,1.72,333.0,0.0,0,5.811140992976701,1.75,5.84354441703136,1.75,5.84354441703136,0.0,0.0,0.0,-0.030000000000000027,-11.0,1.74,340.3333333333333,1.7428571428571427,343.42857142857144,-0.1369060579234754,0.9905840354577969
2023-12-25,1.7,326.0,0.0,0,5.7899601708972535,1.72,5.811140992976701,1.75,5.84354441703136,0.0,0.0,0.0,-0.020000000000000018,-7.0,1.7233333333333334,334.3333333333333,1.7028571428571426,327.0,-0.1198811922992275,0.99278824516254
2023-12-26,1.58,283.0,0.0,0,5.648974238161206,1.7,5.7899601708972535,1.72,5.811140992976701,0.0,0.0,0.0,-0.11999999999999988,-43.0,1.6666666666666667,314.0,1.6742857142857142,316.7142857142857,-0.1028209971373608,0.9946998756145891
2023-12-27,1.45,238.0,0.0,0,5.476463551931511,1.58,5.648974238161206,1.7,5.7899601708972535,0.0,0.0,0.0,-0.13000000000000012,-45.0,1.5766666666666664,282.3333333333333,1.6457142857142857,306.7142857142857,-0.08573050015569487,0.9963183634476755
2023-12-28,1.38,215.0,0.0,0,5.375278407684165,1.45,5.476463551931511,1.58,5.648974238161206,0.0,0.0,0.0,-0.07000000000000006,-23.0,1.4699999999999998,245.33333333333334,1.6185714285714283,297.57142857142856,-0.06861473800213468,0.9976432316860063
2023-12-29,1.35,205.0,0.0,0,5.327876168789581,1.38,5.375278407684165,1.45,5.476463551931511,0.0,0.0,0.0,-0.029999999999999805,-10.0,1.3933333333333333,219.33333333333334,1.5614285714285714,277.7142857142857,-0.05147875477034641,0.9986740898848305
2023-12-30,1.3,189.0,0.0,0,5.247024072160486,1.35,5.327876168789581,1.38,5.375278407684165,0.0,0.0,0.0,-0.050000000000000044,-16.0,1.343333333333333,203.0,1.4971428571428569,255.57142857142858,-0.034327600513243496,0.9994106342455052
2023-12-31,1.28,182.0,0.0,0,5.209486152841421,1.3,5.247024072160486,1.35,5.327876168789581,0.0,0.0,0.0,-0.020000000000000018,-7.0,1.3099999999999998,192.0,1.4342857142857144,234.0,-0.017166329754707492,0.9998526477050269
2024-01-01,1.26,176.0,0.0,0,5.176149732573829,1.28,5.209486152841421,1.3,5.247024072160486,0.0,0.0,0.0,-0.020000000000000018,-6.0,1.28,182.33333333333334,1.3714285714285714,212.57142857142858,0.01716632975470737,0.9998526477050269
2024-01-02,1.2,158.0,0.0,0,5.0689042022202315,1.26,5.176149732573829,1.28,5.209486152841421,0.0,0.0,0.0,-0.06000000000000005,-18.0,1.2466666666666664,172.0,1.317142857142857,194.71428571428572,0.034327600513243496,0.9994106342455052
2024-01-03,1.14,140.0,1.4,0,4.948759890378168,1.2,5.0689042022202315,1.26,5.176149732573829,1.4,1.399999999999992,0.19999999999999885,-0.06000000000000005,-18.0,1.1999999999999997,158.0,1.272857142857143,180.71428571428572,0.05147875477034653,0.9986740898848305
2024-01-04,1.08,123.0,9.6,0,4.820281565605037,1.14,4.948759890378168,1.2,5.0689042022202315,11.0,10.999999999999991,1.57142857142857,-0.05999999999999983,-17.0,1.14,140.33333333333334,1.23,167.57142857142858,0.06861473800213404,0.9976432316860063
2024-01-05,1.14,140.0,0.2,0,4.948759890378168,1.08,4.820281565605037,1.14,4.948759890378168,11.2,11.19999999999999,1.5999999999999985,0.05999999999999983,17.0,1.1199999999999999,134.33333333333334,1.2,158.28571428571428,0.08573050015569435,0.9963183634476755
2024-01-06,1.14,140.0,0.0,0,4.948759890378168,1.14,4.948759890378168,1.08,4.820281565605037,9.799999999999999,11.19999999999999,1.5999999999999985,0.0,0.0,1.1199999999999999,134.33333333333334,1.1771428571428568,151.28571428571428,0.1028209971373604,0.9946998756145891
2024-01-07,1.66,312.0,0.0,0,5.746203190540153,1.14,4.948759890378168,1.14,4.948759890378168,0.2,11.19999999999999,1.5999999999999985,0.52,172.0,1.3133333333333332,197.33333333333334,1.2314285714285713,169.85714285714286,0.11988119229922722,0.99278824516254
2024-01-08,2.25,560.0,0.0,0,6.329720905522696,1.66,5.746203190540153,1.14,4.948759890378168,0.0,11.19999999999999,1.5999999999999985,0.5900000000000001,248.0,1.6833333333333333,337.3333333333333,1.3728571428571428,224.71428571428572,0.13690605792347524,0.990584035457797
2024-01-09,2.29,577.0,0.0,0,6.359573868672378,2.25,6.329720905522696,1.66,5.746203190540153,0.0,11.19999999999999,1.5999999999999985,0.040000000000000036,17.0,2.0666666666666664,483.0,1.5285714285714285,284.57142857142856,0.15389057670406178,0.9880878960910772
2024-01-10,2.15,516.0,2.2,0,6.248042874508429,2.29,6.359573868672378,2.25,6.329720905522696,2.2,11.999999999999991,1.714285714285713,-0.14000000000000012,-61.0,2.23,551.0,1.672857142857143,338.2857142857143,0.17082974322534417,0.985300562686109
2024-01-11,1.81,366.0,0.0,0,5.905361848054571,2.15,6.248042874508429,2.29,6.359573868672378,2.2,2.3999999999999915,0.34285714285714164,-0.33999999999999986,-150.0,2.0833333333333335,486.3333333333333,1.7771428571428574,373.0,0.1877185654371987,0.9822228566828407
2024-01-12,1.61,294.0,0.0,0,5.68697535633982,1.81,5.905361848054571,2.15,6.248042874508429,2.2,2.1999999999999913,0.31428571428571306,-0.19999999999999996,-72.0,1.8566666666666665,392.0,1.8442857142857143,395.0,0.2045520661262008,0.9788556850953578
2024-01-13,1.53,265.0,0.0,0,5.583496308781699,1.61,5.68697535633982,1.81,5.905361848054571,0.0,2.1999999999999913,0.31428571428571306,-0.08000000000000007,-29.0,1.6499999999999997,308.3333333333333,1.9,412.85714285714283,0.22132528438243257,0.9752000402445825
2024-01-14,1.43,231.0,0.6,0,5.44673737166631,1.53,5.583496308781699,1.61,5.68697535633982,0.6,2.7999999999999914,0.39999999999999875,-0.10000000000000009,-34.0,1.5233333333333332,263.3333333333333,1.8671428571428572,401.2857142857143,0.2380332770614856,0.9712569994658314
2024-01-15,1.38,215.0,0.2,0,5.375278407684165,1.43,5.44673737166631,1.53,5.583496308781699,0.8,2.999999999999991,0.4285714285714273,-0.050000000000000044,-16.0,1.4466666666666663,237.0,1.742857142857143,352.0,0.2546711202412287,0.9670277247913204
2024-01-16,1.52,261.0,0.2,0,5.568344503761097,1.38,5.375278407684165,1.43,5.44673737166631,1.0,3.1999999999999913,0.4571428571428559,0.14000000000000012,46.0,1.4433333333333331,235.66666666666666,1.6328571428571428,306.85714285714283,0.27123391067291003,0.9625134626077081
2024-01-17,1.67,315.0,0.4,0,5.755742213586912,1.52,5.568344503761097,1.38,5.375278407684165,0.8,1.399999999999991,0.1999999999999987,0.1499999999999999,54.0,1.5233333333333332,263.6666666666667,1.5642857142857143,278.14285714285717,0.287716767226167,0.9577155432887803
2024-01-18,1.77,351.0,1.4,0,5.863631175598097,1.67,5.755742213586912,1.52,5.568344503761097,2.0,2.799999999999991,0.3999999999999987,0.10000000000000009,36.0,1.6533333333333333,309.0,1.5585714285714285,276.0,0.30411483232751785,0.9526353808033826
2024-01-19,1.76,348.0,17.4,0,5.855071922202427,1.77,5.863631175598097,1.67,5.755742213586912,19.2,20.19999999999999,2.885714285714284,-0.010000000000000009,-3.0,1.7333333333333332,338.0,1.5799999999999998,283.7142857142857,0.3204232733919111,0.9472744722987169
2024-01-20,1.72,333.0,0.0,0,5.811140992976701,1.76,5.855071922202427,1.77,5.863631175598097,18.8,20.19999999999999,2.885714285714284,-0.040000000000000036,-15.0,1.7499999999999998,344.0,1.6071428571428572,293.42857142857144,0.33663728424691025,0.9416343976591259
2024-01-21,1.64,305.0,0.0,0,5.723585101952381,1.72,5.811140992976701,1.76,5.855071922202427,17.4,19.599999999999987,2.799999999999998,-0.08000000000000007,-28.0,1.7066666666666663,328.6666666666667,1.6371428571428572,304.0,0.3527520865490948,0.9357168190404936
2024-01-22,1.51,258.0,0.0,0,5.556828061699537,1.64,5.723585101952381,1.72,5.811140992976701,0.0,19.399999999999988,2.7714285714285696,-0.1299999999999999,-47.0,1.623333333333333,298.6666666666667,1.6557142857142857,310.14285714285717,0.3687629311922601,0.9295234803804003
2024-01-23,1.42,228.0,0.0,0,5.43372200355424,1.51,5.556828061699537,1.64,5.723585101952381,0.0,19.19999999999999,2.742857142857141,-0.09000000000000008,-30.0,1.5233333333333332,263.6666666666667,1.6414285714285715,305.42857142857144,0.3846650997070012,0.9230562068841761
2024-01-24,1.38,215.0,0.0,0,5.375278407684165,1.42,5.43372200355424,1.51,5.556828061699537,0.0,18.79999999999999,2.685714285714284,-0.040000000000000036,-13.0,1.4366666666666665,233.66666666666666,1.5999999999999999,291.14285714285717,0.40045390565126643,0.9163169044870048
2024-01-25,1.31,192.0,0.0,0,5.262690188904886,1.38,5.375278407684165,1.42,5.43372200355424,0.0,17.399999999999988,2.485714285714284,-0.06999999999999984,-23.0,1.3699999999999999,211.66666666666666,1.5342857142857143,268.42857142857144,0.41612469599147445,0.9093075592922358
2024-01-26,1.22,164.0,0.0,0,5.10594547390058,1.31,5.262690188904886,1.38,5.375278407684165,0.0,0.0,0.0,-0.09000000000000008,-28.0,1.3033333333333332,190.33333333333334,1.4571428571428573,242.14285714285714,0.43167285247378384,0.9020302369860707
2024-01-27,1.2,158.0,0.0,0,5.0689042022202315,1.22,5.10594547390058,1.31,5.262690188904886,0.0,0.0,0.0,-0.020000000000000018,-6.0,1.2433333333333332,171.33333333333334,1.3828571428571428,217.14285714285714,0.44709379298511387,0.8944870822287956
2024-01-28,1.17,149.0,0.0,0,5.0106352940962555,1.2,5.0689042022202315,1.22,5.10594547390058,0.0,0.0,0.0,-0.030000000000000027,-9.0,1.1966666666666665,157.0,1.3157142857142856,194.85714285714286,0.4623829729035149,0.88668031802274
2024-01-29,1.11,131.0,0.0,0,4.882801922586371,1.17,5.0106352940962555,1.2,5.0689042022202315,0.0,0.0,0.0,-0.05999999999999983,-18.0,1.16,146.0,1.2585714285714285,176.71428571428572,0.47753588643748823,0.8786122450571483
2024-01-30,1.08,123.0,0.0,0,4.820281565605037,1.11,4.882801922586371,1.17,5.0106352940962555,0.0,0.0,0.0,-0.030000000000000027,-8.0,1.1199999999999999,134.33333333333334,1.2099999999999997,161.71428571428572,0.4925480679538643,0.8702852410301553
2024-01-31,1.06,118.0,0.0,0,4.77912349311153,1.08,4.820281565605037,1.11,4.882801922586371,0.0,0.0,0.0,-0.020000000000000018,-5.0,1.0833333333333333,124.0,1.1642857142857144,147.85714285714286,0.5074150932938455,0.8617017599480682
2024-02-01,1.04,113.0,0.0,0,4.736198448394496,1.06,4.77912349311153,1.08,4.820281565605037,0.0,0.0,0.0,-0.020000000000000018,-5.0,1.0599999999999998,118.0,1.125714285714286,136.57142857142858,0.5221325810768248,0.8528643314021597
2024-02-02,1.08,123.0,0.0,0,4.820281565605037,1.04,4.736198448394496,1.06,4.77912349311153,0.0,0.0,0.0,0.040000000000000036,10.0,1.0599999999999998,118.0,1.1057142857142856,130.71428571428572,0.5366961939916004,0.8437755598231856
2024-02-03,1.03,110.0,0.0,0,4.709530201312334,1.08,4.820281565605037,1.04,4.736198448394496,0.0,0.0,0.0,-0.050000000000000044,-13.0,1.0499999999999998,115.33333333333333,1.0814285714285714,123.85714285714286,0.5511016400746002,0.8344381237138473
2024-02-04,1.08,123.0,0.0,0,4.820281565605037,1.03,4.709530201312334,1.08,4.820281565605037,0.0,0.0,0.0,0.050000000000000044,13.0,1.0633333333333332,118.66666666666667,1.0685714285714287,120.14285714285714,0.5653446739747429,0.8248547748594244
2024-02-05,1.05,115.0,0.0,0,4.7535901911063645,1.08,4.820281565605037,1.03,4.709530201312334,0.0,0.0,0.0,-0.030000000000000027,-8.0,1.0533333333333332,116.0,1.06,117.85714285714286,0.5794210982045637,0.8150283375168114
2024-02-06,1.05,115.0,0.0,0,4.7535901911063645,1.05,4.7535901911063645,1.08,4.820281565605037,0.0,0.0,0.0,0.0,0.0,1.0599999999999998,117.66666666666667,1.0557142857142858,116.71428571428571,0.593326764377232,0.8049617075821959
2024-02-07,1.03,110.0,0.0,0,4.709530201312334,1.05,4.7535901911063645,1.05,4.7535901911063645,0.0,0.0,0.0,-0.020000000000000018,-5.0,1.0433333333333332,113.33333333333333,1.0514285714285714,115.57142857142857,0.6070575744291002,0.7946578517376252
2024-02-08,1.03,110.0,5.8,0,4.709530201312334,1.03,4.709530201312334,1.05,4.7535901911063645,5.8,5.799999999999989,0.8285714285714271,0.0,0.0,1.0366666666666664,111.66666666666667,1.05,115.14285714285714,0.6206094818274227,0.7841198065767104
2024-02-09,1.02,107.0,5.0,0,4.68213122712422,1.03,4.709530201312334,1.03,4.709530201312334,10.8,10.79999999999999,1.5428571428571414,-0.010000000000000009,-3.0,1.0266666666666666,109.0,1.0414285714285714,112.85714285714286,0.6339784927628866,0.7733506777097299
2024-02-10,1.28,182.0,2.0,0,5.209486152841421,1.02,4.68213122712422,1.03,4.709530201312334,12.8,12.79999999999999,1.8285714285714272,0.26,75.0,1.1099999999999999,133.0,1.0771428571428572,123.14285714285714,0.647160667326606,0.7623536388483904
2024-02-11,1.65,308.0,0.0,0,5.733341276897746,1.28,5.209486152841421,1.02,4.68213122712422,7.0,12.79999999999999,1.8285714285714272,0.3699999999999999,126.0,1.3166666666666667,199.0,1.1585714285714286,149.57142857142858,0.6601521206712317,0.7511319308705199
2024-02-12,1.71,330.0,0.0,0,5.802118375377063,1.65,5.733341276897746,1.28,5.209486152841421,2.0,12.79999999999999,1.8285714285714272,0.06000000000000005,22.0,1.5466666666666666,273.3333333333333,1.252857142857143,180.28571428571428,0.6729490241558329,0.7396888608649668
2024-02-13,1.63,301.0,0.0,0,5.71042701737487,1.71,5.802118375377063,1.65,5.733341276897746,0.0,12.79999999999999,1.8285714285714272,-0.08000000000000007,-29.0,1.663333333333333,313.0,1.3357142857142856,206.85714285714286,0.6855476064742154,0.7280278011569848
2024-02-14,1.41,225.0,0.0,0,5.420534999272286,1.63,5.71042701737487,1.71,5.802118375377063,0.0,12.79999999999999,1.8285714285714272,-0.21999999999999997,-76.0,1.583333333333333,285.3333333333333,1.3900000000000001,223.28571428571428,0.6979441547663435,0.7161521883143933
2024-02-15,1.29,185.0,2.4,0,5.225746673713202,1.41,5.420534999272286,1.63,5.71042701737487,2.4,9.39999999999999,1.3428571428571414,-0.11999999999999988,-40.0,1.4433333333333331,237.0,1.4271428571428568,234.0,0.7101350157125358,0.7040655221348057
2024-02-16,1.31,192.0,0.0,0,5.262690188904886,1.29,5.225746673713202,1.41,5.420534999272286,2.4,4.39999999999999,0.6285714285714271,0.020000000000000018,7.0,1.3366666666666667,200.66666666666666,1.4685714285714284,246.14285714285714,0.7221165966101162,0.6917713646142218
2024-02-17,1.49,251.0,0.0,0,5.529429087511423,1.31,5.262690188904886,1.29,5.225746673713202,2.4,2.3999999999999893,0.3428571428571413,0.17999999999999994,59.0,1.3633333333333333,209.33333333333334,1.4985714285714287,256.0,0.733885366432199,0.6792733388972931
2024-02-18,1.72,333.0,0.0,0,5.811140992976701,1.49,5.529429087511423,1.31,5.262690188904886,0.0,2.3999999999999893,0.3428571428571413,0.22999999999999998,82.0,1.5066666666666666,258.6666666666667,1.5085714285714287,259.57142857142856,0.7454378568683001,0.6665751282095632
2024-02-19,1.72,333.0,0.0,0,5.811140992976701,1.72,5.811140992976701,1.49,5.529429087511423,0.0,2.3999999999999893,0.3428571428571413,0.0,0.0,1.6433333333333333,305.6666666666667,1.51,260.0,0.7567706633464626,0.653680474772006
2024-02-20,1.65,308.0,0.0,0,5.733341276897746,1.72,5.811140992976701,1.72,5.811140992976701,0.0,2.3999999999999893,0.3428571428571413,-0.07000000000000006,-25.0,1.6966666666666665,324.6666666666667,1.512857142857143,261.0,0.7678804460366,0.6405931786981751
2024-02-21,1.46,241.0,0.0,0,5.488937726156687,1.65,5.733341276897746,1.72,5.811140992976701,0.0,2.3999999999999893,0.3428571428571413,-0.18999999999999995,-67.0,1.61,294.0,1.52,263.2857142857143,0.7787639308347607,0.6273170968742937
2024-02-22,1.4,221.0,3.4,0,5.402677381872279,1.46,5.488937726156687,1.65,5.733341276897746,3.4,3.3999999999999893,0.48571428571428416,-0.06000000000000005,-20.0,1.5033333333333332,256.6666666666667,1.5357142857142858,268.42857142857144,0.7894179103280197,0.613856141822612
2024-02-23,1.37,212.0,0.0,0,5.3612921657094255,1.4,5.402677381872279,1.46,5.488937726156687,3.4,3.3999999999999893,0.48571428571428416,-0.029999999999999805,-9.0,1.41,224.66666666666666,1.5442857142857143,271.2857142857143,0.7998392447397193,0.6002142805483682
2024-02-24,1.39,218.0,5.8,0,5.389071729816501,1.37,5.3612921657094255,1.4,5.402677381872279,9.2,9.199999999999989,1.3142857142857127,0.019999999999999796,6.0,1.3866666666666665,217.0,1.5299999999999998,266.57142857142856,0.8100248628547753,0.5863955333706956
2024-02-25,1.43,231.0,2.2,0,5.44673737166631,1.39,5.389071729816501,1.37,5.3612921657094255,8.0,11.39999999999999,1.628571428571427,0.040000000000000036,13.0,1.3966666666666665,220.33333333333334,1.4885714285714282,252.0,0.8199717629247771,0.5724039727378148
2024-02-26,1.69,323.0,0.0,0,5.780743515792329,1.43,5.44673737166631,1.39,5.389071729816501,8.0,11.39999999999999,1.628571428571427,0.26,92.0,1.5033333333333332,257.3333333333333,1.4842857142857144,250.57142857142858,0.8296770135526188,0.5582437220268648
2024-02-27,2.53,683.0,0.0,0,6.52795791762255,1.69,5.780743515792329,1.43,5.44673737166631,2.200000000000001,11.39999999999999,1.628571428571427,0.8399999999999999,360.0,1.883333333333333,412.3333333333333,1.6099999999999999,304.14285714285717,0.8391377545563938,0.5439189543287247
2024-02-28,3.14,972.0,0.0,0,6.880384082186005,2.53,6.52795791762255,1.69,5.780743515792329,0.0,11.39999999999999,1.628571428571427,0.6100000000000003,289.0,2.453333333333333,659.3333333333334,1.8499999999999999,408.57142857142856,0.8483511978123038,0.5294338912181853
2024-02-29,4.23,1494.0,5.2,0,7.3098814858247865,3.14,6.880384082186005,2.53,6.52795791762255,5.200000000000001,13.199999999999989,1.8857142857142841,1.0900000000000003,522.0,3.3000000000000003,1049.6666666666667,2.2542857142857144,590.4285714285714,0.8573146280763322,0.5147928015098309
2024-03-01,4.51,1633.0,0.0,0,7.3987862754199485,4.23,7.3098814858247865,3.14,6.880384082186005,5.200000000000001,13.199999999999989,1.8857142857142841,0.27999999999999936,139.0,3.9600000000000004,1366.3333333333333,2.7028571428571433,793.4285714285714,0.8660254037844386,0.5000000000000001
2024-03-02,4.27,1513.0,2.0,0,7.322510433997394,4.51,7.3987862754199485,4.23,7.3098814858247865,7.200000000000001,9.399999999999991,1.3428571428571416,-0.2400000000000002,-120.0,4.336666666666667,1546.6666666666667,3.114285714285714,978.4285714285714,0.8744809578310397,0.4850598461951962
2024-03-03,3.54,1161.0,0.0,0,7.057897937411856,4.27,7.322510433997394,4.51,7.3987862754199485,2.000000000000001,7.19999999999999,1.0285714285714271,-0.7299999999999995,-352.0,4.1066666666666665,1435.6666666666667,3.415714285714286,1111.2857142857142,0.8826787983255474,0.46997674302731995
2024-03-04,3.15,977.0,0.0,0,6.885509670034818,3.54,7.057897937411856,4.27,7.322510433997394,2.000000000000001,7.19999999999999,1.0285714285714271,-0.3900000000000001,-184.0,3.653333333333333,1217.0,3.6242857142857146,1204.7142857142858,0.8906165093267404,0.4547551355561058
2024-03-05,3.27,1034.0,0.0,0,6.942156705699469,3.15,6.885509670034818,3.54,7.057897937411856,0.0,7.19999999999999,1.0285714285714271,0.1200000000000001,57.0,3.3200000000000003,1057.3333333333333,3.73,1254.857142857143,0.8982917515547528,0.4393995096591417
2024-03-06,3.17,986.0,0.0,0,6.894670039433482,3.27,6.942156705699469,3.15,6.885509670034818,0.0,7.19999999999999,1.0285714285714271,-0.10000000000000009,-48.0,3.1966666666666668,999.0,3.7342857142857144,1256.857142857143,0.9057022630804714,0.42391439070986076
2024-03-07,2.81,816.0,0.8,0,6.705639094860003,3.17,6.894670039433482,3.27,6.942156705699469,0.8000000000000009,2.79999999999999,0.3999999999999986,-0.3599999999999999,-170.0,3.0833333333333335,945.3333333333334,3.531428571428571,1160.0,0.9128458599921356,0.40830434224389334
2024-03-08,2.57,702.0,1.6,0,6.555356891810665,2.81,6.705639094860003,3.17,6.894670039433482,2.4000000000000012,4.399999999999991,0.6285714285714272,-0.2400000000000002,-114.0,2.85,834.6666666666666,3.2542857142857144,1027.0,0.9197204370389467,0.3925739646141717
2024-03-09,2.34,599.0,0.0,0,6.396929655216146,2.57,6.555356891810665,2.81,6.705639094860003,2.4000000000000012,2.3999999999999906,0.34285714285714153,-0.22999999999999998,-103.0,2.5733333333333333,705.6666666666666,2.978571428571428,896.4285714285714,0.926323968251495,0.3767278936351851
2024-03-10,2.47,656.0,0.4,0,6.48768401848461,2.34,6.396929655216146,2.57,6.555356891810665,2.000000000000001,2.7999999999999905,0.39999999999999863,0.13000000000000034,57.0,2.4600000000000004,652.3333333333334,2.825714285714285,824.2857142857143,0.9326545075388224,0.36077079921678346
2024-03-11,2.54,688.0,0.0,0,6.535241271013659,2.47,6.48768401848461,2.34,6.396929655216146,0.4000000000000009,2.7999999999999905,0.39999999999999863,0.06999999999999984,32.0,2.4499999999999997,647.6666666666666,2.738571428571429,783.0,0.9387101892619443,0.3447073839879338
2024-03-12,2.39,621.0,0.0,0,6.432940092739179,2.54,6.535241271013659,2.47,6.48768401848461,0.4000000000000009,2.7999999999999905,0.39999999999999863,-0.1499999999999999,-67.0,2.466666666666667,655.0,2.6128571428571425,724.0,0.9444892287836613,0.32854238191083485
2024-03-13,2.31,586.0,0.0,0,6.375024819828097,2.39,6.432940092739179,2.54,6.535241271013659,0.0,2.7999999999999905,0.39999999999999863,-0.08000000000000007,-35.0,2.4133333333333336,631.6666666666666,2.4899999999999998,666.8571428571429,0.949989922994501,0.3122805568857947
2024-03-14,2.31,586.0,0.0,0,6.375024819828097,2.31,6.375024819828097,2.39,6.432940092739179,0.0,1.9999999999999902,0.2857142857142843,0.0,0.0,2.336666666666667,597.6666666666666,2.4185714285714286,634.0,0.9552106508146316,0.2959267013472893
2024-03-15,2.21,542.0,0.0,0,6.297109319933935,2.31,6.375024819828097,2.31,6.375024819828097,0.0,0.39999999999999025,0.05714285714285575,-0.10000000000000009,-44.0,2.276666666666667,571.3333333333334,2.367142857142857,611.1428571428571,0.9601498736716018,0.2794856348516095
2024-03-16,2.04,468.0,0.0,0,6.150602768446279,2.21,6.297109319933935,2.31,6.375024819828097,0.0,0.39999999999999025,0.05714285714285575,-0.16999999999999993,-74.0,2.1866666666666665,532.0,2.3242857142857143,592.4285714285714,0.9648061359537645,0.2629622026565149
2024-03-17,1.88,397.0,0.0,0,5.986452005284438,2.04,6.150602768446279,2.21,6.297109319933935,0.0,0.0,0.0,-0.16000000000000014,-71.0,2.0433333333333334,469.0,2.2399999999999998,555.4285714285714,0.9691780654392536,0.2463612742933148
2024-03-18,1.79,358.0,0.0,0,5.883322388488279,1.88,5.986452005284438,2.04,6.150602768446279,0.0,0.0,0.0,-0.08999999999999986,-39.0,1.9033333333333333,407.6666666666667,2.132857142857143,508.2857142857143,0.9732643737003824,0.22968774213179574
2024-03-19,1.69,323.0,0.0,0,5.780743515792329,1.79,5.883322388488279,1.88,5.986452005284438,0.0,0.0,0.0,-0.10000000000000009,-35.0,1.7866666666666664,359.3333333333333,2.032857142857143,465.7142857142857,0.9770638564833508,0.21294651993841582
2024-03-20,1.64,305.0,1.0,0,5.723585101952381,1.69,5.780743515792329,1.79,5.883322388488279,1.0000000000000009,0.9999999999999902,0.14285714285714146,-0.050000000000000044,-18.0,1.7066666666666668,328.6666666666667,1.937142857142857,425.57142857142856,0.9805753940631429,0.19614254142819698
2024-03-21,1.61,294.0,0.0,0,5.68697535633982,1.64,5.723585101952381,1.69,5.780743515792329,1.0000000000000009,0.9999999999999902,0.14285714285714146,-0.029999999999999805,-11.0,1.6466666666666665,307.3333333333333,1.8371428571428574,383.85714285714283,0.9837979515735163,0.17928075881073577
2024-03-22,1.58,283.0,0.0,0,5.648974238161206,1.61,5.68697535633982,1.64,5.723585101952381,1.0000000000000009,0.9999999999999902,0.14285714285714146,-0.030000000000000027,-11.0,1.61,294.0,1.747142857142857,346.85714285714283,0.9867305793119814,0.162366141330764
2024-03-23,1.55,272.0,0.0,0,5.60947179518496,1.58,5.648974238161206,1.61,5.68697535633982,0.0,0.9999999999999902,0.14285714285714146,-0.030000000000000027,-11.0,1.58,283.0,1.6771428571428573,318.85714285714283,0.989372413019683,0.14540367380368976
2024-03-24,1.54,269.0,0.6,0,5.598421958998375,1.55,5.60947179518496,1.58,5.648974238161206,0.6000000000000009,1.5999999999999903,0.22857142857142718,-0.010000000000000009,-3.0,1.5566666666666666,274.6666666666667,1.6285714285714286,300.57142857142856,0.9917226741361015,0.12839835514655099
2024-03-25,1.59,287.0,32.0,0,5.662960480135946,1.54,5.598421958998375,1.55,5.60947179518496,32.6,33.59999999999999,4.799999999999998,0.050000000000000044,18.0,1.5599999999999998,276.0,1.5999999999999999,290.42857142857144,0.9937806700284985,0.11135519690480875
2024-03-26,1.81,366.0,0.0,0,5.905361848054571,1.59,5.662960480135946,1.54,5.598421958998375,32.6,33.599999999999994,4.799999999999999,0.21999999999999997,79.0,1.6466666666666667,307.3333333333333,1.6171428571428572,296.57142857142856,0.9955457941960382,0.09427922177542453
2024-03-27,1.99,446.0,1.2,0,6.102558594613569,1.81,5.905361848054571,1.59,5.662960480135946,33.2,33.79999999999999,4.828571428571427,0.17999999999999994,80.0,1.7966666666666669,366.3333333333333,1.6671428571428575,316.7142857142857,0.9970175264485267,0.07717546212664653
2024-03-28,1.99,446.0,0.0,0,6.102558594613569,1.99,6.102558594613569,1.81,5.905361848054571,1.2,33.79999999999999,4.828571428571427,0.0,0.0,1.93,419.3333333333333,1.7214285714285715,338.42857142857144,0.998195433059714,0.0600489585149486
2024-03-29,1.69,323.0,4.6,0,5.780743515792329,1.99,6.102558594613569,1.99,6.102558594613569,5.8,38.39999999999999,5.485714285714285,-0.30000000000000004,-123.0,1.89,405.0,1.737142857142857,344.14285714285717,0.9990791668951153,0.042904758199554374
2024-03-30,1.6,290.0,1.6,0,5.673323267171493,1.69,5.780743515792329,1.99,6.102558594613569,6.199999999999999,39.99999999999999,5.7142857142857135,-0.08999999999999986,-33.0,1.7599999999999998,353.0,1.7442857142857144,346.7142857142857,0.999668467514313,0.025747913654988658
2024-03-31,2.5,669.0,0.0,0,6.507277712385012,1.6,5.673323267171493,1.69,5.780743515792329,6.199999999999999,39.39999999999999,5.628571428571427,0.8999999999999999,379.0,1.93,427.3333333333333,1.8814285714285715,403.85714285714283,0.9999631612477099,0.008583481082087055
2024-04-01,2.55,693.0,0.8,0,6.542471960506805,2.5,6.507277712385012,1.6,5.673323267171493,2.4000000000000004,8.199999999999989,1.1714285714285697,0.04999999999999982,24.0,2.2166666666666663,550.6666666666666,2.0185714285714282,461.85714285714283,0.9999631612477099,-0.008583481082086933
2024-04-02,2.72,773.0,0.0,0,6.651571873589727,2.55,6.542471960506805,2.5,6.507277712385012,0.8,8.199999999999989,1.1714285714285697,0.17000000000000037,80.0,2.59,711.6666666666666,2.1485714285714286,520.0,0.9996684675143132,-0.025747913654988314
2024-04-03,2.68,754.0,0.0,0,6.626717749249025,2.72,6.651571873589727,2.55,6.542471960506805,0.8,6.999999999999989,0.9999999999999984,-0.040000000000000036,-19.0,2.65,740.0,2.2471428571428573,564.0,0.9990791668951153,-0.04290475819955447
2024-04-04,2.15,516.0,0.0,0,6.248042874508429,2.68,6.626717749249025,2.72,6.651571873589727,0.0,6.999999999999989,0.9999999999999984,-0.5300000000000002,-238.0,2.516666666666667,681.0,2.27,574.0,0.998195433059714,-0.06004895851494825
2024-04-05,1.93,419.0,0.0,0,6.040254711277414,2.15,6.248042874508429,2.68,6.626717749249025,0.0,2.3999999999999897,0.34285714285714136,-0.21999999999999997,-97.0,2.2533333333333334,563.0,2.3042857142857143,587.7142857142857,0.9970175264485267,-0.07717546212664618
2024-04-06,1.74,340.0,0.0,0,5.831882477283517,1.93,6.040254711277414,2.15,6.248042874508429,0.0,0.7999999999999894,0.11428571428571277,-0.18999999999999995,-79.0,1.9400000000000002,425.0,2.3242857142857143,594.8571428571429,0.9955457941960382,-0.0942792217754244
2024-04-07,1.64,305.0,0.0,0,5.723585101952381,1.74,5.831882477283517,1.93,6.040254711277414,0.0,0.7999999999999894,0.11428571428571277,-0.10000000000000009,-35.0,1.7699999999999998,354.6666666666667,2.2014285714285715,542.8571428571429,0.9937806700284985,-0.11135519690480862
2024-04-08,1.61,294.0,0.0,0,5.68697535633982,1.64,5.723585101952381,1.74,5.831882477283517,0.0,0.0,0.0,-0.029999999999999805,-11.0,1.6633333333333333,313.0,2.067142857142857,485.85714285714283,0.9917226741361015,-0.12839835514655107
2024-04-09,1.57,279.0,0.0,0,5.634789603169249,1.61,5.68697535633982,1.64,5.723585101952381,0.0,0.0,0.0,-0.040000000000000036,-15.0,1.6066666666666667,292.6666666666667,1.9028571428571428,415.2857142857143,0.9893724130196829,-0.14540367380368988
2024-04-10,1.57,279.0,0.0,0,5.634789603169249,1.57,5.634789603169249,1.61,5.68697535633982,0.0,0.0,0.0,0.0,0.0,1.5833333333333333,284.0,1.7442857142857144,347.42857142857144,0.9867305793119814,-0.16236614133076366
2024-04-11,1.55,272.0,0.0,0,5.60947179518496,1.57,5.634789603169249,1.57,5.634789603169249,0.0,0.0,0.0,-0.020000000000000018,-7.0,1.5633333333333335,276.6666666666667,1.6585714285714288,312.57142857142856,0.9837979515735163,-0.17928075881073566
2024-04-12,1.36,208.0,0.0,0,5.342334251964811,1.55,5.60947179518496,1.57,5.634789603169249,0.0,0.0,0.0,-0.18999999999999995,-64.0,1.4933333333333334,253.0,1.5771428571428572,282.42857142857144,0.980575394063143,-0.19614254142819687
2024-04-13,1.17,149.0,0.0,0,5.0106352940962555,1.36,5.342334251964811,1.55,5.60947179518496,0.0,0.0,0.0,-0.19000000000000017,-59.0,1.36,209.66666666666666,1.4957142857142858,255.14285714285714,0.9770638564833507,-0.21294651993841593
2024-04-14,1.1,128.0,0.0,0,4.859812404361672,1.17,5.0106352940962555,1.36,5.342334251964811,0.0,0.0,0.0,-0.06999999999999984,-21.0,1.2100000000000002,161.66666666666666,1.4185714285714286,229.85714285714286,0.9732643737003824,-0.22968774213179563
2024-04-15,1.06,118.0,0.0,0,4.77912349311153,1.1,4.859812404361672,1.17,5.0106352940962555,0.0,0.0,0.0,-0.040000000000000036,-10.0,1.11,131.66666666666666,1.34,204.71428571428572,0.9691780654392537,-0.2463612742933147
2024-04-16,1.0,102.0,0.0,0,4.634728988229636,1.06,4.77912349311153,1.1,4.859812404361672,0.0,0.0,0.0,-0.06000000000000005,-16.0,1.0533333333333335,116.0,1.2585714285714287,179.42857142857142,0.9648061359537646,-0.26296220265651454
2024-04-17,0.97,95.0,0.0,0,4.564348191467836,1.0,4.634728988229636,1.06,4.77912349311153,0.0,0.0,0.0,-0.030000000000000027,-7.0,1.01,105.0,1.172857142857143,153.14285714285714,0.9601498736716018,-0.2794856348516094
2024-04-18,0.91,80.0,0.0,0,4.394449154672439,0.97,4.564348191467836,1.0,4.634728988229636,0.0,0.0,0.0,-0.05999999999999994,-15.0,0.96,92.33333333333333,1.0814285714285714,125.71428571428571,0.9552106508146317,-0.2959267013472892
2024-04-19,0.89,75.0,0.0,0,4.330733340286331,0.91,4.394449154672439,0.97,4.564348191467836,0.0,0.0,0.0,-0.020000000000000018,-5.0,0.9233333333333333,83.33333333333333,1.0142857142857142,106.71428571428571,0.949989922994501,-0.31228055688579476
2024-04-20,0.9,77.0,0.0,0,4.356708826689592,0.89,4.330733340286331,0.91,4.394449154672439,0.0,0.0,0.0,0.010000000000000009,2.0,0.9,77.33333333333333,0.9757142857142858,96.42857142857143,0.9444892287836613,-0.32854238191083474
2024-04-21,0.93,85.0,0.0,0,4.454347296253507,0.9,4.356708826689592,0.89,4.330733340286331,0.0,0.0,0.0,0.030000000000000027,8.0,0.9066666666666666,79.0,0.9514285714285714,90.28571428571429,0.9387101892619443,-0.3447073839879337
2024-04-22,0.95,90.0,0.0,0,4.51085950651685,0.93,4.454347296253507,0.9,4.356708826689592,0.0,0.0,0.0,0.019999999999999907,5.0,0.9266666666666667,84.0,0.9357142857142857,86.28571428571429,0.9326545075388225,-0.3607707992167831
2024-04-23,0.92,82.0,0.0,0,4.418840607796598,0.95,4.51085950651685,0.93,4.454347296253507,0.0,0.0,0.0,-0.029999999999999916,-8.0,0.9333333333333335,85.66666666666667,0.9242857142857143,83.42857142857143,0.926323968251495,-0.376727893635185
2024-04-24,0.88,73.0,0.0,0,4.30406509320417,0.92,4.418840607796598,0.95,4.51085950651685,0.0,0.0,0.0,-0.040000000000000036,-9.0,0.9166666666666666,81.66666666666667,0.9114285714285716,80.28571428571429,0.9197204370389467,-0.39257396461417177
2024-04-25,0.87,70.0,0.8,0,4.2626798770413155,0.88,4.30406509320417,0.92,4.418840607796598,0.8,0.7999999999999894,0.11428571428571277,-0.010000000000000009,-3.0,0.89,75.0,0.9057142857142857,78.85714285714286,0.9128458599921355,-0.40830434224389345
2024-04-26,0.92,82.0,0.0,0,4.418840607796598,0.87,4.2626798770413155,0.88,4.30406509320417,0.8,0.7999999999999894,0.11428571428571277,0.050000000000000044,12.0,0.89,75.0,0.9099999999999999,79.85714285714286,0.9057022630804715,-0.42391439070986064
2024-04-27,0.9,77.0,1.2,0,4.356708826689592,0.92,4.418840607796598,0.87,4.2626798770413155,2.0,1.9999999999999893,0.2857142857142842,-0.020000000000000018,-5.0,0.8966666666666666,76.33333333333333,0.91,79.85714285714286,0.898291751554753,-0.43939950965914143
2024-04-28,0.93,85.0,5.0,0,4.454347296253507,0.9,4.356708826689592,0.92,4.418840607796598,6.2,6.999999999999989,0.9999999999999984,0.030000000000000027,8.0,0.9166666666666666,81.33333333333333,0.9099999999999999,79.85714285714286,0.8906165093267405,-0.4547551355561055
2024-04-29,1.0,102.0,0.0,0,4.634728988229636,0.93,4.454347296253507,0.9,4.356708826689592,6.2,6.999999999999989,0.9999999999999984,0.06999999999999995,17.0,0.9433333333333334,88.0,0.9171428571428571,81.57142857142857,0.8826787983255476,-0.4699767430273197
2024-04-30,1.0,102.0,1.4,0,4.634728988229636,1.0,4.634728988229636,0.93,4.454347296253507,6.4,8.39999999999999,1.1999999999999986,0.0,0.0,0.9766666666666667,96.33333333333333,0.9285714285714286,84.42857142857143,0.8744809578310397,-0.4850598461951961
2024-05-01,0.93,85.0,0.0,0,4.454347296253507,1.0,4.634728988229636,1.0,4.634728988229636,1.4,8.39999999999999,1.1999999999999986,-0.06999999999999995,-17.0,0.9766666666666667,96.33333333333333,0.9357142857142857,86.14285714285714,0.8660254037844387,-0.4999999999999998
2024-05-02,0.94,87.0,0.0,0,4.477336814478207,0.93,4.454347296253507,1.0,4.634728988229636,1.4,7.599999999999989,1.085714285714284,0.009999999999999898,2.0,0.9566666666666667,91.33333333333333,0.9457142857142857,88.57142857142857,0.8573146280763323,-0.5147928015098308
2024-05-03,0.93,85.0,0.0,0,4.454347296253507,0.94,4.477336814478207,0.93,4.454347296253507,0.0,7.599999999999989,1.085714285714284,-0.009999999999999898,-2.0,0.9333333333333332,85.66666666666667,0.9471428571428572,89.0,0.848351197812304,-0.5294338912181852
2024-05-04,1.0,102.0,0.0,0,4.634728988229636,0.93,4.454347296253507,0.94,4.477336814478207,0.0,6.39999999999999,0.9142857142857128,0.06999999999999995,17.0,0.9566666666666667,91.33333333333333,0.9614285714285715,92.57142857142857,0.8391377545563939,-0.5439189543287246
2024-05-05,0.97,95.0,1.6,0,4.564348191467836,1.0,4.634728988229636,0.93,4.454347296253507,1.6,2.9999999999999893,0.42857142857142705,-0.030000000000000027,-7.0,0.9666666666666667,94.0,0.9671428571428572,94.0,0.8296770135526188,-0.5582437220268649
2024-05-06,0.95,90.0,0.0,0,4.51085950651685,0.97,4.564348191467836,1.0,4.634728988229636,1.6,2.9999999999999893,0.42857142857142705,-0.020000000000000018,-5.0,0.9733333333333333,95.66666666666667,0.96,92.28571428571429,0.8199717629247771,-0.5724039727378148
2024-05-07,0.95,90.0,0.0,0,4.51085950651685,0.95,4.51085950651685,0.97,4.564348191467836,1.6,1.5999999999999894,0.22857142857142707,0.0,0.0,0.9566666666666667,91.66666666666667,0.9528571428571428,90.57142857142857,0.8100248628547752,-0.5863955333706956
2024-05-08,0.96,92.0,0.0,0,4.532599493153256,0.95,4.51085950651685,0.95,4.51085950651685,0.0,1.5999999999999894,0.22857142857142707,0.010000000000000009,2.0,0.9533333333333333,90.66666666666667,0.9571428571428571,91.57142857142857,0.7998392447397195,-0.600214280548368
2024-05-09,0.97,95.0,0.0,0,4.564348191467836,0.96,4.532599493153256,0.95,4.51085950651685,0.0,1.5999999999999894,0.22857142857142707,0.010000000000000009,3.0,0.96,92.33333333333333,0.9614285714285715,92.71428571428571,0.7894179103280199,-0.6138561418226116
2024-05-10,0.9,77.0,0.0,0,4.356708826689592,0.97,4.564348191467836,0.96,4.532599493153256,0.0,1.5999999999999894,0.22857142857142707,-0.06999999999999995,-18.0,0.9433333333333334,88.0,0.9571428571428571,91.57142857142857,0.7787639308347607,-0.6273170968742938
2024-05-11,0.86,68.0,0.0,0,4.23410650459726,0.9,4.356708826689592,0.97,4.564348191467836,0.0,1.5999999999999894,0.22857142857142707,-0.040000000000000036,-9.0,0.91,80.0,0.937142857142857,86.71428571428571,0.7678804460366001,-0.6405931786981751
2024-05-12,0.84,64.0,0.0,0,4.174387269895637,0.86,4.23410650459726,0.9,4.356708826689592,0.0,0.0,0.0,-0.020000000000000018,-4.0,0.8666666666666667,69.66666666666667,0.9185714285714285,82.28571428571429,0.7567706633464627,-0.6536804747720057
2024-05-13,0.84,64.0,4.6,0,4.174387269895637,0.84,4.174387269895637,0.86,4.23410650459726,4.6,4.599999999999989,0.6571428571428556,0.0,0.0,0.8466666666666667,65.33333333333333,0.9028571428571428,78.57142857142857,0.7454378568683001,-0.6665751282095632
2024-05-14,0.83,61.0,0.2,0,4.127134385045092,0.84,4.174387269895637,0.84,4.174387269895637,4.8,4.799999999999989,0.6857142857142842,-0.010000000000000009,-3.0,0.8366666666666666,63.0,0.8857142857142856,74.42857142857143,0.7338853664321991,-0.6792733388972931
2024-05-15,1.16,146.0,0.0,0,4.990432586778736,0.83,4.127134385045092,0.84,4.174387269895637,4.8,4.799999999999989,0.6857142857142842,0.32999999999999996,85.0,0.9433333333333334,90.33333333333333,0.9142857142857144,82.14285714285714,0.722116596610116,-0.6917713646142222
2024-05-16,1.34,202.0,0.2,0,5.313205979041787,1.16,4.990432586778736,0.83,4.127134385045092,0.4,4.999999999999989,0.7142857142857127,0.18000000000000016,56.0,1.11,136.33333333333334,0.9671428571428571,97.42857142857143,0.7101350157125358,-0.7040655221348058
2024-05-17,1.34,202.0,4.4,0,5.313205979041787,1.34,5.313205979041787,1.16,4.990432586778736,4.6000000000000005,9.39999999999999,1.3428571428571414,0.0,0.0,1.28,183.33333333333334,1.03,115.28571428571429,0.6979441547663435,-0.7161521883143933
2024-05-18,1.31,192.0,0.0,0,5.262690188904886,1.34,5.313205979041787,1.34,5.313205979041787,4.6000000000000005,9.39999999999999,1.3428571428571414,-0.030000000000000027,-10.0,1.33,198.66666666666666,1.0942857142857143,133.0,0.6855476064742155,-0.7280278011569847
2024-05-19,1.31,192.0,3.8,0,5.262690188904886,1.31,5.262690188904886,1.34,5.313205979041787,8.2,13.199999999999989,1.8857142857142841,0.0,0.0,1.3200000000000003,195.33333333333334,1.1614285714285715,151.28571428571428,0.672949024155833,-0.7396888608649667
2024-05-20,1.31,192.0,0.0,0,5.262690188904886,1.31,5.262690188904886,1.31,5.262690188904886,3.8,8.59999999999999,1.2285714285714273,0.0,0.0,1.31,192.0,1.2285714285714289,169.57142857142858,0.660152120671232,-0.7511319308705197
2024-05-21,1.34,202.0,0.0,0,5.313205979041787,1.31,5.262690188904886,1.31,5.262690188904886,3.8,8.399999999999991,1.1999999999999988,0.030000000000000027,10.0,1.32,195.33333333333334,1.3014285714285716,189.71428571428572,0.647160667326606,-0.7623536388483902
2024-05-22,1.44,235.0,0.4,0,5.4638318050256105,1.34,5.313205979041787,1.31,5.262690188904886,0.4,8.79999999999999,1.2571428571428558,0.09999999999999987,33.0,1.3633333333333333,209.66666666666666,1.3414285714285714,202.42857142857142,0.6339784927628868,-0.7733506777097298
2024-05-23,1.32,195.0,0.0,0,5.278114659230517,1.44,5.4638318050256105,1.34,5.313205979041787,0.4,8.599999999999989,1.228571428571427,-0.11999999999999988,-40.0,1.366666666666667,210.66666666666666,1.3385714285714287,201.42857142857142,0.620609481827423,-0.7841198065767103
2024-05-24,1.24,170.0,0.0,0,5.14166355650266,1.32,5.278114659230517,1.44,5.4638318050256105,0.4,4.1999999999999895,0.5999999999999985,-0.08000000000000007,-25.0,1.3333333333333333,200.0,1.3242857142857145,196.85714285714286,0.6070575744291006,-0.7946578517376249
2024-05-25,1.18,152.0,0.0,0,5.030437921392435,1.24,5.14166355650266,1.32,5.278114659230517,0.0,4.1999999999999895,0.5999999999999985,-0.06000000000000005,-18.0,1.2466666666666668,172.33333333333334,1.3057142857142858,191.14285714285714,0.593326764377232,-0.8049617075821959
2024-05-26,1.15,143.0,0.0,0,4.969813299576001,1.18,5.030437921392435,1.24,5.14166355650266,0.0,0.39999999999998936,0.05714285714285562,-0.030000000000000027,-9.0,1.1900000000000002,155.0,1.282857142857143,184.14285714285714,0.5794210982045638,-0.8150283375168113
2024-05-27,1.1,128.0,0.0,0,4.859812404361672,1.15,4.969813299576001,1.18,5.030437921392435,0.0,0.39999999999998936,0.05714285714285562,-0.04999999999999982,-15.0,1.1433333333333333,141.0,1.252857142857143,175.0,0.5653446739747428,-0.8248547748594245
2024-05-28,1.04,113.0,0.0,0,4.736198448394496,1.1,4.859812404361672,1.15,4.969813299576001,0.0,0.39999999999998936,0.05714285714285562,-0.06000000000000005,-15.0,1.0966666666666667,128.0,1.2100000000000002,162.28571428571428,0.5511016400746,-0.8344381237138473
2024-05-29,0.96,92.0,0.0,0,4.532599493153256,1.04,4.736198448394496,1.1,4.859812404361672,0.0,0.0,0.0,-0.08000000000000007,-21.0,1.0333333333333334,111.0,1.1414285714285715,141.85714285714286,0.5366961939916005,-0.8437755598231856
2024-05-30,0.9,77.0,0.0,0,4.356708826689592,0.96,4.532599493153256,1.04,4.736198448394496,0.0,0.0,0.0,-0.05999999999999994,-15.0,0.9666666666666668,94.0,1.0814285714285714,125.0,0.522132581076825,-0.8528643314021596
2024-05-31,0.86,68.0,0.0,0,4.23410650459726,0.9,4.356708826689592,0.96,4.532599493153256,0.0,0.0,0.0,-0.040000000000000036,-9.0,0.9066666666666667,79.0,1.0271428571428571,110.42857142857143,0.5074150932938458,-0.861701759948068
2024-06-01,0.84,64.0,0.0,0,4.174387269895637,0.86,4.23410650459726,0.9,4.356708826689592,0.0,0.0,0.0,-0.020000000000000018,-4.0,0.8666666666666667,69.66666666666667,0.9785714285714285,97.85714285714286,0.4925480679538644,-0.8702852410301553
2024-06-02,0.83,61.0,0.0,0,4.127134385045092,0.84,4.174387269895637,0.86,4.23410650459726,0.0,0.0,0.0,-0.010000000000000009,-3.0,0.8433333333333334,64.33333333333333,0.9328571428571429,86.14285714285714,0.47753588643748834,-0.8786122450571482
2024-06-03,0.84,64.0,0.0,0,4.174387269895637,0.83,4.127134385045092,0.84,4.174387269895637,0.0,0.0,0.0,0.010000000000000009,3.0,0.8366666666666668,63.0,0.8957142857142857,77.0,0.4623829729035151,-0.8866803180227399
2024-06-04,0.8,55.0,0.0,0,4.02535169073515,0.84,4.174387269895637,0.83,4.127134385045092,0.0,0.0,0.0,-0.039999999999999925,-9.0,0.8233333333333334,60.0,0.8614285714285714,68.71428571428571,0.44709379298511426,-0.8944870822287954
2024-06-05,0.78,51.0,0.0,0,3.9512437185814275,0.8,4.02535169073515,0.84,4.174387269895637,0.0,0.0,0.0,-0.020000000000000018,-4.0,0.8066666666666668,56.666666666666664,0.8357142857142857,62.857142857142854,0.43167285247378384,-0.9020302369860707
2024-06-06,0.77,50.0,0.0,0,3.9318256327243257,0.78,3.9512437185814275,0.8,4.02535169073515,0.0,0.0,0.0,-0.010000000000000009,-1.0,0.7833333333333335,52.0,0.8171428571428571,59.0,0.4161246959914746,-0.9093075592922357
2024-06-07,0.78,51.0,0.0,0,3.9512437185814275,0.77,3.9318256327243257,0.78,3.9512437185814275,0.0,0.0,0.0,0.010000000000000009,1.0,0.7766666666666667,50.666666666666664,0.8057142857142857,56.57142857142857,0.4004539056512664,-0.9163169044870048
2024-06-08,0.79,53.0,8.4,0,3.9889840465642745,0.78,3.9512437185814275,0.77,3.9318256327243257,8.4,8.39999999999999,1.1999999999999986,0.010000000000000009,2.0,0.7800000000000001,51.333333333333336,0.7985714285714286,55.0,0.3846650997070012,-0.923056206884176
2024-06-09,0.87,70.0,0.0,0,4.2626798770413155,0.79,3.9889840465642745,0.78,3.9512437185814275,8.4,8.39999999999999,1.1999999999999986,0.07999999999999996,17.0,0.8133333333333335,58.0,0.8042857142857143,56.285714285714285,0.3687629311922603,-0.9295234803804002
2024-06-10,1.02,107.0,0.0,0,4.68213122712422,0.87,4.2626798770413155,0.79,3.9889840465642745,8.4,8.39999999999999,1.1999999999999986,0.15000000000000002,37.0,0.8933333333333334,76.66666666666667,0.8300000000000001,62.42857142857143,0.352752086549095,-0.9357168190404935
2024-06-11,0.96,92.0,0.0,0,4.532599493153256,1.02,4.68213122712422,0.87,4.2626798770413155,0.0,8.39999999999999,1.1999999999999986,-0.06000000000000005,-15.0,0.9500000000000001,89.66666666666667,0.852857142857143,67.71428571428571,0.3366372842469106,-0.9416343976591258
2024-06-12,0.89,75.0,0.0,0,4.330733340286331,0.96,4.532599493153256,1.02,4.68213122712422,0.0,8.39999999999999,1.1999999999999986,-0.06999999999999995,-17.0,0.9566666666666667,91.33333333333333,0.8685714285714285,71.14285714285714,0.3204232733919116,-0.9472744722987168
2024-06-13,0.83,61.0,0.0,0,4.127134385045092,0.89,4.330733340286331,0.96,4.532599493153256,0.0,8.39999999999999,1.1999999999999986,-0.06000000000000005,-14.0,0.8933333333333334,76.0,0.8771428571428572,72.71428571428571,0.30411483232751846,-0.9526353808033824
2024-06-14,0.81,57.0,0.0,0,4.060443010546419,0.83,4.127134385045092,0.89,4.330733340286331,0.0,8.39999999999999,1.1999999999999986,-0.019999999999999907,-4.0,0.8433333333333334,64.33333333333333,0.8814285714285715,73.57142857142857,0.2877167672261668,-0.9577155432887804
2024-06-15,0.79,53.0,0.0,0,3.9889840465642745,0.81,4.060443010546419,0.83,4.127134385045092,0.0,0.0,0.0,-0.020000000000000018,-4.0,0.81,57.0,0.8814285714285715,73.57142857142857,0.27123391067291,-0.9625134626077081
2024-06-16,0.8,55.0,0.0,0,4.02535169073515,0.79,3.9889840465642745,0.81,4.060443010546419,0.0,0.0,0.0,0.010000000000000009,2.0,0.8000000000000002,55.0,0.8714285714285713,71.42857142857143,0.2546711202412288,-0.9670277247913204
2024-06-17,0.79,53.0,0.0,0,3.9889840465642745,0.8,4.02535169073515,0.79,3.9889840465642745,0.0,0.0,0.0,-0.010000000000000009,-2.0,0.7933333333333334,53.666666666666664,0.8385714285714287,63.714285714285715,0.2380332770614858,-0.9712569994658313
2024-06-18,0.74,45.0,0.0,0,3.828641396489095,0.79,3.9889840465642745,0.8,4.02535169073515,0.0,0.0,0.0,-0.050000000000000044,-8.0,0.7766666666666667,51.0,0.807142857142857,57.0,0.22132528438243243,-0.9752000402445825
2024-06-19,0.69,38.0,3.6,0,3.6635616461296463,0.74,3.828641396489095,0.79,3.9889840465642745,3.6,3.5999999999999894,0.5142857142857128,-0.050000000000000044,-7.0,0.7400000000000001,45.333333333333336,0.7785714285714286,51.714285714285715,0.2045520661262008,-0.9788556850953578
2024-06-20,0.74,45.0,1.6,0,3.828641396489095,0.69,3.6635616461296463,0.74,3.828641396489095,5.2,5.1999999999999895,0.7428571428571413,0.050000000000000044,7.0,0.7233333333333333,42.666666666666664,0.7657142857142857,49.42857142857143,0.18771856543719884,-0.9822228566828406
2024-06-21,0.77,50.0,0.0,0,3.9318256327243257,0.74,3.828641396489095,0.69,3.6635616461296463,5.2,5.1999999999999895,0.7428571428571413,0.030000000000000027,5.0,0.7333333333333334,44.333333333333336,0.76,48.42857142857143,0.17082974322534442,-0.985300562686109
2024-06-22,0.88,73.0,0.0,0,4.30406509320417,0.77,3.9318256327243257,0.74,3.828641396489095,1.6,5.1999999999999895,0.7428571428571413,0.10999999999999999,23.0,0.7966666666666667,56.0,0.7728571428571429,51.285714285714285,0.15389057670406214,-0.9880878960910771
2024-06-23,0.87,70.0,0.0,0,4.2626798770413155,0.88,4.30406509320417,0.77,3.9318256327243257,0.0,5.1999999999999895,0.7428571428571413,-0.010000000000000009,-3.0,0.8400000000000002,64.33333333333333,0.7828571428571428,53.42857142857143,0.13690605792347574,-0.9905840354577969
2024-06-24,0.84,64.0,0.0,0,4.174387269895637,0.87,4.2626798770413155,0.88,4.30406509320417,0.0,5.1999999999999895,0.7428571428571413,-0.030000000000000027,-6.0,0.8633333333333334,69.0,0.7899999999999999,55.0,0.11988119229922782,-0.9927882451625399
2024-06-25,0.8,55.0,0.0,0,4.02535169073515,0.84,4.174387269895637,0.87,4.2626798770413155,0.0,5.1999999999999895,0.7428571428571413,-0.039999999999999925,-9.0,0.8366666666666668,63.0,0.7985714285714286,56.42857142857143,0.10282099713736025,-0.9946998756145891
2024-06-26,0.75,47.0,0.2,0,3.871201010907891,0.8,4.02535169073515,0.84,4.174387269895637,0.2,1.7999999999999894,0.2571428571428556,-0.050000000000000044,-8.0,0.7966666666666667,55.333333333333336,0.807142857142857,57.714285714285715,0.0857305001556943,-0.9963183634476755
2024-06-27,0.77,50.0,0.0,0,3.9318256327243257,0.75,3.871201010907891,0.8,4.02535169073515,0.2,0.19999999999998935,0.02857142857142705,0.020000000000000018,3.0,0.7733333333333334,50.666666666666664,0.8114285714285715,58.42857142857143,0.0686147380021341,-0.9976432316860063
2024-06-28,0.79,53.0,9.6,0,3.9889840465642745,0.77,3.9318256327243257,0.75,3.871201010907891,9.799999999999999,9.799999999999988,1.3999999999999984,0.020000000000000018,3.0,0.77,50.0,0.8142857142857143,58.857142857142854,0.05147875477034673,-0.9986740898848305
2024-06-29,0.86,68.0,0.4,0,4.23410650459726,0.79,3.9889840465642745,0.77,3.9318256327243257,10.0,10.199999999999989,1.4571428571428555,0.06999999999999995,15.0,0.8066666666666666,57.0,0.8114285714285714,58.142857142857146,0.03432760051324382,-0.9994106342455052
2024-06-30,0.93,85.0,8.4,0,4.454347296253507,0.86,4.23410650459726,0.79,3.9889840465642745,18.4,18.599999999999987,2.6571428571428553,0.07000000000000006,17.0,0.86,68.66666666666667,0.8200000000000001,60.285714285714285,0.01716632975470737,-0.9998526477050269
2024-07-01,0.95,90.0,0.0,0,4.51085950651685,0.93,4.454347296253507,0.86,4.23410650459726,8.8,18.599999999999987,2.6571428571428553,0.019999999999999907,5.0,0.9133333333333334,81.0,0.8357142857142857,64.0,1.2246467991473532e-16,-1.0
2024-07-02,0.85,66.0,0.0,0,4.204692619390966,0.95,4.51085950651685,0.93,4.454347296253507,8.4,18.599999999999987,2.6571428571428553,-0.09999999999999998,-24.0,0.9100000000000001,80.33333333333333,0.8428571428571429,65.57142857142857,-0.017166329754707124,-0.9998526477050269
2024-07-03,0.82,59.0,0.0,0,4.0943445622221,0.85,4.204692619390966,0.95,4.51085950651685,0.0,18.39999999999999,2.6285714285714272,-0.030000000000000027,-7.0,0.8733333333333334,71.66666666666667,0.852857142857143,67.28571428571429,-0.03432760051324313,-0.9994106342455054
2024-07-04,0.78,51.0,0.0,0,3.9512437185814275,0.82,4.0943445622221,0.85,4.204692619390966,0.0,18.39999999999999,2.6285714285714272,-0.039999999999999925,-8.0,0.8166666666666668,58.666666666666664,0.8542857142857142,67.42857142857143,-0.051478754770346045,-0.9986740898848305
2024-07-05,0.86,68.0,9.6,0,4.23410650459726,0.78,3.9512437185814275,0.82,4.0943445622221,9.6,18.39999999999999,2.6285714285714272,0.07999999999999996,17.0,0.82,59.333333333333336,0.8642857142857142,69.57142857142857,-0.06861473800213432,-0.9976432316860063
2024-07-06,0.85,66.0,0.8,0,4.204692619390966,0.86,4.23410650459726,0.78,3.9512437185814275,10.4,18.79999999999999,2.685714285714284,-0.010000000000000009,-2.0,0.8300000000000001,61.666666666666664,0.8628571428571428,69.28571428571429,-0.0857305001556945,-0.9963183634476755
2024-07-07,0.83,61.0,0.0,0,4.127134385045092,0.85,4.204692619390966,0.86,4.23410650459726,10.4,10.39999999999999,1.4857142857142842,-0.020000000000000018,-5.0,0.8466666666666667,65.0,0.8485714285714285,65.85714285714286,-0.10282099713736044,-0.9946998756145891
2024-07-08,0.9,77.0,0.0,0,4.356708826689592,0.83,4.127134385045092,0.85,4.204692619390966,0.8,10.39999999999999,1.4857142857142842,0.07000000000000006,16.0,0.86,68.0,0.8414285714285714,64.0,-0.11988119229922714,-0.99278824516254
2024-07-09,0.86,68.0,0.0,0,4.23410650459726,0.9,4.356708826689592,0.83,4.127134385045092,0.0,10.39999999999999,1.4857142857142842,-0.040000000000000036,-9.0,0.8633333333333333,68.66666666666667,0.8428571428571429,64.28571428571429,-0.13690605792347504,-0.990584035457797
2024-07-10,0.82,59.0,0.0,0,4.0943445622221,0.86,4.23410650459726,0.9,4.356708826689592,0.0,10.39999999999999,1.4857142857142842,-0.040000000000000036,-9.0,0.86,68.0,0.8428571428571427,64.28571428571429,-0.15389057670406148,-0.9880878960910772
2024-07-11,0.79,53.0,0.0,0,3.9889840465642745,0.82,4.0943445622221,0.86,4.23410650459726,0.0,10.39999999999999,1.4857142857142842,-0.029999999999999916,-6.0,0.8233333333333334,60.0,0.8442857142857143,64.57142857142857,-0.17082974322534417,-0.985300562686109
2024-07-12,0.74,45.0,0.0,0,3.828641396489095,0.79,3.9889840465642745,0.82,4.0943445622221,0.0,0.7999999999999894,0.11428571428571277,-0.050000000000000044,-8.0,0.7833333333333333,52.333333333333336,0.8271428571428572,61.285714285714285,-0.1877185654371986,-0.9822228566828407
2024-07-13,0.72,42.0,0.0,0,3.7612001156935624,0.74,3.828641396489095,0.79,3.9889840465642745,0.0,0.0,0.0,-0.020000000000000018,-3.0,0.7500000000000001,46.666666666666664,0.8085714285714286,57.857142857142854,-0.20455206612620058,-0.9788556850953579
2024-07-14,0.75,47.0,0.0,0,3.871201010907891,0.72,3.7612001156935624,0.74,3.828641396489095,0.0,0.0,0.0,0.030000000000000027,5.0,0.7366666666666668,44.666666666666664,0.7971428571428572,55.857142857142854,-0.22132528438243218,-0.9752000402445826
2024-07-15,0.77,50.0,0.0,0,3.9318256327243257,0.75,3.871201010907891,0.72,3.7612001156935624,0.0,0.0,0.0,0.020000000000000018,3.0,0.7466666666666667,46.333333333333336,0.7785714285714286,52.0,-0.23803327706148514,-0.9712569994658315
2024-07-16,0.75,47.0,0.0,0,3.871201010907891,0.77,3.9318256327243257,0.75,3.871201010907891,0.0,0.0,0.0,-0.020000000000000018,-3.0,0.7566666666666668,48.0,0.7628571428571428,49.0,-0.254671120241229,-0.9670277247913203
2024-07-17,0.73,44.0,0.0,0,3.8066624897703196,0.75,3.871201010907891,0.77,3.9318256327243257,0.0,0.0,0.0,-0.020000000000000018,-3.0,0.7500000000000001,47.0,0.75,46.857142857142854,-0.2712339106729102,-0.9625134626077081
2024-07-18,0.71,41.0,0.0,0,3.7376696182833684,0.73,3.8066624897703196,0.75,3.871201010907891,0.0,0.0,0.0,-0.020000000000000018,-3.0,0.7300000000000001,44.0,0.7385714285714285,45.142857142857146,-0.287716767226167,-0.9577155432887803
2024-07-19,0.68,36.0,0.0,0,3.6109179126442243,0.71,3.7376696182833684,0.73,3.8066624897703196,0.0,0.0,0.0,-0.029999999999999916,-5.0,0.7066666666666667,40.333333333333336,0.7299999999999999,43.857142857142854,-0.3041148323275178,-0.9526353808033826
2024-07-20,0.7,39.0,0.0,0,3.6888794541139363,0.68,3.6109179126442243,0.71,3.7376696182833684,0.0,0.0,0.0,0.019999999999999907,3.0,0.6966666666666668,38.666666666666664,0.7271428571428571,43.42857142857143,-0.32042327339191096,-0.947274472298717
2024-07-21,0.76,48.0,0.0,0,3.8918202981106265,0.7,3.6888794541139363,0.68,3.6109179126442243,0.0,0.0,0.0,0.06000000000000005,9.0,0.7133333333333335,41.0,0.7285714285714285,43.57142857142857,-0.3366372842469099,-0.941634397659126
2024-07-22,0.73,44.0,0.0,0,3.8066624897703196,0.76,3.8918202981106265,0.7,3.6888794541139363,0.0,0.0,0.0,-0.030000000000000027,-4.0,0.7300000000000001,43.666666666666664,0.7228571428571428,42.714285714285715,-0.35275208654909473,-0.9357168190404936
2024-07-23,0.68,36.0,0.0,0,3.6109179126442243,0.73,3.8066624897703196,0.76,3.8918202981106265,0.0,0.0,0.0,-0.04999999999999993,-8.0,0.7233333333333335,42.666666666666664,0.7128571428571427,41.142857142857146,-0.36876293119226006,-0.9295234803804003
2024-07-24,0.66,34.0,0.0,0,3.5553480614894135,0.68,3.6109179126442243,0.73,3.8066624897703196,0.0,0.0,0.0,-0.020000000000000018,-2.0,0.6900000000000001,38.0,0.7028571428571428,39.714285714285715,-0.38466509970700097,-0.9230562068841761
2024-07-25,0.72,42.0,0.0,0,3.7612001156935624,0.66,3.5553480614894135,0.68,3.6109179126442243,0.0,0.0,0.0,0.05999999999999994,8.0,0.6866666666666669,37.333333333333336,0.7042857142857143,39.857142857142854,-0.40045390565126615,-0.9163169044870049
2024-07-26,0.72,42.0,0.0,0,3.7612001156935624,0.72,3.7612001156935624,0.66,3.5553480614894135,0.0,0.0,0.0,0.0,0.0,0.7000000000000001,39.333333333333336,0.7100000000000001,40.714285714285715,-0.4161246959914748,-0.9093075592922356
2024-07-27,0.7,39.0,0.0,0,3.6888794541139363,0.72,3.7612001156935624,0.72,3.7612001156935624,0.0,0.0,0.0,-0.020000000000000018,-3.0,0.7133333333333334,41.0,0.7100000000000001,40.714285714285715,-0.431672852473784,-0.9020302369860707
2024-07-28,0.74,45.0,0.0,0,3.828641396489095,0.7,3.6888794541139363,0.72,3.7612001156935624,0.0,0.0,0.0,0.040000000000000036,6.0,0.7200000000000001,42.0,0.7071428571428572,40.285714285714285,-0.44709379298511404,-0.8944870822287955
2024-07-29,0.74,45.0,0.0,0,3.828641396489095,0.74,3.828641396489095,0.7,3.6888794541139363,0.0,0.0,0.0,0.0,0.0,0.7266666666666667,43.0,0.7085714285714285,40.42857142857143,-0.4623829729035149,-0.88668031802274
2024-07-30,0.72,42.0,0.0,0,3.7612001156935624,0.74,3.828641396489095,0.74,3.828641396489095,0.0,0.0,0.0,-0.020000000000000018,-3.0,0.7333333333333334,44.0,0.7142857142857143,41.285714285714285,-0.4775358864374881,-0.8786122450571483
2024-07-31,0.71,41.0,0.0,0,3.7376696182833684,0.72,3.7612001156935624,0.74,3.828641396489095,0.0,0.0,0.0,-0.010000000000000009,-1.0,0.7233333333333333,42.666666666666664,0.7214285714285714,42.285714285714285,-0.4925480679538642,-0.8702852410301554
2024-08-01,0.77,50.0,0.0,0,3.9318256327243257,0.71,3.7376696182833684,0.72,3.7612001156935624,0.0,0.0,0.0,0.06000000000000005,9.0,0.7333333333333334,44.333333333333336,0.7285714285714286,43.42857142857143,-0.5074150932938452,-0.8617017599480683
2024-08-02,0.77,50.0,0.0,0,3.9318256327243257,0.77,3.9318256327243257,0.71,3.7376696182833684,0.0,0.0,0.0,0.0,0.0,0.75,47.0,0.7357142857142857,44.57142857142857,-0.5221325810768248,-0.8528643314021597
2024-08-03,0.72,42.0,0.0,0,3.7612001156935624,0.77,3.9318256327243257,0.77,3.9318256327243257,0.0,0.0,0.0,-0.050000000000000044,-8.0,0.7533333333333334,47.333333333333336,0.7385714285714285,45.0,-0.5366961939916003,-0.8437755598231858
2024-08-04,0.71,41.0,0.0,0,3.7376696182833684,0.72,3.7612001156935624,0.77,3.9318256327243257,0.0,0.0,0.0,-0.010000000000000009,-1.0,0.7333333333333334,44.333333333333336,0.7342857142857143,44.42857142857143,-0.5511016400745998,-0.8344381237138474
2024-08-05,0.74,45.0,0.0,0,3.828641396489095,0.71,3.7376696182833684,0.72,3.7612001156935624,0.0,0.0,0.0,0.030000000000000027,4.0,0.7233333333333333,42.666666666666664,0.7342857142857142,44.42857142857143,-0.5653446739747425,-0.8248547748594246
2024-08-06,0.72,42.0,0.0,0,3.7612001156935624,0.74,3.828641396489095,0.71,3.7376696182833684,0.0,0.0,0.0,-0.020000000000000018,-3.0,0.7233333333333333,42.666666666666664,0.7342857142857143,44.42857142857143,-0.5794210982045637,-0.8150283375168114
2024-08-07,0.7,39.0,0.0,0,3.6888794541139363,0.72,3.7612001156935624,0.74,3.828641396489095,0.0,0.0,0.0,-0.020000000000000018,-3.0,0.7200000000000001,42.0,0.7328571428571429,44.142857142857146,-0.5933267643772321,-0.8049617075821958
2024-08-08,0.71,41.0,0.0,0,3.7376696182833684,0.7,3.6888794541139363,0.72,3.7612001156935624,0.0,0.0,0.0,0.010000000000000009,2.0,0.71,40.666666666666664,0.7242857142857142,42.857142857142854,-0.6070575744291004,-0.794657851737625
2024-08-09,0.72,42.0,0.0,0,3.7612001156935624,0.71,3.7376696182833684,0.7,3.6888794541139363,0.0,0.0,0.0,0.010000000000000009,1.0,0.71,40.666666666666664,0.7171428571428571,41.714285714285715,-0.6206094818274228,-0.7841198065767104
2024-08-10,0.73,44.0,0.0,0,3.8066624897703196,0.72,3.7612001156935624,0.71,3.7376696182833684,0.0,0.0,0.0,0.010000000000000009,2.0,0.7200000000000001,42.333333333333336,0.7185714285714285,42.0,-0.6339784927628865,-0.77335067770973
2024-08-11,0.74,45.0,0.0,0,3.828641396489095,0.73,3.8066624897703196,0.72,3.7612001156935624,0.0,0.0,0.0,0.010000000000000009,1.0,0.7300000000000001,43.666666666666664,0.722857142857143,42.57142857142857,-0.6471606673266059,-0.7623536388483905
2024-08-12,0.75,47.0,0.8,0,3.871201010907891,0.74,3.828641396489095,0.73,3.8066624897703196,0.8,0.7999999999999894,0.11428571428571277,0.010000000000000009,2.0,0.7400000000000001,45.333333333333336,0.7242857142857143,42.857142857142854,-0.6601521206712315,-0.7511319308705201
2024-08-13,0.88,73.0,15.2,0,4.30406509320417,0.75,3.871201010907891,0.74,3.828641396489095,16.0,15.99999999999999,2.2857142857142843,0.13,26.0,0.79,55.0,0.7471428571428571,47.285714285714285,-0.6729490241558326,-0.7396888608649671
2024-08-14,0.8,55.0,0.4,0,4.02535169073515,0.88,4.30406509320417,0.75,3.871201010907891,16.4,16.399999999999988,2.342857142857141,-0.07999999999999996,-18.0,0.81,58.333333333333336,0.7614285714285715,49.57142857142857,-0.6855476064742154,-0.7280278011569848
2024-08-15,0.89,75.0,0.0,0,4.330733340286331,0.8,4.02535169073515,0.88,4.30406509320417,15.6,16.399999999999988,2.342857142857141,0.08999999999999997,20.0,0.8566666666666668,67.66666666666667,0.7871428571428571,54.42857142857143,-0.6979441547663433,-0.7161521883143935
2024-08-16,0.96,92.0,0.0,0,4.532599493153256,0.89,4.330733340286331,0.8,4.02535169073515,0.4,16.399999999999988,2.342857142857141,0.06999999999999995,17.0,0.8833333333333334,74.0,0.8214285714285714,61.57142857142857,-0.7101350157125356,-0.7040655221348059
2024-08-17,0.84,64.0,0.0,0,4.174387269895637,0.96,4.532599493153256,0.89,4.330733340286331,0.0,16.399999999999988,2.342857142857141,-0.12,-28.0,0.8966666666666666,77.0,0.8371428571428572,64.42857142857143,-0.7221165966101161,-0.691771364614222
2024-08-18,0.76,48.0,0.0,0,3.8918202981106265,0.84,4.174387269895637,0.96,4.532599493153256,0.0,16.399999999999988,2.342857142857141,-0.07999999999999996,-16.0,0.8533333333333334,68.0,0.84,64.85714285714286,-0.7338853664321993,-0.6792733388972929
2024-08-19,0.75,47.0,0.0,0,3.871201010907891,0.76,3.8918202981106265,0.84,4.174387269895637,0.0,15.599999999999989,2.228571428571427,-0.010000000000000009,-1.0,0.7833333333333333,53.0,0.84,64.85714285714286,-0.7454378568683003,-0.6665751282095631
2024-08-20,0.69,38.0,0.0,0,3.6635616461296463,0.75,3.871201010907891,0.76,3.8918202981106265,0.0,0.39999999999998936,0.05714285714285562,-0.06000000000000005,-9.0,0.7333333333333334,44.333333333333336,0.8128571428571428,59.857142857142854,-0.7567706633464625,-0.653680474772006
2024-08-21,0.66,34.0,0.0,0,3.5553480614894135,0.69,3.6635616461296463,0.75,3.871201010907891,0.0,0.0,0.0,-0.029999999999999916,-4.0,0.7000000000000001,39.666666666666664,0.7928571428571428,56.857142857142854,-0.7678804460366,-0.6405931786981752
2024-08-22,0.73,44.0,0.0,0,3.8066624897703196,0.66,3.5553480614894135,0.69,3.6635616461296463,0.0,0.0,0.0,0.06999999999999995,10.0,0.6933333333333334,38.666666666666664,0.7700000000000001,52.42857142857143,-0.7787639308347605,-0.627317096874294
2024-08-23,0.74,45.0,0.0,0,3.828641396489095,0.73,3.8066624897703196,0.66,3.5553480614894135,0.0,0.0,0.0,0.010000000000000009,1.0,0.71,41.0,0.7385714285714285,45.714285714285715,-0.7894179103280194,-0.6138561418226122
2024-08-24,0.76,48.0,0.0,0,3.8918202981106265,0.74,3.828641396489095,0.73,3.8066624897703196,0.0,0.0,0.0,0.020000000000000018,3.0,0.7433333333333335,45.666666666666664,0.7271428571428571,43.42857142857143,-0.7998392447397191,-0.6002142805483686
2024-08-25,0.8,55.0,0.0,0,4.02535169073515,0.76,3.8918202981106265,0.74,3.828641396489095,0.0,0.0,0.0,0.040000000000000036,7.0,0.7666666666666667,49.333333333333336,0.7328571428571429,44.42857142857143,-0.8100248628547748,-0.5863955333706962
2024-08-26,0.8,55.0,0.0,0,4.02535169073515,0.8,4.02535169073515,0.76,3.8918202981106265,0.0,0.0,0.0,0.0,0.0,0.7866666666666667,52.666666666666664,0.74,45.57142857142857,-0.8199717629247767,-0.5724039727378154
2024-08-27,0.77,50.0,0.0,0,3.9318256327243257,0.8,4.02535169073515,0.8,4.02535169073515,0.0,0.0,0.0,-0.030000000000000027,-5.0,0.79,53.333333333333336,0.7514285714285716,47.285714285714285,-0.8296770135526185,-0.5582437220268655
2024-08-28,0.76,48.0,0.0,0,3.8918202981106265,0.77,3.9318256327243257,0.8,4.02535169073515,0.0,0.0,0.0,-0.010000000000000009,-2.0,0.7766666666666667,51.0,0.7657142857142858,49.285714285714285,-0.8391377545563938,-0.5439189543287248
2024-08-29,0.76,48.0,4.4,0,3.8918202981106265,0.76,3.8918202981106265,0.77,3.9318256327243257,4.4,4.39999999999999,0.6285714285714271,0.0,0.0,0.7633333333333333,48.666666666666664,0.7699999999999999,49.857142857142854,-0.8483511978123038,-0.5294338912181854
2024-08-30,0.83,61.0,4.4,0,4.127134385045092,0.76,3.8918202981106265,0.76,3.8918202981106265,8.8,8.79999999999999,1.2571428571428558,0.06999999999999995,13.0,0.7833333333333333,52.333333333333336,0.7828571428571429,52.142857142857146,-0.8573146280763322,-0.514792801509831
2024-08-31,0.91,80.0,1.4,0,4.394449154672439,0.83,4.127134385045092,0.76,3.8918202981106265,10.200000000000001,10.19999999999999,1.4571428571428557,0.08000000000000007,19.0,0.8333333333333334,63.0,0.8042857142857143,56.714285714285715,-0.8660254037844385,-0.5000000000000004
2024-09-01,0.99,100.0,0.0,0,4.61512051684126,0.91,4.394449154672439,0.83,4.127134385045092,5.800000000000001,10.19999999999999,1.4571428571428557,0.07999999999999996,20.0,0.9100000000000001,80.33333333333333,0.8314285714285715,63.142857142857146,-0.8744809578310394,-0.4850598461951967
2024-09-02,1.15,143.0,5.2,0,4.969813299576001,0.99,4.61512051684126,0.91,4.394449154672439,6.6,15.39999999999999,2.1999999999999984,0.15999999999999992,43.0,1.0166666666666666,107.66666666666667,0.8814285714285715,75.71428571428571,-0.8826787983255475,-0.4699767430273199
2024-09-03,1.2,158.0,9.0,0,5.0689042022202315,1.15,4.969813299576001,0.99,4.61512051684126,14.2,24.39999999999999,3.4857142857142844,0.050000000000000044,15.0,1.1133333333333333,133.66666666666666,0.9428571428571428,91.14285714285714,-0.8906165093267404,-0.45475513555610575
2024-09-04,1.25,173.0,2.0,0,5.159055299214529,1.2,5.0689042022202315,1.15,4.969813299576001,16.2,26.39999999999999,3.77142857142857,0.050000000000000044,15.0,1.2,158.0,1.012857142857143,109.0,-0.8982917515547529,-0.43939950965914165
2024-09-05,1.27,179.0,0.0,0,5.19295685089021,1.25,5.159055299214529,1.2,5.0689042022202315,11.0,21.999999999999993,3.142857142857142,0.020000000000000018,6.0,1.24,170.0,1.0857142857142856,127.71428571428571,-0.9057022630804714,-0.42391439070986087
2024-09-06,1.24,170.0,0.0,0,5.14166355650266,1.27,5.19295685089021,1.25,5.159055299214529,2.0,17.599999999999987,2.5142857142857125,-0.030000000000000027,-9.0,1.2533333333333336,174.0,1.1442857142857144,143.28571428571428,-0.9128458599921354,-0.40830434224389367
2024-09-07,1.11,131.0,0.0,0,4.882801922586371,1.24,5.14166355650266,1.27,5.19295685089021,0.0,16.19999999999999,2.3142857142857127,-0.1299999999999999,-39.0,1.2066666666666668,160.0,1.172857142857143,150.57142857142858,-0.9197204370389468,-0.3925739646141714
2024-09-08,1.38,215.0,0.0,0,5.375278407684165,1.11,4.882801922586371,1.24,5.14166355650266,0.0,16.19999999999999,2.3142857142857127,0.2699999999999998,84.0,1.2433333333333334,172.0,1.2285714285714284,167.0,-0.9263239682514951,-0.3767278936351848
2024-09-09,1.26,176.0,0.0,0,5.176149732573829,1.38,5.375278407684165,1.11,4.882801922586371,0.0,10.99999999999999,1.5714285714285698,-0.11999999999999988,-39.0,1.25,174.0,1.2442857142857144,171.71428571428572,-0.9326545075388225,-0.3607707992167831
2024-09-10,1.1,128.0,0.0,0,4.859812404361672,1.26,5.176149732573829,1.38,5.375278407684165,0.0,1.9999999999999893,0.2857142857142842,-0.15999999999999992,-48.0,1.2466666666666668,173.0,1.23,167.42857142857142,-0.9387101892619443,-0.3447073839879337
2024-09-11,0.95,90.0,0.0,0,4.51085950651685,1.1,4.859812404361672,1.26,5.176149732573829,0.0,0.0,0.0,-0.15000000000000013,-38.0,1.1033333333333333,131.33333333333334,1.1871428571428573,155.57142857142858,-0.9444892287836613,-0.32854238191083474
2024-09-12,0.88,73.0,0.0,0,4.30406509320417,0.95,4.51085950651685,1.1,4.859812404361672,0.0,0.0,0.0,-0.06999999999999995,-17.0,0.9766666666666667,97.0,1.1314285714285715,140.42857142857142,-0.9499899229945009,-0.3122805568857948
2024-09-13,0.85,66.0,0.0,0,4.204692619390966,0.88,4.30406509320417,0.95,4.51085950651685,0.0,0.0,0.0,-0.030000000000000027,-7.0,0.8933333333333334,76.33333333333333,1.0757142857142858,125.57142857142857,-0.9552106508146316,-0.29592670134728966
2024-09-14,0.84,64.0,0.0,0,4.174387269895637,0.85,4.204692619390966,0.88,4.30406509320417,0.0,0.0,0.0,-0.010000000000000009,-2.0,0.8566666666666668,67.66666666666667,1.0371428571428571,116.0,-0.9601498736716017,-0.2794856348516098
2024-09-15,0.86,68.0,0.0,0,4.23410650459726,0.84,4.174387269895637,0.85,4.204692619390966,0.0,0.0,0.0,0.020000000000000018,4.0,0.8500000000000001,66.0,0.9628571428571429,95.0,-0.9648061359537644,-0.2629622026565152
2024-09-16,0.92,82.0,0.0,0,4.418840607796598,0.86,4.23410650459726,0.84,4.174387269895637,0.0,0.0,0.0,0.06000000000000005,14.0,0.8733333333333334,71.33333333333333,0.9142857142857144,81.57142857142857,-0.9691780654392534,-0.24636127429331536
2024-09-17,0.89,75.0,0.0,0,4.330733340286331,0.92,4.418840607796598,0.86,4.23410650459726,0.0,0.0,0.0,-0.030000000000000027,-7.0,0.8900000000000001,75.0,0.8842857142857142,74.0,-0.9732643737003823,-0.2296877421317963
2024-09-18,0.82,59.0,0.0,0,4.0943445622221,0.89,4.330733340286331,0.92,4.418840607796598,0.0,0.0,0.0,-0.07000000000000006,-16.0,0.8766666666666668,72.0,0.8657142857142858,69.57142857142857,-0.9770638564833508,-0.21294651993841573
2024-09-19,0.78,51.0,0.0,0,3.9512437185814275,0.82,4.0943445622221,0.89,4.330733340286331,0.0,0.0,0.0,-0.039999999999999925,-8.0,0.8300000000000001,61.666666666666664,0.8514285714285714,66.42857142857143,-0.9805753940631429,-0.19614254142819712
2024-09-20,0.79,53.0,13.4,0,3.9889840465642745,0.78,3.9512437185814275,0.82,4.0943445622221,13.4,13.39999999999999,1.9142857142857128,0.010000000000000009,2.0,0.7966666666666667,54.333333333333336,0.8428571428571429,64.57142857142857,-0.9837979515735163,-0.1792807588107359
2024-09-21,1.06,118.0,40.0,0,4.77912349311153,0.79,3.9889840465642745,0.78,3.9512437185814275,53.4,53.39999999999999,7.628571428571427,0.27,65.0,0.8766666666666668,74.0,0.8742857142857143,72.28571428571429,-0.9867305793119814,-0.16236614133076413
2024-09-22,1.09,125.0,0.0,0,4.836281906951478,1.06,4.77912349311153,0.79,3.9889840465642745,53.4,53.39999999999999,7.628571428571427,0.030000000000000027,7.0,0.9800000000000001,98.66666666666667,0.9071428571428571,80.42857142857143,-0.9893724130196829,-0.14540367380369032
2024-09-23,1.53,265.0,0.0,0,5.583496308781699,1.09,4.836281906951478,1.06,4.77912349311153,40.0,53.39999999999999,7.628571428571427,0.43999999999999995,140.0,1.2266666666666668,169.33333333333334,0.9942857142857143,106.57142857142857,-0.9917226741361014,-0.12839835514655154
2024-09-24,1.52,261.0,0.0,0,5.568344503761097,1.53,5.583496308781699,1.09,4.836281906951478,0.0,53.39999999999999,7.628571428571427,-0.010000000000000009,-4.0,1.3800000000000001,217.0,1.0842857142857143,133.14285714285714,-0.9937806700284985,-0.11135519690480865
2024-09-25,1.22,164.0,0.0,0,5.10594547390058,1.52,5.568344503761097,1.53,5.583496308781699,0.0,53.39999999999999,7.628571428571427,-0.30000000000000004,-97.0,1.4233333333333336,230.0,1.1414285714285715,148.14285714285714,-0.9955457941960382,-0.09427922177542443
2024-09-26,1.11,131.0,0.0,0,4.882801922586371,1.22,5.10594547390058,1.52,5.568344503761097,0.0,53.39999999999999,7.628571428571427,-0.10999999999999988,-33.0,1.2833333333333334,185.33333333333334,1.1885714285714286,159.57142857142858,-0.9970175264485267,-0.07717546212664643
2024-09-27,1.01,105.0,0.0,0,4.663439094112067,1.11,4.882801922586371,1.22,5.10594547390058,0.0,39.99999999999999,5.7142857142857135,-0.10000000000000009,-26.0,1.1133333333333333,133.33333333333334,1.22,167.0,-0.998195433059714,-0.06004895851494849
2024-09-28,0.96,92.0,0.0,0,4.532599493153256,1.01,4.663439094112067,1.11,4.882801922586371,0.0,0.0,0.0,-0.050000000000000044,-13.0,1.0266666666666666,109.33333333333333,1.2057142857142857,163.28571428571428,-0.9990791668951153,-0.04290475819955383
2024-09-29,0.91,80.0,0.0,0,4.394449154672439,0.96,4.532599493153256,1.01,4.663439094112067,0.0,0.0,0.0,-0.04999999999999993,-12.0,0.96,92.33333333333333,1.18,156.85714285714286,-0.9996684675143132,-0.025747913654988113
2024-09-30,0.92,82.0,0.0,0,4.418840607796598,0.91,4.394449154672439,0.96,4.532599493153256,0.0,0.0,0.0,0.010000000000000009,2.0,0.93,84.66666666666667,1.092857142857143,130.71428571428572,-0.9999631612477099,-0.008583481082086734
2024-10-01,0.92,82.22,0.0,0,4.421487703554795,0.92,4.418840607796598,0.91,4.394449154672439,0.0,0.0,0.0,0.0,0.21999999999999886,0.9166666666666666,81.40666666666667,1.0071428571428573,105.17428571428572,-0.9999631612477099,0.008583481082087254
2024-10-02,1.01,104.87,17.2,0,4.662211926355289,0.92,4.421487703554795,0.92,4.418840607796598,17.2,17.199999999999992,2.457142857142856,0.08999999999999997,22.650000000000006,0.9500000000000001,89.69666666666667,0.9771428571428571,96.72714285714287,-0.999668467514313,0.025747913654988634
2024-10-03,0.98,97.28,0.0,0,4.587820547652979,1.01,4.662211926355289,0.92,4.421487703554795,17.2,17.199999999999992,2.457142857142856,-0.030000000000000027,-7.590000000000003,0.9700000000000001,94.79,0.9585714285714287,91.91,-0.9990791668951153,0.04290475819955435
2024-10-04,1.25,173.375,0.0,0,5.16120815257563,0.98,4.587820547652979,1.01,4.662211926355289,17.2,17.199999999999992,2.457142857142856,0.27,76.095,1.08,125.175,0.9928571428571428,101.67785714285715,-0.998195433059714,0.06004895851494813
2024-10-05,1.28,182.45,0.0,0,5.211942150801291,1.25,5.16120815257563,0.98,4.587820547652979,0.0,17.199999999999992,2.457142857142856,0.030000000000000027,9.074999999999989,1.17,151.035,1.0385714285714285,114.5992857142857,-0.9970175264485267,0.07717546212664607
2024-10-06,1.17,149.175,0.0,0,5.0118012807362256,1.28,5.211942150801291,1.25,5.16120815257563,0.0,17.199999999999992,2.457142857142856,-0.1100000000000001,-33.27499999999998,1.2333333333333334,168.33333333333334,1.0757142857142856,124.48142857142857,-0.9955457941960382,0.09427922177542405
2024-10-07,1.06,117.72,5.4,0,4.77676777941907,1.17,5.0118012807362256,1.28,5.211942150801291,5.4,22.599999999999994,3.2285714285714278,-0.10999999999999988,-31.455000000000013,1.17,149.78166666666667,1.0957142857142856,129.58428571428573,-0.9937806700284985,0.11135519690480827
2024-10-08,1.05,115.15,1.4,0,4.754882459216418,1.06,4.77676777941907,1.17,5.0118012807362256,6.800000000000001,23.999999999999993,3.4285714285714275,-0.010000000000000009,-2.569999999999993,1.0933333333333333,127.34833333333331,1.1142857142857143,134.28857142857143,-0.9917226741361016,0.1283983551465503
2024-10-09,1.04,112.58,1.0,0,4.732507434449286,1.05,4.754882459216418,1.06,4.77676777941907,7.800000000000001,7.799999999999994,1.1142857142857134,-0.010000000000000009,-2.5700000000000074,1.05,115.14999999999999,1.1185714285714285,135.39000000000001,-0.9893724130196829,0.14540367380368996
2024-10-10,1.23,167.325,0.0,0,5.125896634431345,1.04,4.732507434449286,1.05,4.754882459216418,2.4,7.799999999999994,1.1142857142857134,0.18999999999999995,54.74499999999999,1.1066666666666667,131.68499999999997,1.1542857142857144,145.39642857142857,-0.9867305793119814,0.16236614133076377
2024-10-11,1.29,185.475,0.2,0,5.228297181841227,1.23,5.125896634431345,1.04,4.732507434449286,1.2,7.999999999999993,1.142857142857142,0.06000000000000005,18.150000000000006,1.1866666666666668,155.12666666666667,1.16,147.125,-0.9837979515735163,0.17928075881073555
2024-10-12,1.33,198.37,0.4,0,5.295162394854736,1.29,5.228297181841227,1.23,5.125896634431345,0.6000000000000001,8.399999999999993,1.199999999999999,0.040000000000000036,12.89500000000001,1.2833333333333334,183.72333333333333,1.167142857142857,149.3992857142857,-0.980575394063143,0.19614254142819676
2024-10-13,1.33,198.37,0.0,0,5.295162394854736,1.33,5.295162394854736,1.29,5.228297181841227,0.6000000000000001,8.399999999999993,1.199999999999999,0.0,0.0,1.3166666666666667,194.07166666666663,1.19,156.42714285714285,-0.9770638564833509,0.21294651993841537
2024-10-14,1.23,167.325,0.8,0,5.125896634431345,1.33,5.295162394854736,1.33,5.295162394854736,1.2000000000000002,3.7999999999999927,0.5428571428571418,-0.10000000000000009,-31.045000000000016,1.2966666666666666,188.02166666666665,1.2142857142857142,163.51357142857142,-0.9732643737003827,0.22968774213179508
2024-10-15,1.14,140.1,3.6,0,4.9494688588587685,1.23,5.125896634431345,1.33,5.295162394854736,4.4,5.999999999999993,0.8571428571428561,-0.09000000000000008,-27.224999999999994,1.2333333333333334,168.59833333333333,1.227142857142857,167.07785714285714,-0.9691780654392538,0.24636127429331414
2024-10-16,1.1,128.0,1.6,0,4.859812404361672,1.14,4.9494688588587685,1.23,5.125896634431345,6.0,6.599999999999993,0.942857142857142,-0.039999999999999813,-12.099999999999994,1.1566666666666665,145.14166666666665,1.2357142857142858,169.28071428571428,-0.9648061359537647,0.262962202656514
2024-10-17,1.14,140.1,16.8,0,4.9494688588587685,1.1,4.859812404361672,1.14,4.9494688588587685,22.0,23.399999999999995,3.342857142857142,0.039999999999999813,12.099999999999994,1.1266666666666667,136.06666666666666,1.2228571428571426,165.39142857142858,-0.9601498736716018,0.2794856348516095
2024-10-18,1.3,188.5,0.0,0,5.244389024522481,1.14,4.9494688588587685,1.1,4.859812404361672,18.4,23.199999999999996,3.3142857142857136,0.16000000000000014,48.400000000000006,1.18,152.2,1.2242857142857144,165.8235714285714,-0.9552106508146317,0.2959267013472893
2024-10-19,1.98,441.2,0.0,0,6.091762268423346,1.3,5.244389024522481,1.14,4.9494688588587685,16.8,22.799999999999994,3.2571428571428562,0.6799999999999999,252.7,1.4733333333333334,256.59999999999997,1.3171428571428572,200.5135714285714,-0.9499899229945011,0.3122805568857945
2024-10-20,1.97,436.8,0.0,0,6.081762185088762,1.98,6.091762268423346,1.3,5.244389024522481,0.0,22.799999999999994,3.2571428571428562,-0.010000000000000009,-4.399999999999977,1.75,355.5,1.4085714285714286,234.57500000000002,-0.9444892287836614,0.3285423819108344
2024-10-21,1.7,326.1,0.0,0,5.790265934544339,1.97,6.081762185088762,1.98,6.091762268423346,0.0,21.999999999999996,3.1428571428571423,-0.27,-110.69999999999999,1.8833333333333335,401.3666666666666,1.4757142857142858,257.25714285714287,-0.938710189261944,0.3447073839879342
2024-10-22,1.44,234.56,0.0,0,5.46196565807637,1.7,5.790265934544339,1.97,6.081762185088762,0.0,18.399999999999995,2.6285714285714277,-0.26,-91.54000000000002,1.7033333333333331,332.4866666666667,1.5185714285714285,270.75142857142856,-0.9326545075388223,0.3607707992167836
2024-10-23,1.31,191.79,0.0,0,5.261601513611377,1.44,5.46196565807637,1.7,5.790265934544339,0.0,16.799999999999994,2.399999999999999,-0.1299999999999999,-42.77000000000001,1.4833333333333334,250.8166666666667,1.5485714285714285,279.8642857142857,-0.9263239682514949,0.3767278936351853
2024-10-24,1.22,164.3,0.0,0,5.107762004826979,1.31,5.261601513611377,1.44,5.46196565807637,0.0,0.0,0.0,-0.09000000000000008,-27.48999999999998,1.3233333333333333,196.88333333333333,1.5599999999999998,283.32142857142856,-0.9197204370389466,0.3925739646141719
2024-10-25,1.14,140.1,17.0,0,4.9494688588587685,1.22,5.107762004826979,1.31,5.261601513611377,17.0,16.999999999999993,2.4285714285714275,-0.08000000000000007,-24.200000000000017,1.2233333333333334,165.39666666666668,1.5371428571428571,276.40714285714284,-0.9128458599921356,0.40830434224389334
2024-10-26,1.15,143.125,0.0,0,4.970680978589223,1.14,4.9494688588587685,1.22,5.107762004826979,17.0,16.999999999999993,2.4285714285714275,0.010000000000000009,3.0250000000000057,1.17,149.17499999999998,1.4185714285714286,233.82500000000002,-0.9057022630804715,0.42391439070986053
2024-10-27,1.7,326.1,6.6,0,5.790265934544339,1.15,4.970680978589223,1.14,4.9494688588587685,23.6,23.599999999999994,3.3714285714285706,0.55,182.97500000000002,1.3299999999999998,203.10833333333335,1.3800000000000001,218.0107142857143,-0.898291751554753,0.4393995096591413
2024-10-28,1.91,410.4,0.0,0,6.019565977218857,1.7,5.790265934544339,1.15,4.970680978589223,6.6,23.599999999999994,3.3714285714285706,0.20999999999999996,84.29999999999995,1.5866666666666667,293.2083333333333,1.41,230.05357142857142,-0.8906165093267406,0.4547551355561054
2024-10-29,1.74,340.46,1.8,0,5.833230541843087,1.91,6.019565977218857,1.7,5.790265934544339,8.4,25.39999999999999,3.6285714285714272,-0.16999999999999993,-69.94,1.7833333333333332,358.9866666666667,1.4528571428571428,245.18214285714288,-0.8826787983255476,0.46997674302731957
2024-10-30,1.71,329.69,3.4,0,5.801181380643333,1.74,5.833230541843087,1.91,6.019565977218857,5.2,28.799999999999994,4.114285714285713,-0.030000000000000027,-10.769999999999982,1.7866666666666664,360.18333333333334,1.51,264.88214285714287,-0.8744809578310401,0.4850598461951956
2024-10-31,1.7,326.1,2.8,0,5.790265934544339,1.71,5.801181380643333,1.74,5.833230541843087,8.0,31.599999999999994,4.514285714285713,-0.010000000000000009,-3.589999999999975,1.7166666666666666,332.0833333333333,1.5785714285714287,287.99642857142857,-0.8660254037844386,0.5000000000000001
2024-11-01,1.74,340.46,0.0,0,5.833230541843087,1.7,5.790265934544339,1.71,5.801181380643333,6.2,14.599999999999993,2.0857142857142845,0.040000000000000036,14.359999999999957,1.7166666666666668,332.0833333333333,1.6642857142857144,316.6192857142857,-0.8573146280763323,0.5147928015098306
2024-11-02,1.65,308.15,2.0,0,5.733826596004578,1.74,5.833230541843087,1.7,5.790265934544339,4.8,16.599999999999994,2.3714285714285706,-0.09000000000000008,-32.31,1.6966666666666665,324.90333333333336,1.7357142857142855,340.19428571428574,-0.848351197812304,0.5294338912181851
2024-11-03,1.51,257.89,1.2,0,5.556403261059811,1.65,5.733826596004578,1.74,5.833230541843087,3.2,11.199999999999992,1.599999999999999,-0.1399999999999999,-50.25999999999999,1.633333333333333,302.1666666666667,1.7085714285714286,330.45,-0.8391377545563939,0.5439189543287245
2024-11-04,1.38,214.82,0.0,0,5.374444726935588,1.51,5.556403261059811,1.65,5.733826596004578,3.2,11.199999999999992,1.599999999999999,-0.13000000000000012,-43.06999999999999,1.5133333333333334,260.28666666666663,1.6328571428571428,302.51000000000005,-0.8296770135526191,0.5582437220268645
2024-11-05,1.31,191.79,0.0,0,5.261601513611377,1.38,5.374444726935588,1.51,5.556403261059811,1.2,9.399999999999991,1.3428571428571416,-0.06999999999999984,-23.03,1.4000000000000001,221.5,1.5714285714285714,281.27142857142854,-0.8199717629247775,0.5724039727378144
2024-11-06,1.29,185.475,0.0,0,5.228297181841227,1.31,5.261601513611377,1.38,5.374444726935588,0.0,5.999999999999993,0.8571428571428561,-0.020000000000000018,-6.314999999999998,1.3266666666666669,197.36166666666668,1.5114285714285711,260.6692857142857,-0.8100248628547756,0.5863955333706952
2024-11-07,1.25,173.375,0.0,0,5.16120815257563,1.29,5.228297181841227,1.31,5.261601513611377,0.0,3.199999999999993,0.45714285714285613,-0.040000000000000036,-12.099999999999994,1.2833333333333334,183.54666666666665,1.447142857142857,238.85142857142858,-0.7998392447397198,0.6002142805483676
2024-11-08,1.22,164.3,0.0,0,5.107762004826979,1.25,5.16120815257563,1.29,5.228297181841227,0.0,3.199999999999993,0.45714285714285613,-0.030000000000000027,-9.074999999999989,1.2533333333333332,174.38333333333335,1.3728571428571428,213.68571428571428,-0.7894179103280197,0.613856141822612
2024-11-09,1.16,146.15,0.0,0,4.991452474679482,1.22,5.107762004826979,1.25,5.16120815257563,0.0,1.1999999999999929,0.1714285714285704,-0.06000000000000005,-18.150000000000006,1.21,161.275,1.3028571428571427,190.54285714285717,-0.7787639308347607,0.6273170968742937
2024-11-10,1.18,152.2,0.0,0,5.0317442573064906,1.16,4.991452474679482,1.22,5.107762004826979,0.0,0.0,0.0,0.020000000000000018,6.049999999999983,1.1866666666666665,154.21666666666667,1.2557142857142856,175.4442857142857,-0.7678804460366002,0.640593178698175
2024-11-11,1.18,152.2,0.0,0,5.0317442573064906,1.18,5.0317442573064906,1.16,4.991452474679482,0.0,0.0,0.0,0.0,0.0,1.1733333333333331,150.1833333333333,1.227142857142857,166.49857142857144,-0.7567706633464628,0.6536804747720056
2024-11-12,1.15,143.125,0.0,0,4.970680978589223,1.18,5.0317442573064906,1.18,5.0317442573064906,0.0,0.0,0.0,-0.030000000000000027,-9.074999999999989,1.17,149.17499999999998,1.2042857142857142,159.54642857142858,-0.7454378568682999,0.6665751282095634
2024-11-13,1.15,143.125,1.6,0,4.970680978589223,1.15,4.970680978589223,1.18,5.0317442573064906,1.6,1.599999999999993,0.22857142857142757,0.0,0.0,1.16,146.14999999999998,1.1842857142857142,153.4964285714286,-0.7338853664321989,0.6792733388972934
2024-11-14,1.16,146.15,0.0,0,4.991452474679482,1.15,4.970680978589223,1.15,4.970680978589223,1.6,1.599999999999993,0.22857142857142757,0.010000000000000009,3.0250000000000057,1.1533333333333333,144.13333333333335,1.1714285714285713,149.60714285714286,-0.7221165966101161,0.6917713646142221
2024-11-15,1.18,152.2,0.0,0,5.0317442573064906,1.16,4.991452474679482,1.15,4.970680978589223,1.6,1.599999999999993,0.22857142857142757,0.020000000000000018,6.049999999999983,1.163333333333333,147.15833333333333,1.1657142857142857,147.87857142857143,-0.7101350157125358,0.7040655221348057
2024-11-16,1.18,152.2,0.0,0,5.0317442573064906,1.18,5.0317442573064906,1.16,4.991452474679482,0.0,1.599999999999993,0.22857142857142757,0.0,0.0,1.1733333333333333,150.18333333333334,1.1685714285714286,148.74285714285716,-0.6979441547663436,0.7161521883143932
2024-11-17,1.16,146.15,0.0,0,4.991452474679482,1.18,5.0317442573064906,1.18,5.0317442573064906,0.0,1.599999999999993,0.22857142857142757,-0.020000000000000018,-6.049999999999983,1.1733333333333331,150.1833333333333,1.1657142857142857,147.8785714285714,-0.6855476064742156,0.7280278011569846
2024-11-18,1.14,140.1,0.0,0,4.9494688588587685,1.16,4.991452474679482,1.18,5.0317442573064906,0.0,1.599999999999993,0.22857142857142757,-0.020000000000000018,-6.050000000000011,1.16,146.15,1.16,146.15,-0.6729490241558331,0.7396888608649665
2024-11-19,1.1,128.0,0.0,0,4.859812404361672,1.14,4.9494688588587685,1.16,4.991452474679482,0.0,1.599999999999993,0.22857142857142757,-0.039999999999999813,-12.099999999999994,1.1333333333333333,138.08333333333334,1.1528571428571428,143.9892857142857,-0.6601521206712321,0.7511319308705195
2024-11-20,1.1,128.0,0.0,0,4.859812404361672,1.1,4.859812404361672,1.14,4.9494688588587685,0.0,0.0,0.0,0.0,0.0,1.1133333333333335,132.03333333333333,1.1457142857142857,141.82857142857142,-0.6471606673266065,0.7623536388483899
2024-11-21,1.1,128.0,0.6,0,4.859812404361672,1.1,4.859812404361672,1.1,4.859812404361672,0.6,0.5999999999999929,0.0857142857142847,0.0,0.0,1.1,128.0,1.1371428571428572,139.23571428571427,-0.6339784927628872,0.7733506777097294
2024-11-22,1.1,128.0,0.0,0,4.859812404361672,1.1,4.859812404361672,1.1,4.859812404361672,0.6,0.5999999999999929,0.0857142857142847,0.0,0.0,1.1,128.0,1.125714285714286,135.77857142857144,-0.6206094818274227,0.7841198065767104
2024-11-23,1.18,152.2,0.0,0,5.0317442573064906,1.1,4.859812404361672,1.1,4.859812404361672,0.6,0.5999999999999929,0.0857142857142847,0.07999999999999985,24.19999999999999,1.1266666666666667,136.06666666666666,1.125714285714286,135.7785714285714,-0.607057574429101,0.7946578517376245
2024-11-24,1.32,195.08,0.0,0,5.2785227392198575,1.18,5.0317442573064906,1.1,4.859812404361672,0.0,0.5999999999999929,0.0857142857142847,0.14000000000000012,42.880000000000024,1.2,158.42666666666665,1.1485714285714288,142.76857142857142,-0.5933267643772321,0.8049617075821958
2024-11-25,1.32,195.08,1.2,0,5.2785227392198575,1.32,5.2785227392198575,1.18,5.0317442573064906,1.2,1.7999999999999927,0.2571428571428561,0.0,0.0,1.2733333333333334,180.78666666666666,1.1742857142857144,150.62285714285713,-0.5794210982045647,0.8150283375168107
2024-11-26,1.2,158.25,0.0,0,5.070475294452272,1.32,5.2785227392198575,1.32,5.2785227392198575,1.2,1.799999999999993,0.2571428571428561,-0.1200000000000001,-36.83000000000001,1.28,182.80333333333337,1.1885714285714286,154.9442857142857,-0.5653446739747432,0.8248547748594242
2024-11-27,1.33,198.37,0.0,0,5.295162394854736,1.2,5.070475294452272,1.32,5.2785227392198575,1.2,1.799999999999993,0.2571428571428561,0.13000000000000012,40.120000000000005,1.2833333333333334,183.9,1.2214285714285715,164.99714285714285,-0.5511016400745998,0.8344381237138475
2024-11-28,1.35,204.95,0.0,0,5.32763342088209,1.33,5.295162394854736,1.2,5.070475294452272,0.0,1.199999999999993,0.17142857142857043,0.020000000000000018,6.579999999999984,1.2933333333333334,187.18999999999997,1.2571428571428573,175.98999999999998,-0.5366961939916011,0.8437755598231853
2024-11-29,1.33,198.37,0.0,0,5.295162394854736,1.35,5.32763342088209,1.33,5.295162394854736,0.0,1.199999999999993,0.17142857142857043,-0.020000000000000018,-6.579999999999984,1.3366666666666667,200.56333333333336,1.2900000000000003,186.04285714285714,-0.5221325810768248,0.8528643314021598
2024-11-30,1.28,182.45,0.0,0,5.211942150801291,1.33,5.295162394854736,1.35,5.32763342088209,0.0,1.199999999999993,0.17142857142857043,-0.050000000000000044,-15.920000000000016,1.32,195.25666666666666,1.3042857142857145,190.3642857142857,-0.5074150932938463,0.8617017599480677
2024-12-01,1.19,155.225,0.2,0,5.051297275815146,1.28,5.211942150801291,1.33,5.295162394854736,0.2,1.399999999999993,0.199999999999999,-0.09000000000000008,-27.224999999999994,1.2666666666666666,178.68166666666664,1.2857142857142858,184.67071428571427,-0.4925480679538645,0.8702852410301551
2024-12-02,1.18,152.2,0.6,0,5.0317442573064906,1.19,5.051297275815146,1.28,5.211942150801291,0.8,0.7999999999999929,0.11428571428571328,-0.010000000000000009,-3.0250000000000057,1.2166666666666666,163.29166666666666,1.2657142857142856,178.54500000000002,-0.47753588643748845,0.8786122450571482
2024-12-03,1.15,143.125,2.8,0,4.970680978589223,1.18,5.0317442573064906,1.19,5.051297275815146,3.5999999999999996,3.5999999999999925,0.5142857142857132,-0.030000000000000027,-9.074999999999989,1.1733333333333333,150.1833333333333,1.2585714285714287,176.3842857142857,-0.4623829729035152,0.8866803180227398
2024-12-04,1.14,140.1,0.2,0,4.9494688588587685,1.15,4.970680978589223,1.18,5.0317442573064906,3.5999999999999996,3.7999999999999927,0.5428571428571418,-0.010000000000000009,-3.0250000000000057,1.1566666666666665,145.14166666666665,1.2314285714285713,168.05999999999997,-0.44709379298511437,0.8944870822287954
2024-12-05,1.16,146.15,0.0,0,4.991452474679482,1.14,4.9494688588587685,1.15,4.970680978589223,3.0,3.7999999999999927,0.5428571428571418,0.020000000000000018,6.050000000000011,1.15,143.125,1.2042857142857142,159.66,-0.43167285247378356,0.9020302369860709
2024-12-06,1.14,140.1,0.0,0,4.9494688588587685,1.16,4.991452474679482,1.14,4.9494688588587685,0.2,3.7999999999999927,0.5428571428571418,-0.020000000000000018,-6.050000000000011,1.1466666666666665,142.11666666666667,1.1771428571428573,151.33571428571426,-0.4161246959914751,0.9093075592922355
2024-12-07,1.17,149.175,0.6,0,5.0118012807362256,1.14,4.9494688588587685,1.16,4.991452474679482,0.6,4.399999999999992,0.6285714285714274,0.030000000000000027,9.075000000000017,1.1566666666666665,145.14166666666668,1.1614285714285713,146.58214285714283,-0.4004539056512665,0.9163169044870048
2024-12-08,1.31,191.79,0.2,0,5.261601513611377,1.17,5.0118012807362256,1.14,4.9494688588587685,0.8,4.399999999999992,0.6285714285714274,0.14000000000000012,42.61499999999998,1.2066666666666668,160.355,1.1785714285714286,151.8057142857143,-0.3846650997070013,0.923056206884176
2024-12-09,1.95,428.0,0.0,0,6.061456918928017,1.31,5.261601513611377,1.17,5.0118012807362256,0.8,3.7999999999999927,0.5428571428571418,0.6399999999999999,236.21,1.4766666666666666,256.32166666666666,1.2885714285714285,191.2057142857143,-0.3687629311922604,0.9295234803804002
2024-12-10,2.94,877.56,0.0,0,6.778284203530562,1.95,6.061456918928017,1.31,5.261601513611377,0.2,0.9999999999999929,0.14285714285714185,0.99,449.55999999999995,2.066666666666667,499.1166666666666,1.544285714285714,296.125,-0.3527520865490943,0.9357168190404939
2024-12-11,3.66,1218.18,0.0,0,7.105933780598357,2.94,6.778284203530562,1.95,6.061456918928017,0.0,0.7999999999999929,0.11428571428571328,0.7200000000000002,340.6200000000001,2.85,841.2466666666666,1.9042857142857144,450.13642857142855,-0.3366372842469107,0.9416343976591258
2024-12-12,3.66,1218.18,0.6,0,7.105933780598357,3.66,7.105933780598357,2.94,6.778284203530562,0.6,1.399999999999993,0.199999999999999,0.0,0.0,3.4200000000000004,1104.64,2.2614285714285716,603.2835714285713,-0.3204232733919109,0.947274472298717
2024-12-13,3.13,967.49,0.0,0,6.87573815754852,3.66,7.105933780598357,3.66,7.105933780598357,0.6,1.399999999999993,0.199999999999999,-0.5300000000000002,-250.69000000000005,3.483333333333333,1134.6166666666668,2.545714285714286,721.4821428571429,-0.30411483232751857,0.9526353808033823
2024-12-14,2.17,524.46,0.0,0,6.264274069437012,3.13,6.87573815754852,3.66,7.105933780598357,0.6,0.7999999999999929,0.11428571428571328,-0.96,-443.03,2.986666666666667,903.3766666666667,2.6885714285714286,775.0942857142857,-0.28771676722616696,0.9577155432887803
2024-12-15,1.89,401.6,0.0,0,5.9979435132056915,2.17,6.264274069437012,3.13,6.87573815754852,0.0,0.599999999999993,0.08571428571428472,-0.28,-122.86000000000001,2.3966666666666665,631.1833333333333,2.7714285714285714,805.0671428571429,-0.27123391067291097,0.9625134626077079
2024-12-16,1.87,392.8,0.0,0,5.975843166205025,1.89,5.9979435132056915,2.17,6.264274069437012,0.0,0.599999999999993,0.08571428571428472,-0.019999999999999796,-8.800000000000011,1.9766666666666666,439.61999999999995,2.7600000000000002,800.0385714285713,-0.25467112024122895,0.9670277247913203
2024-12-17,1.95,428.0,0.0,0,6.061456918928017,1.87,5.975843166205025,1.89,5.9979435132056915,0.0,0.599999999999993,0.08571428571428472,0.07999999999999985,35.19999999999999,1.9033333333333333,407.46666666666664,2.6185714285714283,735.8157142857143,-0.23803327706148678,0.9712569994658311
2024-12-18,1.88,397.2,0.0,0,5.986954391630096,1.95,6.061456918928017,1.87,5.975843166205025,0.0,0.599999999999993,0.08571428571428472,-0.07000000000000006,-30.80000000000001,1.9000000000000001,405.99999999999994,2.3642857142857143,618.5328571428572,-0.22132528438243296,0.9752000402445824
2024-12-19,1.78,354.82,1.0,0,5.8744249850066295,1.88,5.986954391630096,1.95,6.061456918928017,1.0,0.9999999999999929,0.14285714285714185,-0.09999999999999987,-42.379999999999995,1.87,393.3399999999999,2.0957142857142856,495.19571428571425,-0.2045520661262005,0.9788556850953579
2024-12-20,1.69,322.51,0.0,0,5.779230025364274,1.78,5.8744249850066295,1.88,5.986954391630096,1.0,0.9999999999999929,0.14285714285714185,-0.09000000000000008,-32.31,1.7833333333333332,358.17666666666656,1.89,403.05571428571426,-0.1877185654371994,0.9822228566828405
2024-12-21,1.89,401.6,0.0,0,5.9979435132056915,1.69,5.779230025364274,1.78,5.8744249850066295,1.0,0.9999999999999929,0.14285714285714185,0.19999999999999996,79.09000000000003,1.7866666666666664,359.64333333333326,1.8499999999999999,385.50428571428574,-0.17082974322534408,0.985300562686109
2024-12-22,1.97,436.8,0.0,0,6.081762185088762,1.89,5.9979435132056915,1.69,5.779230025364274,0.0,0.9999999999999929,0.14285714285714185,0.08000000000000007,35.19999999999999,1.8499999999999999,386.96999999999997,1.8614285714285717,390.53285714285715,-0.1538905767040627,0.9880878960910771
2024-12-23,1.87,392.8,0.0,0,5.975843166205025,1.97,6.081762185088762,1.89,5.9979435132056915,0.0,0.9999999999999929,0.14285714285714185,-0.09999999999999987,-44.0,1.9100000000000001,410.3999999999999,1.8614285714285714,390.53285714285715,-0.1369060579234754,0.9905840354577969
2024-12-24,2.03,463.14,0.0,0,6.140186230854613,1.87,5.975843166205025,1.97,6.081762185088762,0.0,0.9999999999999929,0.14285714285714185,0.1599999999999997,70.33999999999997,1.9566666666666663,430.91333333333324,1.8728571428571428,395.55285714285714,-0.1198811922992275,0.99278824516254
2024-12-25,2.33,594.54,0.0,0,6.389468556984526,2.03,6.140186230854613,1.87,5.975843166205025,0.0,0.9999999999999929,0.14285714285714185,0.30000000000000027,131.39999999999998,2.0766666666666667,483.4933333333333,1.937142857142857,423.7442857142857,-0.1028209971373608,0.9946998756145891
2024-12-26,2.33,594.54,0.0,0,6.389468556984526,2.33,6.389468556984526,2.03,6.140186230854613,0.0,0.0,0.0,0.0,0.0,2.23,550.7399999999999,2.0157142857142856,457.98999999999995,-0.08573050015569487,0.9963183634476755
2024-12-27,2.3,581.4,0.0,0,6.367157496882476,2.33,6.389468556984526,2.33,6.389468556984526,0.0,0.0,0.0,-0.03000000000000025,-13.139999999999986,2.32,590.1599999999999,2.1028571428571428,494.9742857142857,-0.06861473800213468,0.9976432316860063
2024-12-28,2.06,476.28,0.0,0,6.168103320766439,2.3,6.367157496882476,2.33,6.389468556984526,0.0,0.0,0.0,-0.23999999999999977,-105.12,2.23,550.7399999999999,2.1271428571428572,505.64285714285705,-0.05147875477034641,0.9986740898848305
2024-12-29,1.88,397.2,0.0,0,5.986954391630096,2.06,6.168103320766439,2.3,6.367157496882476,0.0,0.0,0.0,-0.18000000000000016,-79.07999999999998,2.0799999999999996,484.95999999999987,2.1142857142857143,499.9857142857143,-0.034327600513243496,0.9994106342455052
2024-12-30,1.69,322.51,0.0,0,5.779230025364274,1.88,5.986954391630096,2.06,6.168103320766439,0.0,0.0,0.0,-0.18999999999999995,-74.69,1.8766666666666663,398.66333333333324,2.0885714285714285,489.9442857142857,-0.017166329754707492,0.9998526477050269
2024-12-31,1.59,286.61,0.0,0,5.661605395757015,1.69,5.779230025364274,1.88,5.986954391630096,0.0,0.0,0.0,-0.09999999999999987,-35.89999999999998,1.7199999999999998,335.4399999999999,2.025714285714286,464.7257142857143,-2.4492935982947064e-16,1.0
2025-01-01,1.56,275.84,0.0,0,5.6234397219736625,1.59,5.661605395757015,1.69,5.779230025364274,0.0,0.0,0.0,-0.030000000000000027,-10.770000000000039,1.6133333333333333,294.98666666666657,1.9157142857142857,419.19714285714286,0.01716632975470737,0.9998526477050269
2025-01-02,1.48,247.72,0.0,0,5.516327765750498,1.56,5.6234397219736625,1.59,5.661605395757015,0.0,0.0,0.0,-0.08000000000000007,-28.119999999999976,1.5433333333333332,270.0566666666666,1.794285714285714,369.65142857142854,0.034327600513243496,0.9994106342455052
2025-01-03,1.4,221.4,0.4,0,5.404477562376427,1.48,5.516327765750498,1.56,5.6234397219736625,0.4,0.3999999999999929,0.05714285714285613,-0.08000000000000007,-26.319999999999993,1.4799999999999998,248.3199999999999,1.6657142857142857,318.22285714285715,0.05147875477034653,0.9986740898848305
2025-01-04,1.36,208.24,0.0,0,5.343481918502411,1.4,5.404477562376427,1.48,5.516327765750498,0.4,0.3999999999999929,0.05714285714285613,-0.039999999999999813,-13.159999999999997,1.413333333333333,225.7866666666666,1.5657142857142856,279.93142857142857,0.06861473800213404,0.9976432316860063
2025-01-05,1.45,237.85,0.0,0,5.475835739835971,1.36,5.343481918502411,1.4,5.404477562376427,0.4,0.3999999999999929,0.05714285714285613,0.08999999999999986,29.609999999999985,1.4033333333333333,222.49666666666658,1.5042857142857144,257.1671428571429,0.08573050015569435,0.9963183634476755
2025-01-06,1.49,251.01,0.2,0,5.529468769263775,1.45,5.475835739835971,1.36,5.343481918502411,0.2,0.599999999999993,0.08571428571428472,0.040000000000000036,13.159999999999997,1.433333333333333,232.3666666666666,1.4757142857142855,246.95285714285714,0.1028209971373604,0.9946998756145891
2025-01-07,1.42,227.98,0.0,0,5.433634663495666,1.49,5.529468769263775,1.45,5.475835739835971,0.2,0.599999999999993,0.08571428571428472,-0.07000000000000006,-23.03,1.4533333333333331,238.94666666666657,1.4514285714285715,238.57714285714286,0.11988119229922722,0.99278824516254
2025-01-08,1.39,218.11,0.0,0,5.389573886819589,1.42,5.433634663495666,1.49,5.529468769263775,0.2,0.599999999999993,0.08571428571428472,-0.030000000000000027,-9.869999999999976,1.433333333333333,232.36666666666656,1.4271428571428573,230.32999999999998,0.13690605792347524,0.990584035457797
2025-01-09,1.39,218.11,0.0,0,5.389573886819589,1.39,5.389573886819589,1.42,5.433634663495666,0.0,0.599999999999993,0.08571428571428472,0.0,0.0,1.3999999999999997,221.39999999999995,1.4142857142857144,226.1,0.15389057670406178,0.9880878960910772
2025-01-10,1.35,204.95,1.0,0,5.32763342088209,1.39,5.389573886819589,1.39,5.389573886819589,1.0,1.199999999999993,0.17142857142857043,-0.039999999999999813,-13.160000000000025,1.3766666666666663,213.72333333333327,1.407142857142857,223.75,0.17082974322534417,0.985300562686109
2025-01-11,1.34,201.66,0.0,0,5.311529698020172,1.35,5.32763342088209,1.39,5.389573886819589,1.0,1.199999999999993,0.17142857142857043,-0.010000000000000009,-3.289999999999992,1.36,208.23999999999992,1.4042857142857144,222.80999999999997,0.1877185654371987,0.9822228566828407
2025-01-12,1.33,198.37,0.0,0,5.295162394854736,1.34,5.311529698020172,1.35,5.32763342088209,1.0,1.199999999999993,0.17142857142857043,-0.010000000000000009,-3.289999999999992,1.3399999999999999,201.65999999999994,1.387142857142857,217.17000000000002,0.2045520661262008,0.9788556850953578
2025-01-13,1.57,279.43,0.0,0,5.636324139451677,1.33,5.295162394854736,1.34,5.311529698020172,0.0,0.9999999999999931,0.14285714285714188,0.24,81.06,1.4133333333333333,226.4866666666666,1.3985714285714284,221.23000000000002,0.22132528438243257,0.9752000402445825
2025-01-14,1.66,311.74,0.0,0,5.7453721744153645,1.57,5.636324139451677,1.33,5.295162394854736,0.0,0.9999999999999931,0.14285714285714188,0.08999999999999986,32.31,1.5199999999999998,263.1799999999999,1.432857142857143,233.19571428571427,0.2380332770614856,0.9712569994658314
2025-01-15,1.61,293.79,0.0,0,5.686263238437263,1.66,5.7453721744153645,1.57,5.636324139451677,0.0,0.9999999999999931,0.14285714285714188,-0.04999999999999982,-17.94999999999999,1.6133333333333333,294.9866666666666,1.4642857142857142,244.0071428571429,0.2546711202412287,0.9670277247913204
2025-01-16,1.48,247.72,0.0,0,5.516327765750498,1.61,5.686263238437263,1.66,5.7453721744153645,0.0,0.9999999999999931,0.14285714285714188,-0.13000000000000012,-46.07000000000002,1.5833333333333333,284.4166666666666,1.477142857142857,248.23714285714286,0.27123391067291003,0.9625134626077081
2025-01-17,1.4,221.4,0.0,0,5.404477562376427,1.48,5.516327765750498,1.61,5.686263238437263,0.0,0.0,0.0,-0.08000000000000007,-26.319999999999993,1.4966666666666664,254.30333333333326,1.4842857142857144,250.58714285714285,0.287716767226167,0.9577155432887803
2025-01-18,1.38,214.82,0.0,0,5.374444726935588,1.4,5.404477562376427,1.48,5.516327765750498,0.0,0.0,0.0,-0.020000000000000018,-6.5800000000000125,1.42,227.9799999999999,1.49,252.46714285714285,0.30411483232751785,0.9526353808033826
2025-01-19,1.37,211.53,0.6,0,5.3590831548706,1.38,5.374444726935588,1.4,5.404477562376427,0.6,0.5999999999999931,0.08571428571428473,-0.009999999999999787,-3.289999999999992,1.383333333333333,215.91666666666654,1.4957142857142858,254.34714285714287,0.3204232733919111,0.9472744722987169
2025-01-20,1.33,198.37,1.6,0,5.295162394854736,1.37,5.3590831548706,1.38,5.374444726935588,2.2,2.199999999999993,0.3142857142857133,-0.040000000000000036,-13.159999999999997,1.36,208.2399999999999,1.4614285714285715,242.76714285714283,0.33663728424691025,0.9416343976591259
2025-01-21,1.33,198.37,0.4,0,5.295162394854736,1.33,5.295162394854736,1.37,5.3590831548706,2.6,2.599999999999993,0.37142857142857044,0.0,0.0,1.343333333333333,202.75666666666658,1.4142857142857144,226.5714285714286,0.3527520865490948,0.9357168190404936
2025-01-22,1.28,182.45,0.0,0,5.211942150801291,1.33,5.295162394854736,1.33,5.295162394854736,2.0,2.599999999999993,0.37142857142857044,-0.050000000000000044,-15.920000000000016,1.3133333333333332,193.06333333333325,1.3671428571428572,210.66571428571427,0.3687629311922601,0.9295234803804003
2025-01-23,1.24,170.35,0.0,0,5.143708248320618,1.28,5.211942150801291,1.33,5.295162394854736,0.4,2.599999999999993,0.37142857142857044,-0.040000000000000036,-12.099999999999994,1.2833333333333332,183.72333333333324,1.332857142857143,199.61285714285714,0.3846650997070012,0.9230562068841761
2025-01-24,1.2,158.25,0.0,0,5.070475294452272,1.24,5.143708248320618,1.28,5.211942150801291,0.0,2.599999999999993,0.37142857142857044,-0.040000000000000036,-12.099999999999994,1.24,170.3499999999999,1.304285714285714,190.5914285714286,0.40045390565126643,0.9163169044870048
2025-01-25,1.3,188.5,1.6,0,5.244389024522481,1.2,5.070475294452272,1.24,5.143708248320618,1.6,4.199999999999993,0.599999999999999,0.10000000000000009,30.25,1.2466666666666664,172.36666666666656,1.292857142857143,186.8314285714286,0.41612469599147445,0.9093075592922358
2025-01-26,1.33,198.37,0.0,0,5.295162394854736,1.3,5.244389024522481,1.2,5.070475294452272,1.6,3.599999999999993,0.5142857142857132,0.030000000000000027,9.870000000000005,1.2766666666666666,181.70666666666656,1.2871428571428571,184.95142857142855,0.43167285247378384,0.9020302369860707
2025-01-27,1.48,247.72,2.2,0,5.516327765750498,1.33,5.295162394854736,1.3,5.244389024522481,3.8000000000000003,4.199999999999993,0.599999999999999,0.1499999999999999,49.349999999999994,1.3699999999999999,211.5299999999999,1.3085714285714285,192.00142857142856,0.44709379298511387,0.8944870822287956
2025-01-28,1.49,251.01,0.0,0,5.529468769263775,1.48,5.516327765750498,1.33,5.295162394854736,2.2,3.799999999999993,0.5428571428571419,0.010000000000000009,3.289999999999992,1.4333333333333333,232.36666666666656,1.3314285714285714,199.52142857142854,0.4623829729035149,0.88668031802274
2025-01-29,1.75,344.05,1.0,0,5.843689334066611,1.49,5.529468769263775,1.48,5.516327765750498,3.2,4.799999999999994,0.6857142857142848,0.26,93.04000000000002,1.5733333333333333,280.92666666666656,1.3985714285714288,222.60714285714286,0.47753588643748823,0.8786122450571483
2025-01-30,1.77,351.23,0.0,0,5.86428437131023,1.75,5.843689334066611,1.49,5.529468769263775,1.0,4.799999999999994,0.6857142857142848,0.020000000000000018,7.180000000000007,1.67,315.4299999999999,1.4742857142857144,248.44714285714286,0.4925480679538643,0.8702852410301553
2025-01-31,1.98,441.2,0.0,0,6.091762268423346,1.77,5.86428437131023,1.75,5.843689334066611,1.0,4.799999999999994,0.6857142857142848,0.20999999999999996,89.96999999999997,1.833333333333333,378.8266666666666,1.5857142857142859,288.86857142857144,0.5074150932938455,0.8617017599480682
2025-02-01,2.97,891.78,2.2,0,6.794340189942439,1.98,6.091762268423346,1.77,5.86428437131023,2.2,5.399999999999993,0.7714285714285705,0.9900000000000002,450.58,2.2399999999999998,561.4033333333333,1.8242857142857143,389.3371428571428,0.5221325810768248,0.8528643314021597
2025-02-02,3.31,1052.63,0.0,0,6.9599966238278,2.97,6.794340189942439,1.98,6.091762268423346,2.2,5.399999999999993,0.7714285714285705,0.33999999999999986,160.85000000000014,2.7533333333333334,795.2033333333333,2.107142857142857,511.3742857142857,0.5366961939916004,0.8437755598231856
2025-02-03,3.14,972.22,0.0,0,6.8806101614585815,3.31,6.9599966238278,2.97,6.794340189942439,2.2,3.199999999999993,0.45714285714285613,-0.16999999999999993,-80.41000000000008,3.14,972.21,2.3442857142857143,614.8742857142857,0.5511016400746002,0.8344381237138473
2025-02-04,2.37,612.06,0.0,0,6.418462810428566,3.14,6.8806101614585815,3.31,6.9599966238278,0.0,3.199999999999993,0.45714285714285613,-0.77,-360.1600000000001,2.94,878.9699999999999,2.4699999999999998,666.4528571428572,0.5653446739747429,0.8248547748594244
2025-02-05,2.07,480.66,0.0,0,6.1772384709521875,2.37,6.418462810428566,3.14,6.8806101614585815,0.0,2.199999999999993,0.3142857142857133,-0.30000000000000027,-131.39999999999992,2.526666666666667,688.3133333333332,2.5157142857142856,685.9685714285714,0.5794210982045637,0.8150283375168114
2025-02-06,1.93,419.2,0.0,0,6.0407307884109,2.07,6.1772384709521875,2.37,6.418462810428566,0.0,2.199999999999993,0.3142857142857133,-0.1399999999999999,-61.460000000000036,2.1233333333333335,503.9733333333332,2.5385714285714287,695.6785714285714,0.593326764377232,0.8049617075821959
2025-02-07,1.8,362.0,5.8,0,5.8944028342648505,1.93,6.0407307884109,2.07,6.1772384709521875,5.8,7.999999999999993,1.142857142857142,-0.1299999999999999,-57.19999999999999,1.9333333333333333,420.6199999999999,2.512857142857143,684.3642857142856,0.6070575744291002,0.7946578517376252
2025-02-08,1.71,329.69,0.0,0,5.801181380643333,1.8,5.8944028342648505,1.93,6.0407307884109,5.8,5.799999999999993,0.8285714285714275,-0.09000000000000008,-32.31,1.8133333333333332,370.29666666666657,2.332857142857143,604.0657142857143,0.6206094818274227,0.7841198065767104
2025-02-09,1.95,428.0,0.0,0,6.061456918928017,1.71,5.801181380643333,1.8,5.8944028342648505,5.8,5.799999999999993,0.8285714285714275,0.24,98.31,1.82,373.22999999999996,2.138571428571429,514.8328571428572,0.6339784927628866,0.7733506777097299
2025-02-10,1.92,414.8,0.0,0,6.030204375423913,1.95,6.061456918928017,1.71,5.801181380643333,0.0,5.799999999999993,0.8285714285714275,-0.030000000000000027,-13.199999999999989,1.86,390.8299999999999,1.9642857142857142,435.20142857142855,0.647160667326606,0.7623536388483904
2025-02-11,1.81,366.4,4.8,0,5.906451172781026,1.92,6.030204375423913,1.95,6.061456918928017,4.8,10.599999999999993,1.5142857142857131,-0.10999999999999988,-48.400000000000034,1.8933333333333333,403.0666666666666,1.8842857142857141,400.10714285714283,0.6601521206712317,0.7511319308705199
2025-02-12,1.8,362.0,1.8,0,5.8944028342648505,1.81,5.906451172781026,1.92,6.030204375423913,6.6,12.399999999999993,1.7714285714285705,-0.010000000000000009,-4.399999999999977,1.843333333333333,381.0666666666666,1.8457142857142856,383.1557142857143,0.6729490241558329,0.7396888608649668
2025-02-13,1.85,384.0,0.0,0,5.953243334287785,1.8,5.8944028342648505,1.81,5.906451172781026,6.6,12.399999999999993,1.7714285714285705,0.050000000000000044,22.0,1.82,370.7999999999999,1.8342857142857143,378.1271428571428,0.6855476064742154,0.7280278011569848
2025-02-14,1.95,428.0,0.0,0,6.061456918928017,1.85,5.953243334287785,1.8,5.8944028342648505,1.8,6.5999999999999925,0.9428571428571418,0.09999999999999987,44.0,1.866666666666667,391.33333333333326,1.8557142857142856,387.55571428571426,0.6979441547663435,0.7161521883143933
2025-02-15,1.95,428.0,0.0,0,6.061456918928017,1.95,6.061456918928017,1.85,5.953243334287785,0.0,6.5999999999999925,0.9428571428571418,0.0,0.0,1.9166666666666667,413.33333333333326,1.8900000000000001,401.59999999999997,0.7101350157125358,0.7040655221348057
2025-02-16,1.88,397.2,0.0,0,5.986954391630096,1.95,6.061456918928017,1.95,6.061456918928017,0.0,6.5999999999999925,0.9428571428571418,-0.07000000000000006,-30.80000000000001,1.9266666666666665,417.7333333333333,1.8800000000000001,397.19999999999993,0.7221165966101162,0.6917713646142218
2025-02-17,1.83,375.2,0.0,0,5.9301209168669295,1.88,5.986954391630096,1.95,6.061456918928017,0.0,6.5999999999999925,0.9428571428571418,-0.04999999999999982,-22.0,1.8866666666666667,400.1333333333332,1.8671428571428572,391.54285714285714,0.733885366432199,0.6792733388972931
2025-02-18,1.73,336.87,0.0,0,5.822661206114936,1.83,5.9301209168669295,1.88,5.986954391630096,0.0,1.799999999999993,0.2571428571428561,-0.10000000000000009,-38.329999999999984,1.8133333333333332,369.7566666666666,1.8557142857142854,387.32428571428574,0.7454378568683001,0.6665751282095632
2025-02-19,1.7,326.1,0.0,0,5.790265934544339,1.73,5.822661206114936,1.83,5.9301209168669295,0.0,0.0,0.0,-0.030000000000000027,-10.769999999999982,1.7533333333333332,346.05666666666656,1.8414285714285714,382.19571428571425,0.7567706633464626,0.653680474772006
2025-02-20,1.61,293.79,0.0,0,5.686263238437263,1.7,5.790265934544339,1.73,5.822661206114936,0.0,0.0,0.0,-0.08999999999999986,-32.31,1.68,318.9199999999999,1.807142857142857,369.3085714285714,0.7678804460366,0.6405931786981751
2025-02-21,1.57,279.43,0.0,0,5.636324139451677,1.61,5.686263238437263,1.7,5.790265934544339,0.0,0.0,0.0,-0.040000000000000036,-14.360000000000014,1.6266666666666667,299.77333333333326,1.752857142857143,348.0842857142857,0.7787639308347607,0.6273170968742937
2025-02-22,1.54,268.66,0.0,0,5.597161906205929,1.57,5.636324139451677,1.61,5.686263238437263,0.0,0.0,0.0,-0.030000000000000027,-10.769999999999982,1.5733333333333333,280.6266666666666,1.6942857142857144,325.32142857142856,0.7894179103280197,0.613856141822612
2025-02-23,1.48,247.72,0.0,0,5.516327765750498,1.54,5.597161906205929,1.57,5.636324139451677,0.0,0.0,0.0,-0.06000000000000005,-20.940000000000026,1.53,265.2699999999999,1.637142857142857,303.96714285714285,0.7998392447397193,0.6002142805483682
2025-02-24,1.46,241.14,0.0,0,5.489516071279594,1.48,5.516327765750498,1.54,5.597161906205929,0.0,0.0,0.0,-0.020000000000000018,-6.5800000000000125,1.4933333333333332,252.50666666666658,1.5842857142857143,284.8157142857143,0.8100248628547753,0.5863955333706956
2025-02-25,1.44,234.56,0.2,0,5.46196565807637,1.46,5.489516071279594,1.48,5.516327765750498,0.2,0.1999999999999929,0.028571428571427557,-0.020000000000000018,-6.579999999999984,1.46,241.1399999999999,1.5428571428571427,270.2,0.8199717629247771,0.5724039727378148
2025-02-26,1.38,214.82,0.0,0,5.374444726935588,1.44,5.46196565807637,1.46,5.489516071279594,0.2,0.1999999999999929,0.028571428571427557,-0.06000000000000005,-19.74000000000001,1.4266666666666667,230.17333333333326,1.497142857142857,254.30285714285716,0.8296770135526188,0.5582437220268648
2025-02-27,1.37,211.53,0.0,0,5.3590831548706,1.38,5.374444726935588,1.44,5.46196565807637,0.2,0.1999999999999929,0.028571428571427557,-0.009999999999999787,-3.289999999999992,1.3966666666666667,220.30333333333326,1.4628571428571429,242.55142857142854,0.8391377545563938,0.5439189543287247
2025-02-28,1.36,208.24,0.0,0,5.343481918502411,1.37,5.3590831548706,1.38,5.374444726935588,0.0,0.1999999999999929,0.028571428571427557,-0.010000000000000009,-3.289999999999992,1.3699999999999999,211.52999999999994,1.432857142857143,232.38142857142856,0.8483511978123038,0.5294338912181853
2025-03-01,1.34,201.66,0.4,0,5.311529698020172,1.36,5.343481918502411,1.37,5.3590831548706,0.4,0.599999999999993,0.08571428571428472,-0.020000000000000018,-6.5800000000000125,1.3566666666666667,207.14333333333323,1.4042857142857144,222.81,0.8573146280763322,0.5147928015098309
2025-03-02,1.32,195.08,1.6,0,5.2785227392198575,1.34,5.311529698020172,1.36,5.343481918502411,2.0,2.199999999999993,0.3142857142857133,-0.020000000000000018,-6.579999999999984,1.3399999999999999,201.65999999999994,1.3814285714285717,215.29,0.8660254037844386,0.5000000000000001
2025-03-03,1.3,188.5,18.0,0,5.244389024522481,1.32,5.2785227392198575,1.34,5.311529698020172,20.0,20.199999999999992,2.885714285714285,-0.020000000000000018,-6.5800000000000125,1.32,195.07999999999993,1.3585714285714285,207.76999999999998,0.8744809578310397,0.4850598461951962
2025-03-04,1.31,191.79,0.0,0,5.261601513611377,1.3,5.244389024522481,1.32,5.2785227392198575,19.6,19.999999999999993,2.8571428571428563,0.010000000000000009,3.289999999999992,1.3100000000000003,191.78999999999994,1.34,201.66,0.8826787983255474,0.46997674302731995
2025-03-05,1.35,204.95,0.0,0,5.32763342088209,1.31,5.261601513611377,1.3,5.244389024522481,18.0,19.999999999999993,2.8571428571428563,0.040000000000000036,13.159999999999997,1.32,195.07999999999993,1.3357142857142856,200.25,0.8906165093267404,0.4547551355561058
2025-03-06,1.36,208.24,0.0,0,5.343481918502411,1.35,5.32763342088209,1.31,5.261601513611377,0.0,19.999999999999993,2.8571428571428563,0.010000000000000009,3.2900000000000205,1.34,201.65999999999994,1.3342857142857143,199.78,0.8982917515547528,0.4393995096591417
2025-03-07,1.36,208.24,1.4,0,5.343481918502411,1.36,5.343481918502411,1.35,5.32763342088209,1.4,21.39999999999999,3.057142857142856,0.0,0.0,1.3566666666666667,207.1433333333333,1.3342857142857143,199.78,0.9057022630804714,0.42391439070986076
2025-03-08,1.6,290.2,23.0,0,5.674010316322531,1.36,5.343481918502411,1.36,5.343481918502411,24.4,43.999999999999986,6.285714285714284,0.24,81.95999999999998,1.4400000000000002,235.55999999999992,1.3714285714285717,212.42857142857142,0.9128458599921356,0.40830434224389334
2025-03-09,1.61,293.79,0.0,0,5.686263238437263,1.6,5.674010316322531,1.36,5.343481918502411,24.4,42.39999999999999,6.057142857142856,0.010000000000000009,3.590000000000032,1.5233333333333334,264.0766666666666,1.412857142857143,226.53,0.9197204370389467,0.3925739646141717
2025-03-10,2.44,642.72,1.4,0,6.467263848950294,1.61,5.686263238437263,1.6,5.674010316322531,24.4,25.79999999999999,3.685714285714284,0.8299999999999998,348.93,1.8833333333333335,408.90333333333325,1.5757142857142856,291.41857142857145,0.926323968251495,0.3767278936351851
2025-03-11,2.45,647.1,4.2,0,6.474045005433671,2.44,6.467263848950294,1.61,5.686263238437263,5.6,29.999999999999993,4.285714285714285,0.010000000000000231,4.3799999999999955,2.1666666666666665,527.87,1.7385714285714289,356.46285714285716,0.9326545075388224,0.36077079921678346
2025-03-12,1.97,436.8,0.4,0,6.081762185088762,2.45,6.474045005433671,2.44,6.467263848950294,6.0,30.39999999999999,4.342857142857142,-0.4800000000000002,-210.3,2.2866666666666666,575.54,1.827142857142857,389.58428571428567,0.9387101892619443,0.3447073839879338
2025-03-13,1.96,432.4,1.0,0,6.071661089102259,1.97,6.081762185088762,2.45,6.474045005433671,5.6,31.39999999999999,4.485714285714285,-0.010000000000000009,-4.400000000000034,2.1266666666666665,505.43333333333334,1.912857142857143,421.60714285714283,0.9444892287836613,0.32854238191083485
2025-03-14,1.97,436.8,0.0,0,6.081762185088762,1.96,6.071661089102259,1.97,6.081762185088762,1.4,29.999999999999993,4.285714285714285,0.010000000000000009,4.400000000000034,1.9666666666666668,435.3333333333333,2.0,454.25857142857143,0.949989922994501,0.3122805568857947
2025-03-15,1.9,406.0,0.0,0,6.008813185442595,1.97,6.081762185088762,1.96,6.071661089102259,1.0,6.999999999999993,0.999999999999999,-0.07000000000000006,-30.80000000000001,1.9433333333333334,425.0666666666666,2.0428571428571427,470.8014285714286,0.9552106508146316,0.2959267013472893
2025-03-16,1.79,358.41,5.4,0,5.884463798113738,1.9,6.008813185442595,1.97,6.081762185088762,5.4,12.399999999999993,1.7714285714285705,-0.10999999999999988,-47.589999999999975,1.8866666666666667,400.40333333333325,2.0685714285714285,480.03285714285715,0.9601498736716018,0.2794856348516095
2025-03-17,1.69,322.51,0.0,0,5.779230025364274,1.79,5.884463798113738,1.9,6.008813185442595,5.4,10.999999999999993,1.5714285714285705,-0.10000000000000009,-35.900000000000034,1.7933333333333332,362.3066666666666,1.9614285714285715,434.2885714285715,0.9648061359537645,0.2629622026565149
2025-03-18,1.64,304.56,9.8,0,5.722146158673159,1.69,5.779230025364274,1.79,5.884463798113738,15.200000000000001,16.599999999999994,2.3714285714285706,-0.050000000000000044,-17.94999999999999,1.7066666666666668,328.4933333333333,1.8457142857142856,385.3542857142857,0.9691780654392536,0.2463612742933148
2025-03-19,1.62,297.38,0.0,0,5.698367841954703,1.64,5.722146158673159,1.69,5.779230025364274,9.8,16.199999999999996,2.3142857142857136,-0.019999999999999796,-7.180000000000007,1.6500000000000001,308.15,1.7957142857142858,365.43714285714293,0.9732643737003824,0.22968774213179574
2025-03-20,1.77,351.23,1.8,0,5.86428437131023,1.62,5.698367841954703,1.64,5.722146158673159,11.600000000000001,16.999999999999993,2.4285714285714275,0.1499999999999999,53.85000000000002,1.6766666666666667,317.7233333333333,1.7685714285714285,353.8414285714286,0.9770638564833508,0.21294651993841582
2025-03-21,1.78,354.82,0.6,0,5.8744249850066295,1.77,5.86428437131023,1.62,5.698367841954703,2.4,17.599999999999994,2.5142857142857133,0.010000000000000009,3.589999999999975,1.7233333333333334,334.47666666666663,1.7414285714285715,342.13,0.9805753940631429,0.19614254142819698
2025-03-22,1.79,358.41,0.0,0,5.884463798113738,1.78,5.8744249850066295,1.77,5.86428437131023,2.4,17.599999999999994,2.5142857142857133,0.010000000000000009,3.590000000000032,1.78,354.82,1.7257142857142858,335.33142857142855,0.9837979515735163,0.17928075881073577
2025-03-23,1.93,419.2,0.2,0,6.0407307884109,1.79,5.884463798113738,1.78,5.8744249850066295,0.8,12.399999999999993,1.7714285714285705,0.1399999999999999,60.789999999999964,1.8333333333333333,377.47666666666663,1.7457142857142856,344.0157142857143,0.9867305793119814,0.162366141330764
2025-03-24,2.16,520.08,0.4,0,6.255903580829363,1.93,6.0407307884109,1.79,5.884463798113738,0.6000000000000001,12.799999999999994,1.8285714285714276,0.2300000000000002,100.88000000000005,1.9600000000000002,432.56333333333333,1.812857142857143,372.23999999999995,0.989372413019683,0.14540367380368976
2025-03-25,2.21,541.98,0.0,0,6.297072486843082,2.16,6.255903580829363,1.93,6.0407307884109,0.6000000000000001,2.999999999999993,0.42857142857142755,0.04999999999999982,21.899999999999977,2.1,493.75333333333333,1.8942857142857144,406.15714285714284,0.9917226741361015,0.12839835514655099
2025-03-26,2.79,806.46,0.0,0,6.693893518266168,2.21,6.297072486843082,2.16,6.255903580829363,0.4,2.999999999999993,0.42857142857142755,0.5800000000000001,264.48,2.3866666666666667,622.84,2.0614285714285714,478.8828571428572,0.9937806700284985,0.11135519690480875
2025-03-27,2.95,882.3,0.0,0,6.783664893751086,2.79,6.693893518266168,2.21,6.297072486843082,0.0,1.1999999999999929,0.1714285714285704,0.16000000000000014,75.83999999999992,2.6500000000000004,743.5799999999999,2.23,554.75,0.9955457941960382,0.09427922177542453
2025-03-28,2.93,872.82,0.0,0,6.772874404788242,2.95,6.783664893751086,2.79,6.693893518266168,0.0,0.599999999999993,0.08571428571428472,-0.020000000000000018,-9.479999999999905,2.8900000000000006,853.86,2.3942857142857146,628.75,0.9970175264485267,0.07717546212664653
2025-03-29,2.49,664.62,0.0,0,6.500718937132487,2.93,6.772874404788242,2.95,6.783664893751086,0.0,0.599999999999993,0.08571428571428472,-0.43999999999999995,-208.20000000000005,2.7900000000000005,806.5799999999999,2.494285714285714,672.4942857142858,0.998195433059714,0.0600489585149486
2025-03-30,2.2,537.6,0.0,0,6.288973180377498,2.49,6.500718937132487,2.93,6.772874404788242,0.0,0.3999999999999929,0.05714285714285613,-0.29000000000000004,-127.01999999999998,2.5400000000000005,691.68,2.532857142857143,689.4085714285715,0.9990791668951153,0.042904758199554374
2025-03-31,2.0,450.0,0.0,0,6.111467339502679,2.2,6.288973180377498,2.49,6.500718937132487,0.0,0.0,0.0,-0.20000000000000018,-87.60000000000002,2.2300000000000004,550.7399999999999,2.5100000000000002,679.397142857143,0.999668467514313,0.025747913654988658
2025-04-01,1.91,410.4,0.0,0,6.019565977218857,2.0,6.111467339502679,2.2,6.288973180377498,0.0,0.0,0.0,-0.09000000000000008,-39.60000000000002,2.036666666666667,466.0,2.467142857142857,660.6,0.9999631612477099,0.008583481082087055
2025-04-02,1.78,354.82,4.6,0,5.8744249850066295,1.91,6.019565977218857,2.0,6.111467339502679,4.6,4.5999999999999925,0.657142857142856,-0.1299999999999999,-55.579999999999984,1.8966666666666667,405.0733333333333,2.322857142857143,596.08,0.9999631612477099,-0.008583481082086933
2025-04-03,1.7,326.1,4.2,0,5.790265934544339,1.78,5.8744249850066295,1.91,6.019565977218857,8.8,8.799999999999994,1.2571428571428562,-0.08000000000000007,-28.71999999999997,1.7966666666666669,363.7733333333333,2.144285714285714,516.6228571428571,0.9996684675143132,-0.025747913654988314
2025-04-04,1.8,362.0,9.0,0,5.8944028342648505,1.7,5.790265934544339,1.78,5.8744249850066295,17.8,17.799999999999994,2.542857142857142,0.10000000000000009,35.89999999999998,1.76,347.64000000000004,1.9828571428571429,443.6485714285714,0.9990791668951153,-0.04290475819955447
2025-04-05,1.99,445.6,0.0,0,6.101663339406057,1.8,5.8944028342648505,1.7,5.790265934544339,13.200000000000001,17.799999999999994,2.542857142857142,0.18999999999999995,83.60000000000002,1.83,377.90000000000003,1.9114285714285715,412.36000000000007,0.998195433059714,-0.06004895851494825
2025-04-06,1.97,436.8,0.0,0,6.081762185088762,1.99,6.101663339406057,1.8,5.8944028342648505,9.0,17.799999999999994,2.542857142857142,-0.020000000000000018,-8.800000000000011,1.92,414.8,1.8785714285714283,397.96,0.9970175264485267,-0.07717546212664618
2025-04-07,1.89,401.6,0.0,0,5.9979435132056915,1.97,6.081762185088762,1.99,6.101663339406057,0.0,17.799999999999994,2.542857142857142,-0.08000000000000007,-35.19999999999999,1.9500000000000002,428.0,1.8628571428571428,391.04571428571427,0.9955457941960382,-0.0942792217754244
2025-04-08,1.75,344.05,0.0,0,5.843689334066611,1.89,5.9979435132056915,1.97,6.081762185088762,0.0,17.799999999999994,2.542857142857142,-0.1399999999999999,-57.55000000000001,1.87,394.15000000000003,1.8399999999999999,381.56714285714287,0.9937806700284985,-0.11135519690480862
2025-04-09,1.66,311.74,0.0,0,5.7453721744153645,1.75,5.843689334066611,1.89,5.9979435132056915,0.0,13.199999999999994,1.8857142857142848,-0.09000000000000008,-32.31,1.7666666666666668,352.46333333333337,1.8228571428571427,375.4128571428572,0.9917226741361015,-0.12839835514655107
2025-04-10,1.61,293.79,0.0,0,5.686263238437263,1.66,5.7453721744153645,1.75,5.843689334066611,0.0,8.999999999999993,1.2857142857142847,-0.04999999999999982,-17.94999999999999,1.6733333333333336,316.5266666666667,1.81,370.7971428571429,0.9893724130196829,-0.14540367380368988
2025-04-11,1.57,279.43,0.8,0,5.636324139451677,1.61,5.686263238437263,1.66,5.7453721744153645,0.8,0.7999999999999929,0.11428571428571328,-0.040000000000000036,-14.360000000000014,1.6133333333333335,294.9866666666667,1.7771428571428571,359.0014285714286,0.9867305793119814,-0.16236614133076366
2025-04-12,1.55,272.25,5.0,0,5.610387127056648,1.57,5.636324139451677,1.61,5.686263238437263,5.8,5.799999999999993,0.8285714285714275,-0.020000000000000018,-7.180000000000007,1.5766666666666669,281.8233333333333,1.7142857142857142,334.2371428571428,0.9837979515735163,-0.17928075881073566
2025-04-13,1.57,279.43,0.0,0,5.636324139451677,1.55,5.610387127056648,1.57,5.636324139451677,5.8,5.799999999999993,0.8285714285714275,0.020000000000000018,7.180000000000007,1.5633333333333335,277.0366666666667,1.6571428571428573,311.7557142857143,0.980575394063143,-0.19614254142819687
2025-04-14,1.62,297.38,6.0,0,5.698367841954703,1.57,5.636324139451677,1.55,5.610387127056648,11.0,11.799999999999994,1.6857142857142848,0.050000000000000044,17.94999999999999,1.58,283.02000000000004,1.6185714285714285,296.8671428571429,0.9770638564833507,-0.21294651993841593
2025-04-15,1.62,297.38,10.6,0,5.698367841954703,1.62,5.698367841954703,1.57,5.636324139451677,16.6,22.39999999999999,3.199999999999999,0.0,0.0,1.6033333333333335,291.39666666666665,1.6,290.2,0.9732643737003824,-0.22968774213179563
2025-04-16,1.67,315.33,0.0,0,5.756785972478502,1.62,5.698367841954703,1.62,5.698367841954703,16.6,22.39999999999999,3.199999999999999,0.04999999999999982,17.94999999999999,1.6366666666666667,303.3633333333333,1.6014285714285716,290.71285714285716,0.9691780654392537,-0.2463612742933147
2025-04-17,1.77,351.23,0.0,0,5.86428437131023,1.67,5.756785972478502,1.62,5.698367841954703,10.6,22.39999999999999,3.199999999999999,0.10000000000000009,35.900000000000034,1.6866666666666668,321.31333333333333,1.6242857142857143,298.9185714285714,0.9648061359537646,-0.26296220265651454
2025-04-18,1.75,344.05,3.6,0,5.843689334066611,1.77,5.86428437131023,1.67,5.756785972478502,3.6,25.199999999999992,3.5999999999999988,-0.020000000000000018,-7.180000000000007,1.7300000000000002,336.87,1.6500000000000001,308.15000000000003,0.9601498736716018,-0.2794856348516094
2025-04-19,1.74,340.46,1.6,0,5.833230541843087,1.75,5.843689334066611,1.77,5.86428437131023,5.2,21.79999999999999,3.114285714285713,-0.010000000000000009,-3.590000000000032,1.7533333333333336,345.24666666666667,1.6771428571428573,317.89428571428573,0.9552106508146317,-0.2959267013472892
2025-04-20,1.76,347.64,0.0,0,5.85403987119631,1.74,5.833230541843087,1.75,5.843689334066611,5.2,21.79999999999999,3.114285714285713,0.020000000000000018,7.180000000000007,1.75,344.04999999999995,1.7042857142857142,327.6385714285714,0.949989922994501,-0.31228055688579476
2025-04-21,2.03,463.14,1.8,0,6.140186230854613,1.76,5.85403987119631,1.74,5.833230541843087,3.4000000000000004,17.59999999999999,2.514285714285713,0.2699999999999998,115.5,1.8433333333333335,383.74666666666667,1.762857142857143,351.31857142857143,0.9444892287836613,-0.32854238191083474
2025-04-22,2.03,463.14,2.4,0,6.140186230854613,2.03,6.140186230854613,1.76,5.85403987119631,4.199999999999999,9.399999999999993,1.3428571428571419,0.0,0.0,1.9400000000000002,424.63999999999993,1.8214285714285714,374.99857142857144,0.9387101892619443,-0.3447073839879337
2025-04-23,2.03,463.14,0.0,0,6.140186230854613,2.03,6.140186230854613,2.03,6.140186230854613,4.199999999999999,9.399999999999993,1.3428571428571419,0.0,0.0,2.03,463.14,1.8728571428571428,396.1142857142857,0.9326545075388225,-0.3607707992167831
2025-04-24,2.1,493.8,0.0,0,6.204153640518333,2.03,6.140186230854613,2.03,6.140186230854613,2.4,9.399999999999993,1.3428571428571419,0.07000000000000028,30.660000000000025,2.0533333333333332,473.35999999999996,1.92,416.4814285714286,0.926323968251495,-0.376727893635185
2025-04-25,2.07,480.66,1.4,0,6.1772384709521875,2.1,6.204153640518333,2.03,6.140186230854613,1.3999999999999995,7.199999999999994,1.0285714285714278,-0.03000000000000025,-13.139999999999986,2.066666666666667,479.20000000000005,1.9657142857142857,435.9971428571429,0.9197204370389467,-0.39257396461417177
2025-04-26,1.89,401.6,0.0,0,5.9979435132056915,2.07,6.1772384709521875,2.1,6.204153640518333,1.3999999999999995,5.5999999999999925,0.7999999999999989,-0.17999999999999994,-79.06,2.02,458.68666666666667,1.9871428571428569,444.7314285714286,0.9128458599921355,-0.40830434224389345
2025-04-27,1.74,340.46,0.0,0,5.833230541843087,1.89,5.9979435132056915,2.07,6.1772384709521875,1.3999999999999995,5.5999999999999925,0.7999999999999989,-0.1499999999999999,-61.14000000000004,1.9000000000000001,407.5733333333333,1.9842857142857142,443.7057142857143,0.9057022630804715,-0.42391439070986064
2025-04-28,2.0,450.0,0.0,0,6.111467339502679,1.74,5.833230541843087,1.89,5.9979435132056915,0.0,3.799999999999993,0.5428571428571419,0.26,109.54000000000002,1.876666666666667,397.3533333333333,1.98,441.82857142857137,0.898291751554753,-0.43939950965914143
2025-04-29,2.04,467.52,0.0,0,6.149578790201674,2.0,6.111467339502679,1.74,5.833230541843087,0.0,1.3999999999999928,0.19999999999999898,0.040000000000000036,17.519999999999982,1.926666666666667,419.32666666666665,1.9814285714285713,442.4542857142857,0.8906165093267405,-0.4547551355561055
2025-04-30,1.86,388.4,0.0,0,5.964607092938099,2.04,6.149578790201674,2.0,6.111467339502679,0.0,1.3999999999999928,0.19999999999999898,-0.17999999999999994,-79.12,1.9666666666666668,435.3066666666667,1.957142857142857,431.77714285714285,0.8826787983255476,-0.4699767430273197
2025-05-01,1.63,300.97,0.0,0,5.710327674692205,1.86,5.964607092938099,2.04,6.149578790201674,0.0,1.3999999999999928,0.19999999999999898,-0.2300000000000002,-87.42999999999995,1.8433333333333335,385.62999999999994,1.8900000000000001,404.22999999999996,0.8744809578310397,-0.4850598461951961
2025-05-02,1.56,275.84,8.6,0,5.6234397219736625,1.63,5.710327674692205,1.86,5.964607092938099,8.6,8.599999999999993,1.2285714285714275,-0.06999999999999984,-25.130000000000052,1.6833333333333336,321.7366666666667,1.817142857142857,374.96999999999997,0.8660254037844387,-0.4999999999999998
2025-05-03,1.51,257.89,11.0,0,5.556403261059811,1.56,5.6234397219736625,1.63,5.710327674692205,19.6,19.599999999999994,2.7999999999999994,-0.050000000000000044,-17.94999999999999,1.5666666666666667,278.23333333333335,1.762857142857143,354.44,0.8573146280763323,-0.5147928015098308
2025-05-04,1.61,293.79,0.4,0,5.686263238437263,1.51,5.556403261059811,1.56,5.6234397219736625,20.0,19.999999999999993,2.8571428571428563,0.10000000000000009,35.900000000000034,1.5600000000000003,275.84,1.7442857142857144,347.7728571428571,0.848351197812304,-0.5294338912181852
2025-05-05,1.57,279.43,0.0,0,5.636324139451677,1.61,5.686263238437263,1.51,5.556403261059811,11.4,19.999999999999993,2.8571428571428563,-0.040000000000000036,-14.360000000000014,1.5633333333333337,277.0366666666667,1.682857142857143,323.4057142857143,0.8391377545563939,-0.5439189543287246
2025-05-06,1.62,297.38,0.0,0,5.698367841954703,1.57,5.636324139451677,1.61,5.686263238437263,0.4,19.999999999999993,2.8571428571428563,0.050000000000000044,17.94999999999999,1.6000000000000003,290.2,1.6228571428571428,299.1,0.8296770135526188,-0.5582437220268649
2025-05-07,1.61,293.79,0.0,0,5.686263238437263,1.62,5.698367841954703,1.57,5.636324139451677,0.0,19.999999999999993,2.8571428571428563,-0.010000000000000009,-3.589999999999975,1.6000000000000003,290.2,1.5871428571428574,285.5842857142857,0.8199717629247771,-0.5724039727378148
2025-05-08,1.53,265.07,0.0,0,5.58375943205647,1.61,5.686263238437263,1.62,5.698367841954703,0.0,19.999999999999993,2.8571428571428563,-0.08000000000000007,-28.720000000000027,1.586666666666667,285.41333333333336,1.5728571428571427,280.4557142857143,0.8100248628547752,-0.5863955333706956
2025-05-09,1.47,244.43,4.8,0,5.503011774193717,1.53,5.58375943205647,1.61,5.686263238437263,4.8,16.199999999999992,2.314285714285713,-0.06000000000000005,-20.639999999999986,1.5366666666666668,267.7633333333333,1.5600000000000003,275.96857142857147,0.7998392447397195,-0.600214280548368
2025-05-10,1.43,231.27,0.8,0,5.447900488087526,1.47,5.503011774193717,1.53,5.58375943205647,5.6,5.999999999999993,0.8571428571428561,-0.040000000000000036,-13.159999999999997,1.4766666666666666,246.92333333333332,1.5485714285714285,272.1657142857143,0.7894179103280199,-0.6138561418226116
2025-05-11,1.87,392.8,0.0,0,5.975843166205025,1.43,5.447900488087526,1.47,5.503011774193717,5.6,5.5999999999999925,0.7999999999999989,0.44000000000000017,161.53,1.59,289.5,1.5857142857142856,286.31,0.7787639308347607,-0.6273170968742938
2025-05-12,2.58,706.92,0.0,0,6.562331092959095,1.87,5.975843166205025,1.43,5.447900488087526,0.8,5.5999999999999925,0.7999999999999989,0.71,314.11999999999995,1.9600000000000002,443.66333333333336,1.73,347.38,0.7678804460366001,-0.6405931786981751
2025-05-13,2.59,711.66,0.0,0,6.569004448336177,2.58,6.562331092959095,1.87,5.975843166205025,0.0,5.5999999999999925,0.7999999999999989,0.009999999999999787,4.740000000000009,2.346666666666667,603.7933333333334,1.8685714285714285,406.56285714285707,0.7567706633464627,-0.6536804747720057
2025-05-14,2.01,454.38,10.8,0,6.121132235230019,2.59,6.569004448336177,2.58,6.562331092959095,10.8,16.39999999999999,2.3428571428571416,-0.5800000000000001,-257.28,2.393333333333333,624.32,1.9257142857142855,429.5042857142857,0.7454378568683001,-0.6665751282095632
2025-05-15,1.71,329.69,0.0,0,5.801181380643333,2.01,6.121132235230019,2.59,6.569004448336177,10.8,16.39999999999999,2.3428571428571416,-0.2999999999999998,-124.69,2.103333333333333,498.57666666666665,1.9514285714285715,438.7357142857143,0.7338853664321991,-0.6792733388972931
2025-05-16,1.89,401.6,0.0,0,5.9979435132056915,1.71,5.801181380643333,2.01,6.121132235230019,10.8,11.599999999999993,1.6571428571428561,0.17999999999999994,71.91000000000003,1.87,395.22333333333336,2.011428571428571,461.1885714285714,0.722116596610116,-0.6917713646142222
2025-05-17,1.94,423.6,0.0,0,6.051147549269156,1.89,5.9979435132056915,1.71,5.801181380643333,0.0,10.799999999999994,1.542857142857142,0.050000000000000044,22.0,1.8466666666666667,384.96333333333337,2.084285714285714,488.6642857142857,0.7101350157125358,-0.7040655221348058
2025-05-18,1.94,423.6,1.4,0,6.051147549269156,1.94,6.051147549269156,1.89,5.9979435132056915,1.4,12.199999999999994,1.742857142857142,0.0,0.0,1.9233333333333336,416.2666666666667,2.0942857142857143,493.06428571428575,0.6979441547663435,-0.7161521883143933
2025-05-19,1.78,354.82,1.8,0,5.8744249850066295,1.94,6.051147549269156,1.94,6.051147549269156,3.2,13.999999999999993,1.999999999999999,-0.15999999999999992,-68.78000000000003,1.8866666666666667,400.6733333333334,1.98,442.7642857142858,0.6855476064742155,-0.7280278011569847
2025-05-20,1.67,315.33,0.0,0,5.756785972478502,1.78,5.8744249850066295,1.94,6.051147549269156,3.2,13.999999999999993,1.999999999999999,-0.1100000000000001,-39.49000000000001,1.7966666666666669,364.5833333333333,1.8485714285714285,386.14571428571435,0.672949024155833,-0.7396888608649667
2025-05-21,1.64,304.56,0.4,0,5.722146158673159,1.67,5.756785972478502,1.78,5.8744249850066295,2.2,3.599999999999993,0.5142857142857132,-0.030000000000000027,-10.769999999999982,1.696666666666667,324.90333333333336,1.7957142857142858,364.7428571428572,0.660152120671232,-0.7511319308705197
2025-05-22,1.55,272.25,0.0,0,5.610387127056648,1.64,5.722146158673159,1.67,5.756785972478502,0.4,3.599999999999993,0.5142857142857132,-0.08999999999999986,-32.31,1.62,297.38000000000005,1.772857142857143,356.5371428571429,0.647160667326606,-0.7623536388483902
2025-05-23,1.39,218.11,0.0,0,5.389573886819589,1.55,5.610387127056648,1.64,5.722146158673159,0.4,3.599999999999993,0.5142857142857132,-0.16000000000000014,-54.139999999999986,1.5266666666666666,264.9733333333334,1.7014285714285715,330.3242857142858,0.6339784927628868,-0.7733506777097298
2025-05-24,1.35,204.95,0.0,0,5.32763342088209,1.39,5.389573886819589,1.55,5.610387127056648,0.0,3.599999999999993,0.5142857142857132,-0.039999999999999813,-13.160000000000025,1.4300000000000004,231.77000000000007,1.617142857142857,299.0885714285714,0.620609481827423,-0.7841198065767103
2025-05-25,1.31,191.79,0.0,0,5.261601513611377,1.35,5.32763342088209,1.39,5.389573886819589,0.0,2.199999999999993,0.3142857142857133,-0.040000000000000036,-13.159999999999997,1.3500000000000003,204.95000000000005,1.5271428571428571,265.97285714285715,0.6070575744291006,-0.7946578517376249
2025-05-26,1.23,167.325,0.0,0,5.125896634431345,1.31,5.261601513611377,1.35,5.32763342088209,0.0,0.3999999999999929,0.05714285714285613,-0.08000000000000007,-24.465000000000003,1.2966666666666669,188.02166666666668,1.4485714285714286,239.18785714285715,0.593326764377232,-0.8049617075821959
2025-05-27,1.16,146.15,0.0,0,4.991452474679482,1.23,5.125896634431345,1.31,5.261601513611377,0.0,0.3999999999999929,0.05714285714285613,-0.07000000000000006,-21.174999999999983,1.2333333333333334,168.4216666666667,1.375714285714286,215.0192857142857,0.5794210982045638,-0.8150283375168113
2025-05-28,1.11,131.025,0.0,0,4.882991298592997,1.16,4.991452474679482,1.23,5.125896634431345,0.0,0.0,0.0,-0.04999999999999982,-15.125,1.166666666666667,148.1666666666667,1.3,190.22857142857143,0.5653446739747428,-0.8248547748594245
2025-05-29,1.09,125.43,0.0,0,4.839688795323807,1.11,4.882991298592997,1.16,4.991452474679482,0.0,0.0,0.0,-0.020000000000000018,-5.594999999999999,1.12,134.2016666666667,1.2342857142857144,169.25428571428571,0.5511016400746,-0.8344381237138473
2025-05-30,1.05,115.15,1.0,0,4.754882459216418,1.09,4.839688795323807,1.11,4.882991298592997,1.0,0.9999999999999929,0.14285714285714185,-0.040000000000000036,-10.280000000000001,1.0833333333333337,123.86833333333338,1.1857142857142857,154.54571428571427,0.5366961939916005,-0.8437755598231856
2025-05-31,1.04,112.58,2.0,0,4.732507434449286,1.05,4.754882459216418,1.09,4.839688795323807,3.0,2.999999999999993,0.42857142857142755,-0.010000000000000009,-2.5700000000000074,1.0600000000000003,117.72000000000004,1.1414285714285715,141.35,0.522132581076825,-0.8528643314021596
2025-06-01,1.05,115.15,8.2,0,4.754882459216418,1.04,4.732507434449286,1.05,4.754882459216418,11.2,11.199999999999992,1.599999999999999,0.010000000000000009,2.5700000000000074,1.0466666666666669,114.29333333333336,1.1042857142857143,130.40142857142857,0.5074150932938458,-0.861701759948068
2025-06-02,1.08,122.86,6.8,0,4.819151895509915,1.05,4.754882459216418,1.04,4.732507434449286,17.0,17.999999999999993,2.5714285714285703,0.030000000000000027,7.709999999999994,1.0566666666666669,116.86333333333339,1.082857142857143,124.04928571428572,0.4925480679538644,-0.8702852410301553
2025-06-03,1.13,137.075,6.8,0,4.9277970157872515,1.08,4.819151895509915,1.05,4.754882459216418,21.799999999999997,24.79999999999999,3.5428571428571414,0.04999999999999982,14.21499999999999,1.086666666666667,125.02833333333338,1.0785714285714285,122.75285714285714,0.47753588643748834,-0.8786122450571482
2025-06-04,1.24,170.35,0.2,0,5.143708248320618,1.13,4.9277970157872515,1.08,4.819151895509915,13.799999999999999,24.999999999999993,3.5714285714285703,0.1100000000000001,33.275000000000006,1.1500000000000001,143.42833333333337,1.0971428571428572,128.37071428571429,0.4623829729035151,-0.8866803180227399
2025-06-05,1.27,179.425,0.0,0,5.195315178958337,1.24,5.143708248320618,1.13,4.9277970157872515,7.0,24.999999999999993,3.5714285714285703,0.030000000000000027,9.075000000000017,1.2133333333333336,162.28333333333336,1.1228571428571428,136.08428571428573,0.44709379298511426,-0.8944870822287954
2025-06-06,1.27,179.425,0.0,0,5.195315178958337,1.27,5.195315178958337,1.24,5.143708248320618,0.2,23.999999999999993,3.4285714285714275,0.0,0.0,1.26,176.4,1.1542857142857144,145.26642857142858,0.43167285247378384,-0.9020302369860707
2025-06-07,1.18,152.2,0.0,0,5.0317442573064906,1.27,5.195315178958337,1.27,5.195315178958337,0.0,21.999999999999993,3.142857142857142,-0.09000000000000008,-27.225000000000023,1.24,170.35000000000005,1.1742857142857142,150.9264285714286,0.4161246959914746,-0.9093075592922357
2025-06-08,1.1,128.0,0.0,0,4.859812404361672,1.18,5.0317442573064906,1.27,5.195315178958337,0.0,13.799999999999992,1.9714285714285702,-0.07999999999999985,-24.19999999999999,1.1833333333333333,153.20833333333337,1.1814285714285713,152.76214285714286,0.4004539056512664,-0.9163169044870048
2025-06-09,1.08,122.86,0.0,0,4.819151895509915,1.1,4.859812404361672,1.18,5.0317442573064906,0.0,6.999999999999993,0.999999999999999,-0.020000000000000018,-5.140000000000001,1.12,134.35333333333338,1.1814285714285713,152.76214285714286,0.3846650997070012,-0.923056206884176
2025-06-10,1.01,104.87,0.0,0,4.662211926355289,1.08,4.819151895509915,1.1,4.859812404361672,0.0,0.1999999999999929,0.028571428571427557,-0.07000000000000006,-17.989999999999995,1.0633333333333335,118.57666666666671,1.1642857142857144,148.16142857142856,0.3687629311922603,-0.9295234803804002
2025-06-11,0.97,94.77,0.0,0,4.561949483533528,1.01,4.662211926355289,1.08,4.819151895509915,0.0,0.0,0.0,-0.040000000000000036,-10.100000000000009,1.0200000000000002,107.50000000000004,1.1257142857142857,137.36428571428573,0.352752086549095,-0.9357168190404935
2025-06-12,0.94,87.24,0.0,0,4.480060374945247,0.97,4.561949483533528,1.01,4.662211926355289,0.0,0.0,0.0,-0.030000000000000027,-7.530000000000001,0.9733333333333335,95.62666666666671,1.0785714285714287,124.19500000000001,0.3366372842469106,-0.9416343976591258
2025-06-13,0.95,89.75,2.0,0,4.5081084731449605,0.94,4.480060374945247,0.97,4.561949483533528,2.0,1.999999999999993,0.2857142857142847,0.010000000000000009,2.510000000000005,0.9533333333333335,90.5866666666667,1.0328571428571427,111.38428571428572,0.3204232733919116,-0.9472744722987168
2025-06-14,1.04,112.58,10.0,0,4.732507434449286,0.95,4.5081084731449605,0.94,4.480060374945247,12.0,11.999999999999993,1.7142857142857133,0.09000000000000008,22.83,0.9766666666666669,96.52333333333337,1.012857142857143,105.7242857142857,0.30411483232751846,-0.9526353808033824
2025-06-15,1.01,104.87,0.0,0,4.662211926355289,1.04,4.732507434449286,0.95,4.5081084731449605,12.0,11.999999999999993,1.7142857142857133,-0.030000000000000027,-7.709999999999994,1.0000000000000002,102.40000000000003,1.0,102.42,0.2877167672261668,-0.9577155432887804
2025-06-16,0.98,97.28,0.0,0,4.587820547652979,1.01,4.662211926355289,1.04,4.732507434449286,10.0,11.999999999999993,1.7142857142857133,-0.030000000000000027,-7.590000000000003,1.0100000000000002,104.91000000000004,0.9857142857142858,98.76571428571428,0.27123391067291,-0.9625134626077081
2025-06-17,0.9,77.2,0.0,0,4.359269647551265,0.98,4.587820547652979,1.01,4.662211926355289,0.0,11.999999999999993,1.7142857142857133,-0.07999999999999996,-20.08,0.9633333333333335,93.11666666666672,0.97,94.81285714285714,0.2546711202412288,-0.9670277247913204
2025-06-18,0.84,63.64,0.0,0,4.16883341421284,0.9,4.359269647551265,0.98,4.587820547652979,0.0,11.999999999999993,1.7142857142857133,-0.06000000000000005,-13.560000000000002,0.9066666666666668,79.37333333333338,0.9514285714285714,90.36571428571428,0.2380332770614858,-0.9712569994658313
2025-06-19,0.82,59.12,0.0,0,4.0963425648847736,0.84,4.16883341421284,0.9,4.359269647551265,0.0,11.999999999999993,1.7142857142857133,-0.020000000000000018,-4.520000000000003,0.8533333333333335,66.65333333333338,0.9342857142857143,86.34857142857142,0.22132528438243243,-0.9752000402445825
2025-06-20,0.8,54.6,0.0,0,4.018183201256536,0.82,4.0963425648847736,0.84,4.16883341421284,0.0,9.999999999999993,1.4285714285714275,-0.019999999999999907,-4.519999999999996,0.8200000000000002,59.12000000000004,0.9128571428571429,81.32714285714285,0.2045520661262008,-0.9788556850953578
2025-06-21,0.82,59.12,0.0,0,4.0963425648847736,0.8,4.018183201256536,0.82,4.0963425648847736,0.0,0.0,0.0,0.019999999999999907,4.519999999999996,0.8133333333333335,57.61333333333337,0.8814285714285715,73.69000000000001,0.18771856543719884,-0.9822228566828406
2025-06-22,0.84,63.64,0.0,0,4.16883341421284,0.82,4.0963425648847736,0.8,4.018183201256536,0.0,0.0,0.0,0.020000000000000018,4.520000000000003,0.8200000000000002,59.12000000000003,0.8571428571428571,67.8,0.17082974322534442,-0.985300562686109
2025-06-23,0.84,63.64,0.0,0,4.16883341421284,0.84,4.16883341421284,0.82,4.0963425648847736,0.0,0.0,0.0,0.0,0.0,0.8333333333333334,62.133333333333375,0.8371428571428571,62.994285714285716,0.15389057670406214,-0.9880878960910771
2025-06-24,0.8,54.6,0.0,0,4.018183201256536,0.84,4.16883341421284,0.84,4.16883341421284,0.0,0.0,0.0,-0.039999999999999925,-9.04,0.8266666666666668,60.6266666666667,0.8228571428571428,59.76571428571429,0.13690605792347574,-0.9905840354577969
2025-06-25,0.81,56.86,0.0,0,4.058026299547989,0.8,4.018183201256536,0.84,4.16883341421284,0.0,0.0,0.0,0.010000000000000009,2.259999999999998,0.8166666666666669,58.36666666666671,0.8185714285714285,58.79714285714285,0.11988119229922782,-0.9927882451625399
2025-06-26,0.78,51.48,0.0,0,3.9604321446358335,0.81,4.058026299547989,0.8,4.018183201256536,0.0,0.0,0.0,-0.030000000000000027,-5.380000000000003,0.7966666666666669,54.31333333333337,0.812857142857143,57.705714285714286,0.10282099713736025,-0.9946998756145891
2025-06-27,0.8,54.6,0.0,0,4.018183201256536,0.78,3.9604321446358335,0.81,4.058026299547989,0.0,0.0,0.0,0.020000000000000018,3.1200000000000045,0.7966666666666669,54.31333333333337,0.8128571428571428,57.70571428571429,0.0857305001556943,-0.9963183634476755
2025-06-28,0.84,63.64,0.0,0,4.16883341421284,0.8,4.018183201256536,0.78,3.9604321446358335,0.0,0.0,0.0,0.039999999999999925,9.04,0.8066666666666668,56.57333333333337,0.8157142857142857,58.35142857142858,0.0686147380021341,-0.9976432316860063
2025-06-29,0.8,54.6,0.0,0,4.018183201256536,0.84,4.16883341421284,0.8,4.018183201256536,0.0,0.0,0.0,-0.039999999999999925,-9.04,0.8133333333333335,57.61333333333337,0.8100000000000002,57.059999999999995,0.05147875477034673,-0.9986740898848305
2025-06-30,0.79,53.04,0.0,0,3.989724513091998,0.8,4.018183201256536,0.84,4.16883341421284,0.0,0.0,0.0,-0.010000000000000009,-1.5600000000000023,0.8100000000000002,57.09333333333337,0.8028571428571428,55.54571428571428,0.03432760051324382,-0.9994106342455052
2025-07-01,0.73,43.68,0.0,0,3.799525974201,0.79,3.989724513091998,0.8,4.018183201256536,0.0,0.0,0.0,-0.06000000000000005,-9.36,0.7733333333333335,50.44000000000003,0.7928571428571428,53.98571428571429,0.01716632975470737,-0.9998526477050269
2025-07-02,0.69,37.68,0.0,0,3.6553226705850936,0.73,3.799525974201,0.79,3.989724513091998,0.0,0.0,0.0,-0.040000000000000036,-6.0,0.7366666666666668,44.80000000000004,0.7757142857142858,51.24571428571429,1.2246467991473532e-16,-1.0
2025-07-03,0.74,45.24,7.8,0,3.833845224364122,0.69,3.6553226705850936,0.73,3.799525974201,7.8,7.799999999999993,1.1142857142857132,0.050000000000000044,7.560000000000002,0.7200000000000001,42.20000000000004,0.7699999999999999,50.354285714285716,-0.017166329754707124,-0.9998526477050269
2025-07-04,0.77,49.92,5.2,0,3.930255773689206,0.74,3.833845224364122,0.69,3.6553226705850936,13.0,12.999999999999993,1.857142857142856,0.030000000000000027,4.68,0.7333333333333334,44.28000000000004,0.7657142857142858,49.685714285714276,-0.03432760051324313,-0.9994106342455054
2025-07-05,0.78,51.48,0.0,0,3.9604321446358335,0.77,3.930255773689206,0.74,3.833845224364122,13.0,12.999999999999993,1.857142857142856,0.010000000000000009,1.5599999999999952,0.7633333333333335,48.88000000000003,0.7571428571428572,47.94857142857143,-0.051478754770346045,-0.9986740898848305
2025-07-06,0.86,68.16,0.0,0,4.23642266081509,0.78,3.9604321446358335,0.77,3.930255773689206,5.2,12.999999999999993,1.857142857142856,0.07999999999999996,16.68,0.8033333333333336,56.52000000000004,0.7657142857142857,49.88571428571429,-0.06861473800213432,-0.9976432316860063
2025-07-07,0.86,68.16,0.0,0,4.23642266081509,0.86,4.23642266081509,0.78,3.9604321446358335,0.0,12.999999999999993,1.857142857142856,0.0,0.0,0.8333333333333335,62.600000000000044,0.7757142857142857,52.04571428571428,-0.0857305001556945,-0.9963183634476755
2025-07-08,0.83,61.38,0.0,0,4.133244711179657,0.86,4.23642266081509,0.86,4.23642266081509,0.0,12.999999999999993,1.857142857142856,-0.030000000000000027,-6.779999999999994,0.8500000000000001,65.90000000000003,0.79,54.574285714285715,-0.10282099713736044,-0.9946998756145891
2025-07-09,0.78,51.48,12.8,0,3.9604321446358335,0.83,4.133244711179657,0.86,4.23642266081509,12.8,25.799999999999994,3.6857142857142846,-0.04999999999999993,-9.900000000000006,0.8233333333333336,60.34000000000004,0.8028571428571427,56.54571428571428,-0.11988119229922714,-0.99278824516254
2025-07-10,0.78,51.48,0.0,0,3.9604321446358335,0.78,3.9604321446358335,0.83,4.133244711179657,12.8,17.999999999999993,2.5714285714285703,0.0,0.0,0.7966666666666669,54.78000000000004,0.8085714285714286,57.43714285714285,-0.13690605792347504,-0.990584035457797
2025-07-11,0.76,48.36,7.2,0,3.8991403795971324,0.78,3.9604321446358335,0.78,3.9604321446358335,20.0,19.999999999999993,2.8571428571428563,-0.020000000000000018,-3.1199999999999974,0.7733333333333334,50.44000000000003,0.8071428571428572,57.214285714285715,-0.15389057670406148,-0.9880878960910772
2025-07-12,0.95,89.75,1.0,0,4.5081084731449605,0.76,3.8991403795971324,0.78,3.9604321446358335,8.2,20.999999999999993,2.999999999999999,0.18999999999999995,41.39,0.8300000000000001,63.196666666666694,0.8314285714285713,62.68142857142857,-0.17082974322534417,-0.985300562686109
2025-07-13,1.13,137.075,0.0,0,4.9277970157872515,0.95,4.5081084731449605,0.76,3.8991403795971324,8.2,20.999999999999993,2.999999999999999,0.17999999999999994,47.32499999999999,0.9466666666666668,91.72833333333335,0.87,72.52642857142857,-0.1877185654371986,-0.9822228566828407
2025-07-14,1.14,140.1,0.0,0,4.9494688588587685,1.13,4.9277970157872515,0.95,4.5081084731449605,1.0,20.999999999999993,2.999999999999999,0.010000000000000009,3.0250000000000057,1.0733333333333333,122.30833333333335,0.9099999999999999,82.80357142857143,-0.20455206612620058,-0.9788556850953579
2025-07-15,1.03,110.01,0.0,0,4.709620287344555,1.14,4.9494688588587685,1.13,4.9277970157872515,0.0,20.999999999999993,2.999999999999999,-0.10999999999999988,-30.08999999999999,1.1,129.0616666666667,0.9385714285714285,89.75071428571428,-0.22132528438243218,-0.9752000402445826
2025-07-16,0.92,82.22,0.0,0,4.421487703554795,1.03,4.709620287344555,1.14,4.9494688588587685,0.0,8.199999999999992,1.1714285714285704,-0.10999999999999999,-27.790000000000006,1.03,110.7766666666667,0.9585714285714284,94.14214285714286,-0.23803327706148514,-0.9712569994658315
2025-07-17,0.83,61.38,0.0,0,4.133244711179657,0.92,4.421487703554795,1.03,4.709620287344555,0.0,8.199999999999992,1.1714285714285704,-0.09000000000000008,-20.839999999999996,0.9266666666666667,84.5366666666667,0.9657142857142856,95.55642857142857,-0.254671120241229,-0.9670277247913203
2025-07-18,0.78,51.48,0.0,0,3.9604321446358335,0.83,4.133244711179657,0.92,4.421487703554795,0.0,0.9999999999999929,0.14285714285714185,-0.04999999999999993,-9.900000000000006,0.8433333333333334,65.02666666666669,0.9685714285714286,96.00214285714284,-0.2712339106729102,-0.9625134626077081
2025-07-19,0.75,46.8,0.0,0,3.86702563949741,0.78,3.9604321446358335,0.83,4.133244711179657,0.0,0.0,0.0,-0.030000000000000027,-4.68,0.7866666666666667,53.22000000000003,0.9400000000000001,89.86642857142856,-0.287716767226167,-0.9577155432887803
2025-07-20,0.79,53.04,0.0,0,3.989724513091998,0.75,3.86702563949741,0.78,3.9604321446358335,0.0,0.0,0.0,0.040000000000000036,6.240000000000002,0.7733333333333334,50.440000000000026,0.8914285714285715,77.86142857142856,-0.3041148323275178,-0.9526353808033826
2025-07-21,0.78,51.48,0.0,0,3.9604321446358335,0.79,3.989724513091998,0.75,3.86702563949741,0.0,0.0,0.0,-0.010000000000000009,-1.5600000000000023,0.7733333333333334,50.440000000000026,0.84,65.20142857142856,-0.32042327339191096,-0.947274472298717
2025-07-22,0.75,46.8,0.0,0,3.86702563949741,0.78,3.9604321446358335,0.79,3.989724513091998,0.0,0.0,0.0,-0.030000000000000027,-4.68,0.7733333333333334,50.440000000000026,0.8,56.17142857142857,-0.3366372842469099,-0.941634397659126
2025-07-23,0.72,42.12,0.0,0,3.7639869266007415,0.75,3.86702563949741,0.78,3.9604321446358335,0.0,0.0,0.0,-0.030000000000000027,-4.68,0.7500000000000001,46.80000000000003,0.7714285714285715,50.44285714285714,-0.35275208654909473,-0.9357168190404936
2025-07-24,0.71,40.56,0.0,0,3.727138166231027,0.72,3.7639869266007415,0.75,3.86702563949741,0.0,0.0,0.0,-0.010000000000000009,-1.5599999999999952,0.7266666666666669,43.160000000000025,0.7542857142857143,47.46857142857143,-0.36876293119226006,-0.9295234803804003
2025-07-25,0.71,40.56,0.0,0,3.727138166231027,0.71,3.727138166231027,0.72,3.7639869266007415,0.0,0.0,0.0,0.0,0.0,0.7133333333333335,41.080000000000034,0.7442857142857143,45.90857142857143,-0.38466509970700097,-0.9230562068841761
2025-07-26,0.75,46.8,0.0,0,3.86702563949741,0.71,3.727138166231027,0.71,3.727138166231027,0.0,0.0,0.0,0.040000000000000036,6.239999999999995,0.7233333333333335,42.64000000000002,0.7442857142857143,45.90857142857142,-0.40045390565126615,-0.9163169044870049
2025-07-27,0.79,53.04,0.0,0,3.989724513091998,0.75,3.86702563949741,0.71,3.727138166231027,0.0,0.0,0.0,0.040000000000000036,6.240000000000002,0.7500000000000001,46.80000000000003,0.7442857142857143,45.90857142857143,-0.4161246959914748,-0.9093075592922356
2025-07-28,0.78,51.48,0.0,0,3.9604321446358335,0.79,3.989724513091998,0.75,3.86702563949741,0.0,0.0,0.0,-0.010000000000000009,-1.5600000000000023,0.7733333333333334,50.440000000000026,0.7442857142857143,45.90857142857143,-0.431672852473784,-0.9020302369860707
2025-07-29,0.75,46.8,0.0,0,3.86702563949741,0.78,3.9604321446358335,0.79,3.989724513091998,0.0,0.0,0.0,-0.030000000000000027,-4.68,0.7733333333333334,50.440000000000026,0.7442857142857143,45.90857142857142,-0.44709379298511404,-0.8944870822287955
2025-07-30,0.72,42.12,0.0,0,3.7639869266007415,0.75,3.86702563949741,0.78,3.9604321446358335,0.0,0.0,0.0,-0.030000000000000027,-4.68,0.7500000000000001,46.80000000000003,0.7442857142857143,45.90857142857142,-0.4623829729035149,-0.88668031802274
2025-07-31,0.71,40.56,0.0,0,3.727138166231027,0.72,3.7639869266007415,0.75,3.86702563949741,0.0,0.0,0.0,-0.010000000000000009,-1.5599999999999952,0.7266666666666669,43.160000000000025,0.7442857142857143,45.90857142857142,-0.4775358864374881,-0.8786122450571483
2025-08-01,0.7,39.0,0.0,0,3.6888794541139363,0.71,3.727138166231027,0.72,3.7639869266007415,0.0,0.0,0.0,-0.010000000000000009,-1.5600000000000023,0.7100000000000001,40.560000000000024,0.7428571428571429,45.685714285714276,-0.4925480679538642,-0.8702852410301554
2025-08-02,0.71,40.56,0.0,0,3.727138166231027,0.7,3.6888794541139363,0.71,3.727138166231027,0.0,0.0,0.0,0.010000000000000009,1.5600000000000023,0.7066666666666667,40.04000000000003,0.7371428571428572,44.794285714285714,-0.5074150932938452,-0.8617017599480683
2025-08-03,0.78,51.48,0.0,0,3.9604321446358335,0.71,3.727138166231027,0.7,3.6888794541139363,0.0,0.0,0.0,0.07000000000000006,10.919999999999995,0.7300000000000001,43.68000000000003,0.7357142857142858,44.57142857142857,-0.5221325810768248,-0.8528643314021597
2025-08-04,0.8,54.6,0.0,0,4.018183201256536,0.78,3.9604321446358335,0.71,3.727138166231027,0.0,0.0,0.0,0.020000000000000018,3.1200000000000045,0.7633333333333335,48.88000000000003,0.7385714285714285,45.01714285714286,-0.5366961939916003,-0.8437755598231858
2025-08-05,0.78,51.48,0.0,0,3.9604321446358335,0.8,4.018183201256536,0.78,3.9604321446358335,0.0,0.0,0.0,-0.020000000000000018,-3.1200000000000045,0.7866666666666667,52.52000000000003,0.7428571428571428,45.68571428571429,-0.5511016400745998,-0.8344381237138474
2025-08-06,0.76,48.36,0.0,0,3.8991403795971324,0.78,3.9604321446358335,0.8,4.018183201256536,0.0,0.0,0.0,-0.020000000000000018,-3.1199999999999974,0.7800000000000002,51.480000000000025,0.7485714285714286,46.57714285714286,-0.5653446739747425,-0.8248547748594246
2025-08-07,0.75,46.8,0.0,0,3.86702563949741,0.76,3.8991403795971324,0.78,3.9604321446358335,0.0,0.0,0.0,-0.010000000000000009,-1.5600000000000023,0.7633333333333335,48.880000000000024,0.7542857142857143,47.46857142857143,-0.5794210982045637,-0.8150283375168114
2025-08-08,0.74,45.24,0.0,0,3.833845224364122,0.75,3.86702563949741,0.76,3.8991403795971324,0.0,0.0,0.0,-0.010000000000000009,-1.5599999999999952,0.7500000000000001,46.80000000000003,0.76,48.36,-0.5933267643772321,-0.8049617075821958
2025-08-09,0.75,46.8,0.0,0,3.86702563949741,0.74,3.833845224364122,0.75,3.86702563949741,0.0,0.0,0.0,0.010000000000000009,1.5599999999999952,0.7466666666666667,46.28000000000003,0.7657142857142857,49.25142857142857,-0.6070575744291004,-0.794657851737625
2025-08-10,0.77,49.92,0.0,0,3.930255773689206,0.75,3.86702563949741,0.74,3.833845224364122,0.0,0.0,0.0,0.020000000000000018,3.1200000000000045,0.7533333333333335,47.32000000000003,0.7642857142857143,49.028571428571425,-0.6206094818274228,-0.7841198065767104
2025-08-11,0.78,51.48,0.0,0,3.9604321446358335,0.77,3.930255773689206,0.75,3.86702563949741,0.0,0.0,0.0,0.010000000000000009,1.5599999999999952,0.7666666666666669,49.40000000000003,0.7614285714285715,48.58285714285715,-0.6339784927628865,-0.77335067770973
2025-08-12,0.74,45.24,1.4,0,3.833845224364122,0.78,3.9604321446358335,0.77,3.930255773689206,1.4,1.3999999999999928,0.19999999999999898,-0.040000000000000036,-6.239999999999995,0.7633333333333335,48.88000000000003,0.7557142857142859,47.691428571428574,-0.6471606673266059,-0.7623536388483905
2025-08-13,0.71,40.56,0.0,0,3.727138166231027,0.74,3.833845224364122,0.78,3.9604321446358335,1.4,1.3999999999999928,0.19999999999999898,-0.030000000000000027,-4.68,0.7433333333333335,45.760000000000026,0.7485714285714286,46.57714285714285,-0.6601521206712315,-0.7511319308705201
2025-08-14,0.71,40.56,0.0,0,3.727138166231027,0.71,3.727138166231027,0.74,3.833845224364122,1.4,1.3999999999999928,0.19999999999999898,0.0,0.0,0.7200000000000001,42.12000000000003,0.7428571428571428,45.685714285714276,-0.6729490241558326,-0.7396888608649671
2025-08-15,0.73,43.68,0.0,0,3.799525974201,0.71,3.727138166231027,0.71,3.727138166231027,0.0,1.3999999999999928,0.19999999999999898,0.020000000000000018,3.1199999999999974,0.7166666666666668,41.60000000000003,0.7414285714285713,45.46285714285714,-0.6855476064742154,-0.7280278011569848
2025-08-16,0.8,54.6,0.0,0,4.018183201256536,0.73,3.799525974201,0.71,3.727138166231027,0.0,1.3999999999999928,0.19999999999999898,0.07000000000000006,10.920000000000002,0.7466666666666667,46.28000000000003,0.7485714285714284,46.57714285714286,-0.6979441547663433,-0.7161521883143935
2025-08-17,0.83,61.38,0.0,0,4.133244711179657,0.8,4.018183201256536,0.73,3.799525974201,0.0,1.3999999999999928,0.19999999999999898,0.029999999999999916,6.780000000000001,0.7866666666666667,53.22000000000003,0.7571428571428571,48.214285714285715,-0.7101350157125356,-0.7040655221348059
2025-08-18,0.84,63.64,8.4,0,4.16883341421284,0.83,4.133244711179657,0.8,4.018183201256536,8.4,9.799999999999994,1.399999999999999,0.010000000000000009,2.259999999999998,0.8233333333333336,59.87333333333336,0.7657142857142857,49.951428571428565,-0.7221165966101161,-0.691771364614222
2025-08-19,0.81,56.86,0.0,0,4.058026299547989,0.84,4.16883341421284,0.83,4.133244711179657,8.4,8.399999999999993,1.199999999999999,-0.029999999999999916,-6.780000000000001,0.8266666666666668,60.626666666666694,0.7757142857142857,51.61142857142857,-0.7338853664321993,-0.6792733388972929
2025-08-20,0.79,53.04,0.0,0,3.989724513091998,0.81,4.058026299547989,0.84,4.16883341421284,8.4,8.399999999999993,1.199999999999999,-0.020000000000000018,-3.8200000000000003,0.8133333333333335,57.84666666666669,0.7871428571428573,53.39428571428572,-0.7454378568683003,-0.6665751282095631
2025-08-21,0.79,53.04,0.0,0,3.989724513091998,0.79,3.989724513091998,0.81,4.058026299547989,0.0,8.399999999999993,1.199999999999999,0.0,0.0,0.7966666666666669,54.31333333333336,0.7985714285714287,55.17714285714286,-0.7567706633464625,-0.653680474772006
2025-08-22,0.78,51.48,0.0,0,3.9604321446358335,0.79,3.989724513091998,0.79,3.989724513091998,0.0,8.399999999999993,1.199999999999999,-0.010000000000000009,-1.5600000000000023,0.7866666666666667,52.52000000000003,0.8057142857142858,56.291428571428575,-0.7678804460366,-0.6405931786981752
2025-08-23,0.76,48.36,0.0,0,3.8991403795971324,0.78,3.9604321446358335,0.79,3.989724513091998,0.0,8.399999999999993,1.199999999999999,-0.020000000000000018,-3.1199999999999974,0.7766666666666668,50.96000000000003,0.8,55.4,-0.7787639308347605,-0.627317096874294
2025-08-24,0.8,54.6,0.0,0,4.018183201256536,0.76,3.8991403795971324,0.78,3.9604321446358335,0.0,8.399999999999993,1.199999999999999,0.040000000000000036,6.240000000000002,0.7800000000000002,51.480000000000025,0.7957142857142857,54.43142857142857,-0.7894179103280194,-0.6138561418226122
2025-08-25,0.8,54.6,0.2,0,4.018183201256536,0.8,4.018183201256536,0.76,3.8991403795971324,0.2,0.1999999999999929,0.028571428571427557,0.0,0.0,0.7866666666666667,52.52000000000003,0.79,53.14,-0.7998392447397191,-0.6002142805483686
2025-08-26,0.77,49.92,0.8,0,3.930255773689206,0.8,4.018183201256536,0.8,4.018183201256536,1.0,0.9999999999999929,0.14285714285714185,-0.030000000000000027,-4.68,0.7900000000000001,53.04000000000003,0.7842857142857144,52.14857142857143,-0.8100248628547748,-0.5863955333706962
2025-08-27,0.82,59.12,9.8,0,4.0963425648847736,0.77,3.930255773689206,0.8,4.018183201256536,10.8,10.799999999999994,1.542857142857142,0.04999999999999993,9.199999999999996,0.7966666666666669,54.5466666666667,0.7885714285714285,53.01714285714286,-0.8199717629247767,-0.5724039727378154
2025-08-28,0.84,63.64,0.0,0,4.16883341421284,0.82,4.0963425648847736,0.77,3.930255773689206,10.600000000000001,10.799999999999994,1.542857142857142,0.020000000000000018,4.520000000000003,0.8100000000000002,57.56000000000003,0.7957142857142857,54.53142857142858,-0.8296770135526185,-0.5582437220268655
2025-08-29,0.91,79.71,0.0,0,4.390862483336281,0.84,4.16883341421284,0.82,4.0963425648847736,9.8,10.799999999999994,1.542857142857142,0.07000000000000006,16.069999999999993,0.8566666666666668,67.49000000000002,0.8142857142857143,58.56428571428571,-0.8391377545563938,-0.5439189543287248
2025-08-30,0.89,74.94,0.0,0,4.3299435548036564,0.91,4.390862483336281,0.84,4.16883341421284,0.0,10.799999999999994,1.542857142857142,-0.020000000000000018,-4.769999999999996,0.8800000000000002,72.76333333333336,0.8328571428571429,62.36142857142857,-0.8483511978123038,-0.5294338912181854
2025-08-31,0.87,70.42,0.0,0,4.268577942166303,0.89,4.3299435548036564,0.91,4.390862483336281,0.0,10.799999999999994,1.542857142857142,-0.020000000000000018,-4.519999999999996,0.8900000000000001,75.02333333333335,0.8428571428571429,64.62142857142858,-0.8573146280763322,-0.514792801509831
2025-09-01,0.88,72.68,0.0,0,4.299731391947051,0.87,4.268577942166303,0.89,4.3299435548036564,0.0,10.599999999999994,1.5142857142857136,0.010000000000000009,2.260000000000005,0.8800000000000002,72.68000000000002,0.8542857142857143,67.20428571428572,-0.8660254037844385,-0.5000000000000004
2025-09-02,0.81,56.86,0.0,0,4.058026299547989,0.88,4.299731391947051,0.87,4.268577942166303,0.0,9.799999999999994,1.399999999999999,-0.06999999999999995,-15.820000000000007,0.8533333333333335,66.65333333333336,0.86,68.19571428571429,-0.8744809578310394,-0.4850598461951967
2025-09-03,0.82,59.12,0.0,0,4.0963425648847736,0.81,4.058026299547989,0.88,4.299731391947051,0.0,0.0,0.0,0.009999999999999898,2.259999999999998,0.8366666666666668,62.886666666666684,0.8600000000000001,68.19571428571427,-0.8826787983255475,-0.4699767430273199
2025-09-04,0.8,54.6,0.0,0,4.018183201256536,0.82,4.0963425648847736,0.81,4.058026299547989,0.0,0.0,0.0,-0.019999999999999907,-4.519999999999996,0.8100000000000002,56.86000000000002,0.8542857142857142,66.9042857142857,-0.8906165093267404,-0.45475513555610575
2025-09-05,0.8,54.6,0.0,0,4.018183201256536,0.8,4.018183201256536,0.82,4.0963425648847736,0.0,0.0,0.0,0.0,0.0,0.8066666666666668,56.10666666666669,0.8385714285714286,63.31714285714286,-0.8982917515547529,-0.43939950965914165
2025-09-06,0.79,53.04,0.0,0,3.989724513091998,0.8,4.018183201256536,0.8,4.018183201256536,0.0,0.0,0.0,-0.010000000000000009,-1.5600000000000023,0.7966666666666669,54.08000000000002,0.8242857142857142,60.18857142857143,-0.9057022630804714,-0.42391439070986087
2025-09-07,0.83,61.38,0.0,0,4.133244711179657,0.79,3.989724513091998,0.8,4.018183201256536,0.0,0.0,0.0,0.039999999999999925,8.340000000000003,0.8066666666666668,56.340000000000025,0.8185714285714285,58.89714285714285,-0.9128458599921354,-0.40830434224389367
2025-09-08,0.83,61.38,0.0,0,4.133244711179657,0.83,4.133244711179657,0.79,3.989724513091998,0.0,0.0,0.0,0.0,0.0,0.8166666666666669,58.60000000000002,0.8114285714285714,57.28285714285715,-0.9197204370389468,-0.3925739646141714
2025-09-09,0.77,49.92,0.0,0,3.930255773689206,0.83,4.133244711179657,0.83,4.133244711179657,0.0,0.0,0.0,-0.05999999999999994,-11.46,0.8100000000000002,57.560000000000024,0.8057142857142858,56.29142857142857,-0.9263239682514951,-0.3767278936351848
2025-09-10,0.74,45.24,0.0,0,3.833845224364122,0.77,3.930255773689206,0.83,4.133244711179657,0.0,0.0,0.0,-0.030000000000000027,-4.68,0.7800000000000001,52.18000000000003,0.7942857142857143,54.30857142857143,-0.9326545075388225,-0.3607707992167831
2025-09-11,0.75,46.8,0.0,0,3.86702563949741,0.74,3.833845224364122,0.77,3.930255773689206,0.0,0.0,0.0,0.010000000000000009,1.5599999999999952,0.7533333333333334,47.32000000000002,0.7871428571428571,53.19428571428572,-0.9387101892619443,-0.3447073839879337
2025-09-12,0.77,49.92,0.0,0,3.930255773689206,0.75,3.86702563949741,0.74,3.833845224364122,0.0,0.0,0.0,0.020000000000000018,3.1200000000000045,0.7533333333333334,47.32000000000002,0.7828571428571429,52.52571428571429,-0.9444892287836613,-0.32854238191083474
2025-09-13,0.79,53.04,0.0,0,3.989724513091998,0.77,3.930255773689206,0.75,3.86702563949741,0.0,0.0,0.0,0.020000000000000018,3.1199999999999974,0.7700000000000001,49.920000000000016,0.7828571428571429,52.52571428571429,-0.9499899229945009,-0.3122805568857948
2025-09-14,0.83,61.38,0.0,0,4.133244711179657,0.79,3.989724513091998,0.77,3.930255773689206,0.0,0.0,0.0,0.039999999999999925,8.340000000000003,0.7966666666666669,54.78000000000003,0.7828571428571429,52.52571428571429,-0.9552106508146316,-0.29592670134728966
2025-09-15,0.84,63.64,0.0,0,4.16883341421284,0.83,4.133244711179657,0.79,3.989724513091998,0.0,0.0,0.0,0.010000000000000009,2.259999999999998,0.8200000000000002,59.35333333333335,0.7842857142857144,52.848571428571425,-0.9601498736716017,-0.2794856348516098
2025-09-16,0.79,53.04,0.0,0,3.989724513091998,0.84,4.16883341421284,0.83,4.133244711179657,0.0,0.0,0.0,-0.04999999999999993,-10.600000000000001,0.8200000000000002,59.35333333333335,0.7871428571428571,53.294285714285714,-0.9648061359537644,-0.2629622026565152
2025-09-17,0.77,49.92,0.0,0,3.930255773689206,0.79,3.989724513091998,0.84,4.16883341421284,0.0,0.0,0.0,-0.020000000000000018,-3.1199999999999974,0.8000000000000002,55.53333333333336,0.7914285714285715,53.962857142857146,-0.9691780654392534,-0.24636127429331536
2025-09-18,0.79,53.04,0.0,0,3.989724513091998,0.77,3.930255773689206,0.79,3.989724513091998,0.0,0.0,0.0,0.020000000000000018,3.1199999999999974,0.7833333333333335,52.00000000000002,0.7971428571428572,54.854285714285716,-0.9732643737003823,-0.2296877421317963
2025-09-19,0.76,48.36,0.0,0,3.8991403795971324,0.79,3.989724513091998,0.77,3.930255773689206,0.0,0.0,0.0,-0.030000000000000027,-4.68,0.7733333333333335,50.440000000000026,0.7957142857142857,54.631428571428565,-0.9770638564833508,-0.21294651993841573
2025-09-20,0.86,68.16,14.4,0,4.23642266081509,0.76,3.8991403795971324,0.79,3.989724513091998,14.4,14.399999999999993,2.057142857142856,0.09999999999999998,19.799999999999997,0.8033333333333336,56.52000000000002,0.8057142857142857,56.791428571428575,-0.9805753940631429,-0.19614254142819712
2025-09-21,0.87,70.42,0.0,0,4.268577942166303,0.86,4.23642266081509,0.76,3.8991403795971324,14.4,14.399999999999993,2.057142857142856,0.010000000000000009,2.260000000000005,0.8300000000000002,62.31333333333336,0.8114285714285714,58.08285714285715,-0.9837979515735163,-0.1792807588107359
2025-09-22,0.88,72.68,0.0,0,4.299731391947051,0.87,4.268577942166303,0.86,4.23642266081509,14.4,14.399999999999993,2.057142857142856,0.010000000000000009,2.260000000000005,0.8700000000000001,70.42000000000003,0.8171428571428571,59.37428571428571,-0.9867305793119814,-0.16236614133076413
2025-09-23,0.87,70.42,0.0,0,4.268577942166303,0.88,4.299731391947051,0.87,4.268577942166303,0.0,14.399999999999993,2.057142857142856,-0.010000000000000009,-2.260000000000005,0.8733333333333335,71.17333333333336,0.8285714285714285,61.857142857142854,-0.9893724130196829,-0.14540367380369032
2025-09-24,0.83,61.38,0.0,0,4.133244711179657,0.87,4.268577942166303,0.88,4.299731391947051,0.0,14.399999999999993,2.057142857142856,-0.040000000000000036,-9.04,0.86,68.16000000000003,0.8371428571428572,63.494285714285716,-0.9917226741361014,-0.12839835514655154
2025-09-25,0.84,63.64,0.0,0,4.16883341421284,0.83,4.133244711179657,0.87,4.268577942166303,0.0,14.399999999999993,2.057142857142856,0.010000000000000009,2.259999999999998,0.8466666666666668,65.14666666666669,0.8442857142857143,65.00857142857143,-0.9937806700284985,-0.11135519690480865
2025-09-26,0.81,56.86,0.0,0,4.058026299547989,0.84,4.16883341421284,0.83,4.133244711179657,0.0,14.399999999999993,2.057142857142856,-0.029999999999999916,-6.780000000000001,0.8266666666666668,60.626666666666694,0.8514285714285714,66.22285714285715,-0.9955457941960382,-0.09427922177542443
2025-09-27,0.8,54.6,0.0,0,4.018183201256536,0.81,4.058026299547989,0.84,4.16883341421284,0.0,0.0,0.0,-0.010000000000000009,-2.259999999999998,0.8166666666666669,58.366666666666696,0.8428571428571429,64.28571428571429,-0.9970175264485267,-0.07717546212664643
2025-09-28,1.01,104.87,85.8,0,4.662211926355289,0.8,4.018183201256536,0.81,4.058026299547989,85.8,85.79999999999998,12.257142857142854,0.20999999999999996,50.27,0.8733333333333335,72.11000000000003,0.8628571428571429,69.20714285714286,-0.998195433059714,-0.06004895851494849
2025-09-29,0.94,87.24,0.0,0,4.480060374945247,1.01,4.662211926355289,0.8,4.018183201256536,85.8,85.8,12.257142857142856,-0.07000000000000006,-17.63000000000001,0.9166666666666669,82.2366666666667,0.8714285714285713,71.28714285714285,-0.9990791668951153,-0.04290475819955383
2025-09-30,0.9,77.2,0.0,0,4.359269647551265,0.94,4.480060374945247,1.01,4.662211926355289,85.8,85.8,12.257142857142856,-0.039999999999999925,-10.039999999999992,0.9500000000000001,89.77000000000002,0.8757142857142857,72.25571428571429,-0.9996684675143132,-0.025747913654988113
2025-10-01,0.89,74.94,0.0,0,4.3299435548036564,0.9,4.359269647551265,0.94,4.480060374945247,0.0,85.8,12.257142857142856,-0.010000000000000009,-2.260000000000005,0.9100000000000001,79.79333333333335,0.8842857142857142,74.19285714285715,-0.9999631612477099,-0.008583481082086734
2025-10-02,0.86,68.16,0.0,0,4.23642266081509,0.89,4.3299435548036564,0.9,4.359269647551265,0.0,85.8,12.257142857142856,-0.030000000000000027,-6.780000000000001,0.8833333333333334,73.43333333333335,0.8871428571428571,74.83857142857143,-0.9999631612477099,0.008583481082087254
2025-10-03,0.83,61.38,0.0,0,4.133244711179657,0.86,4.23642266081509,0.89,4.3299435548036564,0.0,85.8,12.257142857142856,-0.030000000000000027,-6.779999999999994,0.8600000000000002,68.16000000000003,0.8899999999999999,75.48428571428572,-0.999668467514313,0.025747913654988634
2025-10-04,0.85,65.9,0.0,0,4.203198967134183,0.83,4.133244711179657,0.86,4.23642266081509,0.0,85.8,12.257142857142856,0.020000000000000018,4.520000000000003,0.8466666666666668,65.14666666666669,0.897142857142857,77.09857142857143,-0.9990791668951153,0.04290475819955435
2025-10-05,0.85,65.9,0.0,0,4.203198967134183,0.85,4.203198967134183,0.83,4.133244711179657,0.0,0.0,0.0,0.0,0.0,0.8433333333333334,64.39333333333336,0.8742857142857143,71.53142857142858,-0.998195433059714,0.06004895851494813
2025-10-06,0.86,68.16,0.0,0,4.23642266081509,0.85,4.203198967134183,0.85,4.203198967134183,0.0,0.0,0.0,0.010000000000000009,2.259999999999991,0.8533333333333335,66.65333333333336,0.8628571428571428,68.80571428571429,-0.9970175264485267,0.07717546212664607
2025-10-07,0.84,63.64,0.0,0,4.16883341421284,0.86,4.23642266081509,0.85,4.203198967134183,0.0,0.0,0.0,-0.020000000000000018,-4.519999999999996,0.8500000000000001,65.90000000000002,0.8542857142857143,66.86857142857143,-0.9955457941960382,0.09427922177542405
2025-10-08,0.81,56.86,0.0,0,4.058026299547989,0.84,4.16883341421284,0.86,4.23642266081509,0.0,0.0,0.0,-0.029999999999999916,-6.780000000000001,0.8366666666666669,62.88666666666669,0.8428571428571427,64.28571428571429,-0.9937806700284985,0.11135519690480827
2025-10-09,0.81,56.86,0.0,0,4.058026299547989,0.81,4.058026299547989,0.84,4.16883341421284,0.0,0.0,0.0,0.0,0.0,0.8200000000000003,59.120000000000026,0.8357142857142856,62.67142857142857,-0.9917226741361016,0.1283983551465503
2025-10-10,0.8,54.6,0.0,0,4.018183201256536,0.81,4.058026299547989,0.81,4.058026299547989,0.0,0.0,0.0,-0.010000000000000009,-2.259999999999998,0.806666666666667,56.10666666666669,0.8314285714285715,61.70285714285715,-0.9893724130196829,0.14540367380368996
2025-10-11,0.83,61.38,0.0,0,4.133244711179657,0.8,4.018183201256536,0.81,4.058026299547989,0.0,0.0,0.0,0.029999999999999916,6.780000000000001,0.8133333333333335,57.613333333333365,0.8285714285714286,61.05714285714286,-0.9867305793119814,0.16236614133076377
2025-10-12,0.85,65.9,0.0,0,4.203198967134183,0.83,4.133244711179657,0.8,4.018183201256536,0.0,0.0,0.0,0.020000000000000018,4.520000000000003,0.8266666666666668,60.626666666666694,0.8285714285714285,61.05714285714286,-0.9837979515735163,0.17928075881073555
2025-10-13,0.87,70.42,0.0,0,4.268577942166303,0.85,4.203198967134183,0.83,4.133244711179657,0.0,0.0,0.0,0.020000000000000018,4.519999999999996,0.8500000000000001,65.90000000000003,0.8300000000000001,61.38,-0.980575394063143,0.19614254142819676
2025-10-14,0.87,70.42,0.0,0,4.268577942166303,0.87,4.268577942166303,0.85,4.203198967134183,0.0,0.0,0.0,0.0,0.0,0.8633333333333334,68.91333333333337,0.8342857142857144,62.348571428571425,-0.9770638564833509,0.21294651993841537
2025-10-15,0.85,65.9,0.0,0,4.203198967134183,0.87,4.268577942166303,0.87,4.268577942166303,0.0,0.0,0.0,-0.020000000000000018,-4.519999999999996,0.8633333333333334,68.91333333333337,0.84,63.64,-0.9732643737003827,0.22968774213179508
2025-10-16,0.84,63.64,0.0,0,4.16883341421284,0.85,4.203198967134183,0.87,4.268577942166303,0.0,0.0,0.0,-0.010000000000000009,-2.260000000000005,0.8533333333333335,66.65333333333336,0.8442857142857143,64.60857142857144,-0.9691780654392538,0.24636127429331414
2025-10-17,0.83,61.38,0.0,0,4.133244711179657,0.84,4.16883341421284,0.85,4.203198967134183,0.0,0.0,0.0,-0.010000000000000009,-2.259999999999998,0.8400000000000002,63.64000000000002,0.8485714285714285,65.57714285714286,-0.9648061359537647,0.262962202656514
2025-10-18,0.86,68.16,0.0,0,4.23642266081509,0.83,4.133244711179657,0.84,4.16883341421284,0.0,0.0,0.0,0.030000000000000027,6.779999999999994,0.8433333333333334,64.39333333333336,0.8528571428571429,66.5457142857143,-0.9601498736716018,0.2794856348516095
2025-10-19,0.86,68.16,1.2,0,4.23642266081509,0.86,4.23642266081509,0.83,4.133244711179657,1.2,1.2,0.17142857142857143,0.0,0.0,0.8500000000000001,65.90000000000003,0.8542857142857142,66.86857142857143,-0.9552106508146317,0.2959267013472893
2025-10-20,0.83,61.38,0.0,0,4.133244711179657,0.86,4.23642266081509,0.86,4.23642266081509,1.2,1.2,0.17142857142857143,-0.030000000000000027,-6.779999999999994,0.8500000000000001,65.90000000000002,0.8485714285714285,65.57714285714286,-0.9499899229945011,0.3122805568857945
2025-10-21,0.82,59.12,0.0,0,4.0963425648847736,0.83,4.133244711179657,0.86,4.23642266081509,1.2,1.2,0.17142857142857143,-0.010000000000000009,-2.260000000000005,0.8366666666666668,62.88666666666669,0.8414285714285714,63.962857142857146,-0.9444892287836614,0.3285423819108344
2025-10-22,0.81,56.86,0.0,0,4.058026299547989,0.82,4.0963425648847736,0.83,4.133244711179657,0.0,1.2,0.17142857142857143,-0.009999999999999898,-2.259999999999998,0.8200000000000002,59.120000000000026,0.8357142857142856,62.67142857142858,-0.938710189261944,0.3447073839879342
2025-10-23,0.82,59.12,0.0,0,4.0963425648847736,0.81,4.058026299547989,0.82,4.0963425648847736,0.0,1.2,0.17142857142857143,0.009999999999999898,2.259999999999998,0.8166666666666668,58.366666666666696,0.8328571428571429,62.02571428571429,-0.9326545075388223,0.3607707992167836
2025-10-24,0.84,63.64,3.6,0,4.16883341421284,0.82,4.0963425648847736,0.81,4.058026299547989,3.6,4.8,0.6857142857142857,0.020000000000000018,4.520000000000003,0.8233333333333336,59.873333333333356,0.8342857142857143,62.348571428571425,-0.9263239682514949,0.3767278936351853
2025-10-25,0.83,61.38,1.4,0,4.133244711179657,0.84,4.16883341421284,0.82,4.0963425648847736,5.0,6.2,0.8857142857142858,-0.010000000000000009,-2.259999999999998,0.8300000000000001,61.380000000000024,0.83,61.379999999999995,-0.9197204370389466,0.3925739646141719
2025-10-26,0.87,70.42,0.0,0,4.268577942166303,0.83,4.133244711179657,0.84,4.16883341421284,5.0,5.0,0.7142857142857143,0.040000000000000036,9.04,0.8466666666666668,65.14666666666669,0.8314285714285715,61.70285714285715,-0.9128458599921356,0.40830434224389334
2025-10-27,0.86,68.16,0.0,0,4.23642266081509,0.87,4.268577942166303,0.83,4.133244711179657,1.4,5.0,0.7142857142857143,-0.010000000000000009,-2.260000000000005,0.8533333333333335,66.65333333333336,0.8357142857142856,62.67142857142857,-0.9057022630804715,0.42391439070986053
2025-10-28,0.82,59.12,1.6,0,4.0963425648847736,0.86,4.23642266081509,0.87,4.268577942166303,1.6,6.6,0.9428571428571428,-0.040000000000000036,-9.04,0.8500000000000001,65.90000000000002,0.8357142857142856,62.67142857142857,-0.898291751554753,0.4393995096591413
2025-10-29,0.9,77.2,1.2,0,4.359269647551265,0.82,4.0963425648847736,0.86,4.23642266081509,2.8,7.8,1.1142857142857143,0.08000000000000007,18.080000000000005,0.86,68.16000000000003,0.8485714285714286,65.57714285714285,-0.8906165093267406,0.4547551355561054
2025-10-30,0.83,61.38,0.0,0,4.133244711179657,0.9,4.359269647551265,0.82,4.0963425648847736,2.8,7.8,1.1142857142857143,-0.07000000000000006,-15.82,0.8500000000000001,65.90000000000002,0.85,65.9,-0.8826787983255476,0.46997674302731957
2025-10-31,0.83,61.38,0.0,0,4.133244711179657,0.83,4.133244711179657,0.9,4.359269647551265,1.2,4.2,0.6,0.0,0.0,0.8533333333333335,66.65333333333336,0.8485714285714285,65.57714285714286,-0.8744809578310401,0.4850598461951956
2025-11-01,0.87,70.42,0.0,0,4.268577942166303,0.83,4.133244711179657,0.83,4.133244711179657,0.0,2.8000000000000007,0.4000000000000001,0.040000000000000036,9.04,0.8433333333333334,64.39333333333336,0.8542857142857142,66.86857142857143,-0.8660254037844386,0.5000000000000001
2025-11-02,0.85,65.9,0.0,0,4.203198967134183,0.87,4.268577942166303,0.83,4.133244711179657,0.0,2.8000000000000007,0.4000000000000001,-0.020000000000000018,-4.519999999999996,0.8500000000000001,65.90000000000003,0.8514285714285714,66.22285714285714,-0.8573146280763323,0.5147928015098306
2025-11-03,0.88,72.68,0.0,0,4.299731391947051,0.85,4.203198967134183,0.87,4.268577942166303,0.0,2.8000000000000007,0.4000000000000001,0.030000000000000027,6.780000000000001,0.8666666666666668,69.6666666666667,0.8542857142857142,66.86857142857143,-0.848351197812304,0.5294338912181851
2025-11-04,0.85,65.9,0.0,0,4.203198967134183,0.88,4.299731391947051,0.85,4.203198967134183,0.0,1.2000000000000004,0.17142857142857149,-0.030000000000000027,-6.780000000000001,0.86,68.16000000000004,0.8585714285714285,67.83714285714287,-0.8391377545563939,0.5439189543287245
2025-11-05,0.86,68.16,15.4,0,4.23642266081509,0.85,4.203198967134183,0.88,4.299731391947051,15.4,15.4,2.2,0.010000000000000009,2.259999999999991,0.8633333333333334,68.91333333333337,0.8528571428571429,66.54571428571428,-0.8296770135526191,0.5582437220268645
2025-11-06,0.91,79.71,0.0,0,4.390862483336281,0.86,4.23642266081509,0.85,4.203198967134183,15.4,15.4,2.2,0.050000000000000044,11.549999999999997,0.8733333333333335,71.2566666666667,0.8642857142857142,69.16428571428571,-0.8199717629247775,0.5724039727378144
2025-11-07,0.89,74.94,1.2,0,4.3299435548036564,0.91,4.390862483336281,0.86,4.23642266081509,16.6,16.6,2.3714285714285714,-0.020000000000000018,-4.769999999999996,0.8866666666666668,74.27000000000002,0.8728571428571429,71.10142857142857,-0.8100248628547756,0.5863955333706952
2025-11-08,0.94,87.24,0.2,0,4.480060374945247,0.89,4.3299435548036564,0.91,4.390862483336281,1.4,16.8,2.4,0.04999999999999993,12.299999999999997,0.9133333333333336,80.63000000000002,0.8828571428571429,73.50428571428571,-0.7998392447397198,0.6002142805483676
2025-11-09,0.94,87.24,0.0,0,4.480060374945247,0.94,4.480060374945247,0.89,4.3299435548036564,1.4,16.8,2.4,0.0,0.0,0.9233333333333335,83.14000000000003,0.8957142857142857,76.55285714285715,-0.7894179103280197,0.613856141822612
2025-11-10,1.0,102.3,0.0,0,4.637637376125593,0.94,4.480060374945247,0.94,4.480060374945247,0.2,16.8,2.4,0.06000000000000005,15.060000000000002,0.9600000000000001,92.26000000000003,0.9128571428571428,80.78428571428572,-0.7787639308347607,0.6273170968742937
2025-11-11,1.01,104.87,0.0,0,4.662211926355289,1.0,4.637637376125593,0.94,4.480060374945247,0.0,16.8,2.4,0.010000000000000009,2.5700000000000074,0.9833333333333334,98.1366666666667,0.9357142857142857,86.35142857142857,-0.7678804460366002,0.640593178698175
2025-11-12,0.99,99.79,0.0,0,4.613039144366787,1.01,4.662211926355289,1.0,4.637637376125593,0.0,1.4,0.19999999999999998,-0.020000000000000018,-5.079999999999998,1.0,102.32000000000004,0.9542857142857143,90.86999999999999,-0.7567706633464628,0.6536804747720056
2025-11-13,0.95,89.75,0.0,0,4.5081084731449605,0.99,4.613039144366787,1.01,4.662211926355289,0.0,1.4,0.19999999999999998,-0.040000000000000036,-10.040000000000006,0.9833333333333334,98.1366666666667,0.96,92.30428571428571,-0.7454378568682999,0.6665751282095634
2025-11-14,0.96,92.26,0.0,0,4.535391291380175,0.95,4.5081084731449605,0.99,4.613039144366787,0.0,0.2,0.028571428571428574,0.010000000000000009,2.510000000000005,0.9666666666666668,93.93333333333335,0.97,94.77857142857142,-0.7338853664321989,0.6792733388972934
2025-11-15,0.91,79.71,4.6,0,4.390862483336281,0.96,4.535391291380175,0.95,4.5081084731449605,4.6,4.6,0.6571428571428571,-0.04999999999999993,-12.550000000000011,0.9400000000000001,87.24000000000002,0.9657142857142856,93.70285714285716,-0.7221165966101161,0.6917713646142221
2025-11-16,0.9,77.2,0.0,0,4.359269647551265,0.91,4.390862483336281,0.96,4.535391291380175,4.6,4.6,0.6571428571428571,-0.010000000000000009,-2.509999999999991,0.9233333333333335,83.05666666666669,0.96,92.26857142857145,-0.7101350157125358,0.7040655221348057
2025-11-17,0.91,79.71,0.0,0,4.390862483336281,0.9,4.359269647551265,0.91,4.390862483336281,4.6,4.6,0.6571428571428571,0.010000000000000009,2.509999999999991,0.9066666666666668,78.87333333333335,0.9471428571428572,89.04142857142857,-0.6979441547663436,0.7161521883143932
2025-11-18,0.933,85.483,0.0,0,4.459947862831023,0.91,4.390862483336281,0.9,4.359269647551265,0.0,4.6,0.6571428571428571,0.02300000000000002,5.77300000000001,0.9143333333333334,80.7976666666667,0.9361428571428572,86.27185714285714,-0.6855476064742156,0.7280278011569846
2025-11-19,0.92,82.22,0.0,0,4.421487703554795,0.933,4.459947862831023,0.91,4.390862483336281,0.0,4.6,0.6571428571428571,-0.013000000000000012,-3.2630000000000052,0.9210000000000003,82.47100000000002,0.9261428571428573,83.76185714285714,-0.6729490241558331,0.7396888608649665
2025-11-20,0.9,77.2,0.4,0,4.359269647551265,0.92,4.421487703554795,0.933,4.459947862831023,0.4,5.0,0.7142857142857143,-0.020000000000000018,-5.019999999999996,0.9176666666666669,81.63433333333337,0.9189999999999999,81.96900000000001,-0.6601521206712321,0.7511319308705195
2025-11-21,0.9,77.2,0.0,0,4.359269647551265,0.9,4.359269647551265,0.92,4.421487703554795,0.4,5.0,0.7142857142857143,0.0,0.0,0.9066666666666668,78.87333333333335,0.9104285714285715,79.81757142857144,-0.6471606673266065,0.7623536388483899
2025-11-22,0.99,99.79,0.0,0,4.613039144366787,0.9,4.359269647551265,0.9,4.359269647551265,0.4,0.4,0.05714285714285715,0.08999999999999997,22.590000000000003,0.9300000000000002,84.73000000000003,0.9218571428571428,82.68614285714285,-0.6339784927628872,0.7733506777097294
2025-11-23,1.03,110.01,0.0,0,4.709620287344555,0.99,4.613039144366787,0.9,4.359269647551265,0.0,0.4,0.05714285714285715,0.040000000000000036,10.219999999999999,0.9733333333333336,95.6666666666667,0.9404285714285715,87.37328571428573,-0.6206094818274227,0.7841198065767104
2025-11-24,1.1,128.0,1.0,0,4.859812404361672,1.03,4.709620287344555,0.99,4.613039144366787,1.0,1.4,0.19999999999999998,0.07000000000000006,17.989999999999995,1.04,112.60000000000004,0.9675714285714286,94.27185714285714,-0.607057574429101,0.7946578517376245
2025-11-25,1.14,140.1,0.4,0,4.9494688588587685,1.1,4.859812404361672,1.03,4.709620287344555,1.4,1.8,0.2571428571428572,0.039999999999999813,12.099999999999994,1.09,126.03666666666669,0.9971428571428572,102.07428571428571,-0.5933267643772321,0.8049617075821958
2025-11-26,1.51,257.89,0.0,0,5.556403261059811,1.14,4.9494688588587685,1.1,4.859812404361672,1.4,1.8,0.2571428571428572,0.3700000000000001,117.78999999999999,1.25,175.33,1.0814285714285714,127.17,-0.5794210982045647,0.8150283375168107
2025-11-27,2.0,450.0,0.0,0,6.111467339502679,1.51,5.556403261059811,1.14,4.9494688588587685,0.4,1.4,0.19999999999999998,0.49,192.11,1.55,282.66333333333336,1.2385714285714287,180.42714285714285,-0.5653446739747432,0.8248547748594242
2025-11-28,2.0,450.0,0.0,0,6.111467339502679,2.0,6.111467339502679,1.51,5.556403261059811,0.0,1.4,0.19999999999999998,0.0,0.0,1.8366666666666667,385.96333333333337,1.3957142857142857,233.68428571428572,-0.5511016400745998,0.8344381237138475
2025-11-29,1.665,313.535,0.6,0,5.751095357706819,2.0,6.111467339502679,2.0,6.111467339502679,0.6,2.0,0.2857142857142857,-0.33499999999999996,-136.46499999999997,1.8883333333333336,404.5116666666667,1.4921428571428572,264.2192857142857,-0.5366961939916011,0.8437755598231853
2025-11-30,1.41,224.69,0.0,0,5.41916237624024,1.665,5.751095357706819,2.0,6.111467339502679,0.6,2.0,0.2857142857142857,-0.2550000000000001,-88.84500000000003,1.6916666666666667,329.40833333333336,1.5464285714285713,280.60214285714284,-0.5221325810768248,0.8528643314021598
2025-12-01,1.265,177.913,0.0,0,5.186899654168625,1.41,5.41916237624024,1.665,5.751095357706819,0.6,0.9999999999999999,0.14285714285714285,-0.14500000000000002,-46.77699999999999,1.4466666666666665,238.7126666666667,1.57,287.7325714285714,-0.5074150932938463,0.8617017599480677
2025-12-02,1.24,170.35,0.4,0,5.143708248320618,1.265,5.186899654168625,1.41,5.41916237624024,0.4,1.0,0.14285714285714285,-0.02499999999999991,-7.563000000000017,1.305,190.98433333333335,1.5842857142857143,292.05400000000003,-0.4925480679538645,0.8702852410301551
2025-12-03,1.22,164.3,0.6,0,5.107762004826979,1.24,5.143708248320618,1.265,5.186899654168625,1.0,1.6,0.2285714285714286,-0.020000000000000018,-6.049999999999983,1.2416666666666667,170.85433333333336,1.542857142857143,278.684,-0.47753588643748845,0.8786122450571482
2025-12-04,1.18,152.2,3.8,0,5.0317442573064906,1.22,5.107762004826979,1.24,5.143708248320618,4.8,5.4,0.7714285714285715,-0.040000000000000036,-12.100000000000023,1.2133333333333336,162.28333333333333,1.4257142857142857,236.14114285714285,-0.4623829729035152,0.8866803180227398
2025-12-05,1.13,137.075,0.0,0,4.9277970157872515,1.18,5.0317442573064906,1.22,5.107762004826979,4.3999999999999995,5.4,0.7714285714285715,-0.050000000000000044,-15.125,1.1766666666666667,151.1916666666667,1.3014285714285714,191.4375714285714,-0.44709379298511437,0.8944870822287954
2025-12-06,1.09,125.43,0.0,0,4.839688795323807,1.13,4.9277970157872515,1.18,5.0317442573064906,3.8,4.800000000000001,0.6857142857142858,-0.039999999999999813,-11.644999999999982,1.1333333333333335,138.235,1.2192857142857143,164.56542857142855,-0.43167285247378356,0.9020302369860709
2025-12-07,1.44,234.56,0.0,0,5.46196565807637,1.09,4.839688795323807,1.13,4.9277970157872515,0.0,4.800000000000001,0.6857142857142858,0.34999999999999987,109.13,1.2200000000000002,165.68833333333336,1.2235714285714285,165.97542857142858,-0.4161246959914751,0.9093075592922355
2025-12-08,1.43,231.27,0.0,0,5.447900488087526,1.44,5.46196565807637,1.09,4.839688795323807,0.0,4.800000000000001,0.6857142857142858,-0.010000000000000009,-3.289999999999992,1.32,197.0866666666667,1.247142857142857,173.59785714285712,-0.4004539056512665,0.9163169044870048
2025-12-09,1.31,191.79,1.4,0,5.261601513611377,1.43,5.447900488087526,1.44,5.46196565807637,1.4,5.8,0.8285714285714285,-0.11999999999999988,-39.48000000000002,1.3933333333333335,219.20666666666668,1.257142857142857,176.66071428571428,-0.3846650997070013,0.923056206884176
2025-12-10,1.23,167.325,0.6,0,5.125896634431345,1.31,5.261601513611377,1.43,5.447900488087526,2.0,5.8,0.8285714285714285,-0.08000000000000007,-24.465000000000003,1.3233333333333335,196.79500000000004,1.2585714285714287,177.09285714285713,-0.3687629311922604,0.9295234803804002
2025-12-11,1.13,137.075,0.0,0,4.9277970157872515,1.23,5.125896634431345,1.31,5.261601513611377,2.0,2.0,0.2857142857142857,-0.10000000000000009,-30.25,1.2233333333333336,165.39666666666668,1.2514285714285713,174.93214285714285,-0.3527520865490943,0.9357168190404939
2025-12-12,1.11,131.025,0.0,0,4.882991298592997,1.13,4.9277970157872515,1.23,5.125896634431345,0.6,2.0,0.2857142857142857,-0.019999999999999796,-6.049999999999983,1.1566666666666667,145.14166666666668,1.2485714285714287,174.06785714285715,-0.3366372842469107,0.9416343976591258
2025-12-13,1.08,122.86,0.0,0,4.819151895509915,1.11,4.882991298592997,1.13,4.9277970157872515,0.0,2.0,0.2857142857142857,-0.030000000000000027,-8.165000000000006,1.1066666666666667,130.32000000000002,1.247142857142857,173.70071428571427,-0.3204232733919109,0.947274472298717
2025-12-14,1.07,120.29,2.0,0,4.798184372320789,1.08,4.819151895509915,1.11,4.882991298592997,2.0,4.0,0.5714285714285714,-0.010000000000000009,-2.569999999999993,1.086666666666667,124.72500000000002,1.1942857142857142,157.37642857142856,-0.30411483232751857,0.9526353808033823
2025-12-15,1.06,117.72,0.0,0,4.77676777941907,1.07,4.798184372320789,1.08,4.819151895509915,2.0,4.0,0.5714285714285714,-0.010000000000000009,-2.5700000000000074,1.0700000000000003,120.29000000000002,1.1414285714285715,141.155,-0.28771676722616696,0.9577155432887803
2025-12-16,1.02,107.44,0.4,0,4.686197024630465,1.06,4.77676777941907,1.07,4.798184372320789,2.4,3.0,0.42857142857142855,-0.040000000000000036,-10.280000000000001,1.05,115.15000000000002,1.1,129.105,-0.27123391067291097,0.9625134626077079
2025-12-17,0.99,99.79,0.0,0,4.613039144366787,1.02,4.686197024630465,1.06,4.77676777941907,0.4,2.4,0.34285714285714286,-0.030000000000000027,-7.6499999999999915,1.0233333333333334,108.31666666666668,1.0657142857142858,119.45714285714284,-0.25467112024122895,0.9670277247913203
2025-12-18,0.98,97.28,0.0,0,4.587820547652979,0.99,4.613039144366787,1.02,4.686197024630465,0.4,2.4,0.34285714285714286,-0.010000000000000009,-2.510000000000005,0.9966666666666669,101.50333333333334,1.0442857142857143,113.77214285714287,-0.23803327706148678,0.9712569994658311
2025-12-19,0.96,92.26,0.0,0,4.535391291380175,0.98,4.587820547652979,0.99,4.613039144366787,0.0,2.4,0.34285714285714286,-0.020000000000000018,-5.019999999999996,0.9766666666666669,96.44333333333334,1.022857142857143,108.23428571428573,-0.22132528438243296,0.9752000402445824
2025-12-20,0.98,97.28,0.4,0,4.587820547652979,0.96,4.535391291380175,0.98,4.587820547652979,0.4,2.8,0.39999999999999997,0.020000000000000018,5.019999999999996,0.9733333333333335,95.60666666666668,1.0085714285714287,104.58000000000001,-0.2045520661262005,0.9788556850953579
2025-12-21,0.94,87.24,2.6,0,4.480060374945247,0.98,4.587820547652979,0.96,4.535391291380175,3.0,3.4000000000000004,0.48571428571428577,-0.040000000000000036,-10.040000000000006,0.9600000000000001,92.26000000000003,0.99,99.85857142857142,-0.1877185654371994,0.9822228566828405
2025-12-22,0.93,84.73,0.0,0,4.451202822690664,0.94,4.480060374945247,0.98,4.587820547652979,3.0,3.4000000000000004,0.48571428571428577,-0.009999999999999898,-2.509999999999991,0.9500000000000002,89.75000000000001,0.9714285714285714,95.14571428571428,-0.17082974322534408,0.985300562686109
2025-12-23,1.08,122.86,0.0,0,4.819151895509915,0.93,4.451202822690664,0.94,4.480060374945247,2.6,3.0000000000000004,0.42857142857142866,0.15000000000000002,38.129999999999995,0.9833333333333335,98.27666666666669,0.9799999999999999,97.34857142857143,-0.1538905767040627,0.9880878960910771
2025-12-24,1.13,137.075,0.0,0,4.9277970157872515,1.08,4.819151895509915,0.93,4.451202822690664,0.0,3.0000000000000004,0.42857142857142866,0.04999999999999982,14.21499999999999,1.0466666666666669,114.88833333333334,1.0,102.675,-0.1369060579234754,0.9905840354577969
2025-12-25,1.12,134.05,0.6,0,4.9056450802386244,1.13,4.9277970157872515,1.08,4.819151895509915,0.6,3.6000000000000005,0.5142857142857143,-0.009999999999999787,-3.0249999999999773,1.11,131.32833333333335,1.02,107.92785714285712,-0.1198811922992275,0.99278824516254
2025-12-26,1.14,140.1,15.6,0,4.9494688588587685,1.12,4.9056450802386244,1.13,4.9277970157872515,16.2,19.2,2.742857142857143,0.019999999999999796,6.049999999999983,1.1300000000000001,137.07500000000002,1.0457142857142858,114.76214285714285,-0.1028209971373608,0.9946998756145891
2025-12-27,1.12,134.05,7.0,0,4.9056450802386244,1.14,4.9494688588587685,1.12,4.9056450802386244,23.2,25.800000000000004,3.6857142857142864,-0.019999999999999796,-6.049999999999983,1.126666666666667,136.0666666666667,1.0657142857142856,120.015,-0.08573050015569487,0.9963183634476755
2025-12-28,1.15,143.125,0.2,0,4.970680978589223,1.12,4.9056450802386244,1.14,4.9494688588587685,22.799999999999997,23.400000000000002,3.342857142857143,0.029999999999999805,9.074999999999989,1.1366666666666667,139.0916666666667,1.0957142857142856,127.99857142857142,-0.06861473800213468,0.9976432316860063
2025-12-29,1.16,146.15,0.0,0,4.991452474679482,1.15,4.970680978589223,1.12,4.9056450802386244,7.2,23.400000000000002,3.342857142857143,0.010000000000000009,3.0250000000000057,1.1433333333333335,141.10833333333335,1.1285714285714286,136.77285714285713,-0.05147875477034641,0.9986740898848305
2025-12-30,1.135,138.588,0.0,0,4.938695226748123,1.16,4.991452474679482,1.15,4.970680978589223,0.2,23.400000000000002,3.342857142857143,-0.02499999999999991,-7.562000000000012,1.1483333333333334,142.621,1.1364285714285713,139.0197142857143,-0.034327600513243496,0.9994106342455052
2025-12-31,1.07,120.29,0.0,0,4.798184372320789,1.135,4.938695226748123,1.16,4.991452474679482,0.0,23.400000000000002,3.342857142857143,-0.06499999999999995,-18.297999999999988,1.1216666666666668,135.00933333333336,1.127857142857143,136.62185714285715,-0.017166329754707492,0.9998526477050269
2026-01-01,1.06,117.72,0.0,0,4.77676777941907,1.07,4.798184372320789,1.135,4.938695226748123,0.0,22.8,3.257142857142857,-0.010000000000000009,-2.5700000000000074,1.0883333333333336,125.53266666666669,1.1192857142857144,134.28900000000002,0.01716632975470737,0.9998526477050269
2026-01-02,1.03,110.01,2.0,0,4.709620287344555,1.06,4.77676777941907,1.07,4.798184372320789,2.0,9.200000000000001,1.3142857142857145,-0.030000000000000027,-7.709999999999994,1.0533333333333337,116.0066666666667,1.1035714285714284,129.99042857142857,0.034327600513243496,0.9994106342455052
2026-01-03,0.99,99.79,2.2,0,4.613039144366787,1.03,4.709620287344555,1.06,4.77676777941907,4.2,4.400000000000002,0.6285714285714289,-0.040000000000000036,-10.219999999999999,1.0266666666666668,109.17333333333335,1.085,125.09614285714285,0.05147875477034653,0.9986740898848305
2026-01-04,0.98,97.28,0.0,0,4.587820547652979,0.99,4.613039144366787,1.03,4.709620287344555,4.2,4.200000000000002,0.6000000000000003,-0.010000000000000009,-2.510000000000005,1.0000000000000002,102.36000000000003,1.0607142857142857,118.54685714285714,0.06861473800213404,0.9976432316860063
2026-01-05,0.98,97.28,0.0,0,4.587820547652979,0.98,4.587820547652979,0.99,4.613039144366787,2.2,4.200000000000002,0.6000000000000003,0.0,0.0,0.9833333333333334,98.11666666666669,1.035,111.56542857142857,0.08573050015569435,0.9963183634476755
2026-01-06,0.98,97.28,0.0,0,4.587820547652979,0.98,4.587820547652979,0.98,4.587820547652979,0.0,4.200000000000002,0.6000000000000003,0.0,0.0,0.98,97.28,1.012857142857143,105.66428571428573,0.1028209971373604,0.9946998756145891
2026-01-07,0.97,94.77,0.0,0,4.561949483533528,0.98,4.587820547652979,0.98,4.587820547652979,0.0,4.200000000000002,0.6000000000000003,-0.010000000000000009,-2.510000000000005,0.9766666666666669,96.44333333333334,0.9985714285714286,102.01857142857143,0.11988119229922722,0.99278824516254
2026-01-08,0.95,89.75,0.0,0,4.5081084731449605,0.97,4.561949483533528,0.98,4.587820547652979,0.0,4.200000000000002,0.6000000000000003,-0.020000000000000018,-5.019999999999996,0.9666666666666668,93.93333333333335,0.9828571428571428,98.02285714285715,0.13690605792347524,0.990584035457797
2026-01-09,0.94,87.24,0.2,0,4.480060374945247,0.95,4.5081084731449605,0.97,4.561949483533528,0.2,2.400000000000002,0.34285714285714314,-0.010000000000000009,-2.510000000000005,0.9533333333333335,90.58666666666669,0.97,94.77000000000001,0.15389057670406178,0.9880878960910772
2026-01-10,1.16,146.15,0.0,0,4.991452474679482,0.94,4.480060374945247,0.95,4.5081084731449605,0.2,0.2000000000000018,0.028571428571428827,0.21999999999999997,58.91000000000001,1.0166666666666668,107.71333333333337,0.9942857142857143,101.39285714285714,0.17082974322534417,0.985300562686109
2026-01-11,1.64,304.56,0.0,0,5.722146158673159,1.16,4.991452474679482,0.94,4.480060374945247,0.2,0.2000000000000018,0.028571428571428827,0.48,158.41,1.2466666666666668,179.3166666666667,1.0885714285714285,131.00428571428571,0.1877185654371987,0.9822228566828407
2026-01-12,1.71,329.69,0.0,0,5.801181380643333,1.64,5.722146158673159,1.16,4.991452474679482,0.0,0.2000000000000018,0.028571428571428827,0.07000000000000006,25.129999999999995,1.5033333333333332,260.1333333333334,1.1928571428571428,164.2057142857143,0.2045520661262008,0.9788556850953578
2026-01-13,1.66,311.74,0.0,0,5.7453721744153645,1.71,5.801181380643333,1.64,5.722146158673159,0.0,0.2000000000000018,0.028571428571428827,-0.050000000000000044,-17.94999999999999,1.67,315.33,1.2899999999999998,194.84285714285716,0.22132528438243257,0.9752000402445825
2026-01-14,1.42,227.98,0.0,0,5.433634663495666,1.66,5.7453721744153645,1.71,5.801181380643333,0.0,0.2000000000000018,0.028571428571428827,-0.24,-83.76000000000002,1.596666666666667,289.80333333333334,1.3542857142857143,213.87285714285716,0.2380332770614856,0.9712569994658314
2026-01-15,1.32,195.08,4.0,0,5.2785227392198575,1.42,5.433634663495666,1.66,5.7453721744153645,4.0,4.200000000000002,0.6000000000000003,-0.09999999999999987,-32.89999999999998,1.4666666666666668,244.93333333333337,1.407142857142857,228.92000000000002,0.2546711202412287,0.9670277247913204
2026-01-16,1.25,173.375,4.0,0,5.16120815257563,1.32,5.2785227392198575,1.42,5.433634663495666,8.0,8.000000000000002,1.142857142857143,-0.07000000000000006,-21.705000000000013,1.33,198.8116666666667,1.4514285714285715,241.225,0.27123391067291003,0.9625134626077081
2026-01-17,1.181,152.503,6.6,0,5.033720110810212,1.25,5.16120815257563,1.32,5.2785227392198575,14.6,14.600000000000001,2.085714285714286,-0.06899999999999995,-20.872000000000014,1.2503333333333335,173.6526666666667,1.4544285714285714,242.13257142857142,0.287716767226167,0.9577155432887803
2026-01-18,1.23,167.325,0.6,0,5.125896634431345,1.181,5.033720110810212,1.25,5.16120815257563,11.2,15.200000000000001,2.1714285714285717,0.04899999999999993,14.822000000000003,1.2203333333333335,164.401,1.395857142857143,222.52757142857143,0.30411483232751785,0.9526353808033826
2026-01-19,1.35,204.95,0.0,0,5.32763342088209,1.23,5.125896634431345,1.181,5.033720110810212,7.199999999999999,15.200000000000001,2.1714285714285717,0.1200000000000001,37.625,1.2536666666666667,174.92600000000002,1.3444285714285713,204.7075714285714,0.3204232733919111,0.9472744722987169
2026-01-20,1.351,205.279,0.0,0,5.329229621391291,1.35,5.32763342088209,1.23,5.125896634431345,0.6,15.200000000000001,2.1714285714285717,0.0009999999999998899,0.32900000000000773,1.3103333333333333,192.51800000000003,1.3002857142857143,189.49885714285713,0.33663728424691025,0.9416343976591259
2026-01-21,1.31,191.79,3.8,0,5.261601513611377,1.351,5.329229621391291,1.35,5.32763342088209,3.8,19.0,2.7142857142857144,-0.040999999999999925,-13.489000000000004,1.3370000000000004,200.673,1.2845714285714287,184.32885714285712,0.3527520865490948,0.9357168190404936
2026-01-22,1.281,182.753,0.0,0,5.213592464490282,1.31,5.261601513611377,1.351,5.329229621391291,3.8,15.000000000000002,2.1428571428571432,-0.029000000000000137,-9.037000000000006,1.314,193.274,1.279,182.56785714285712,0.3687629311922601,0.9295234803804003
2026-01-23,1.23,167.325,6.4,0,5.125896634431345,1.281,5.213592464490282,1.31,5.261601513611377,10.2,17.400000000000002,2.485714285714286,-0.050999999999999934,-15.427999999999997,1.2736666666666667,180.62266666666667,1.276142857142857,181.70357142857142,0.3846650997070012,0.9230562068841761
2026-01-24,1.3,188.5,0.2,0,5.244389024522481,1.23,5.125896634431345,1.281,5.213592464490282,6.6000000000000005,11.000000000000002,1.5714285714285716,0.07000000000000006,21.17500000000001,1.2703333333333333,179.52600000000004,1.2931428571428571,186.846,0.40045390565126643,0.9163169044870048
2026-01-25,1.3,188.5,1.0,0,5.244389024522481,1.3,5.244389024522481,1.23,5.125896634431345,7.6000000000000005,11.400000000000002,1.6285714285714288,0.0,0.0,1.2766666666666668,181.4416666666667,1.3031428571428572,189.871,0.41612469599147445,0.9093075592922358
2026-01-26,1.27,179.425,2.6,0,5.195315178958337,1.3,5.244389024522481,1.3,5.244389024522481,3.8,14.000000000000004,2.0000000000000004,-0.030000000000000027,-9.074999999999989,1.2900000000000003,185.47500000000002,1.2917142857142856,186.2245714285714,0.43167285247378384,0.9020302369860707
2026-01-27,1.49,251.01,1.2,0,5.529468769263775,1.27,5.195315178958337,1.3,5.244389024522481,4.8,15.200000000000003,2.1714285714285717,0.21999999999999997,71.58499999999998,1.3533333333333335,206.3116666666667,1.3115714285714284,192.75757142857142,0.44709379298511387,0.8944870822287956
2026-01-28,1.77,351.23,3.6,0,5.86428437131023,1.49,5.529468769263775,1.27,5.195315178958337,7.3999999999999995,15.000000000000002,2.1428571428571432,0.28,100.22000000000003,1.51,260.555,1.3772857142857142,215.53471428571427,0.4623829729035149,0.88668031802274
2026-01-29,1.92,414.8,1.2,0,6.030204375423913,1.77,5.86428437131023,1.49,5.529468769263775,6.0,16.200000000000003,2.3142857142857145,0.1499999999999999,63.56999999999999,1.7266666666666668,339.0133333333333,1.4685714285714284,248.68428571428575,0.47753588643748823,0.8786122450571483
2026-01-30,1.84,379.6,1.0,0,5.9417489548620495,1.92,6.030204375423913,1.77,5.86428437131023,5.8,10.8,1.542857142857143,-0.07999999999999985,-35.19999999999999,1.8433333333333335,381.8766666666667,1.5557142857142858,279.00928571428574,0.4925480679538643,0.8702852410301553
2026-01-31,1.66,311.74,0.0,0,5.7453721744153645,1.84,5.9417489548620495,1.92,6.030204375423913,2.2,10.600000000000001,1.5142857142857145,-0.18000000000000016,-67.86000000000001,1.8066666666666669,368.71333333333337,1.6071428571428572,296.61500000000007,0.5074150932938455,0.8617017599480682
2026-02-01,1.83,375.2,2.8,0,5.9301209168669295,1.66,5.7453721744153645,1.84,5.9417489548620495,3.8,12.400000000000002,1.7714285714285718,0.17000000000000015,63.45999999999998,1.776666666666667,355.5133333333333,1.6828571428571428,323.2864285714286,0.5221325810768248,0.8528643314021597
2026-02-02,2.02,458.76,0.2,0,6.130704614199486,1.83,5.9301209168669295,1.66,5.7453721744153645,3.0,10.0,1.4285714285714286,0.18999999999999995,83.56,1.8366666666666667,381.8999999999999,1.7899999999999998,363.1914285714286,0.5366961939916004,0.8437755598231856
2026-02-03,2.0,450.0,4.8,0,6.111467339502679,2.02,6.130704614199486,1.83,5.9301209168669295,7.8,13.600000000000001,1.942857142857143,-0.020000000000000018,-8.759999999999991,1.95,427.9866666666667,1.8628571428571428,391.61857142857144,0.5511016400746002,0.8344381237138473
2026-02-04,1.96,432.4,2.4,0,6.071661089102259,2.0,6.111467339502679,2.02,6.130704614199486,7.4,12.400000000000002,1.7714285714285718,-0.040000000000000036,-17.600000000000023,1.9933333333333334,447.0533333333333,1.8900000000000001,403.2142857142857,0.5653446739747429,0.8248547748594244
2026-02-05,1.905,408.2,20.2,0,6.014204034077471,1.96,6.071661089102259,2.0,6.111467339502679,27.4,31.400000000000002,4.485714285714286,-0.05499999999999994,-24.19999999999999,1.955,430.2,1.887857142857143,402.2714285714286,0.5794210982045637,0.8150283375168114
2026-02-06,1.92,414.8,0.0,0,6.030204375423913,1.905,6.014204034077471,1.96,6.071661089102259,22.599999999999998,30.400000000000002,4.342857142857143,0.014999999999999902,6.600000000000023,1.9283333333333335,418.4666666666667,1.8992857142857142,407.3,0.593326764377232,0.8049617075821959
2026-02-07,2.29,577.02,1.0,0,6.359608470149864,1.92,6.030204375423913,1.905,6.014204034077471,21.2,31.400000000000002,4.485714285714286,0.3700000000000001,162.21999999999997,2.0383333333333336,466.67333333333335,1.9892857142857143,445.1971428571428,0.6070575744291002,0.7946578517376252
2026-02-08,2.22,546.36,0.0,0,6.305106721229294,2.29,6.359608470149864,1.92,6.030204375423913,1.0,28.6,4.085714285714286,-0.06999999999999984,-30.659999999999968,2.143333333333333,512.7266666666666,2.045,469.6485714285714,0.6206094818274227,0.7841198065767104
2026-02-09,1.95,428.0,3.8,0,6.061456918928017,2.22,6.305106721229294,2.29,6.359608470149864,4.8,32.2,4.6000000000000005,-0.27000000000000024,-118.36000000000001,2.1533333333333333,517.1266666666667,2.035,465.2542857142857,0.6339784927628866,0.7733506777097299
2026-02-10,1.781,355.179,0.0,0,5.8754334134747115,1.95,6.061456918928017,2.22,6.305106721229294,3.8,27.400000000000002,3.9142857142857146,-0.16900000000000004,-72.82100000000003,1.983666666666667,443.17966666666666,2.0037142857142856,451.70842857142856,0.647160667326606,0.7623536388483904
2026-02-11,2.491,665.058,1.8,0,6.501376753835616,1.781,5.8754334134747115,1.95,6.061456918928017,5.6,26.800000000000004,3.828571428571429,0.7100000000000002,309.879,2.074,482.7456666666667,2.079571428571428,484.9452857142857,0.6601521206712317,0.7511319308705199
2026-02-12,2.833,826.842,1.0,0,6.718822314920529,2.491,6.501376753835616,1.781,5.8754334134747115,2.8,7.600000000000003,1.085714285714286,0.3420000000000001,161.784,2.3683333333333336,615.693,2.212142857142857,544.7512857142857,0.6729490241558329,0.7396888608649668
2026-02-13,2.985,898.89,6.8,0,6.802272533632344,2.833,6.718822314920529,2.491,6.501376753835616,9.6,14.400000000000002,2.0571428571428574,0.1519999999999997,72.048,2.769666666666667,796.93,2.3642857142857143,613.907,0.6855476064742154,0.7280278011569848
2026-02-14,3.045,927.285,0.0,0,6.833338797705908,2.985,6.802272533632344,2.833,6.718822314920529,7.8,13.400000000000002,1.9142857142857146,0.06000000000000005,28.394999999999982,2.954333333333333,884.3389999999999,2.472142857142857,663.9448571428571,0.6979441547663435,0.7161521883143933
2026-02-15,3.287,1041.75,0.0,0,6.949616733077055,3.045,6.833338797705908,2.985,6.802272533632344,6.8,13.400000000000002,1.9142857142857146,0.242,114.46500000000003,3.1056666666666666,955.975,2.6245714285714286,734.714857142857,0.7101350157125358,0.7040655221348057
2026-02-16,4.03,1393.94,3.0,0,7.240606682577789,3.287,6.949616733077055,3.045,6.833338797705908,3.0,12.600000000000001,1.8000000000000003,0.7430000000000003,352.19000000000005,3.454,1120.9916666666668,2.921714285714286,872.7062857142856,0.7221165966101162,0.6917713646142218
2026-02-17,4.26,1508.48,0.0,0,7.319520499638782,4.03,7.240606682577789,3.287,6.949616733077055,3.0,12.600000000000001,1.8000000000000003,0.22999999999999954,114.53999999999996,3.859,1314.7233333333334,3.2758571428571424,1037.4635714285716,0.733885366432199,0.6792733388972931
2026-02-18,4.241,1499.02,0.0,0,7.313233720334747,4.26,7.319520499638782,4.03,7.240606682577789,3.0,10.800000000000004,1.5428571428571434,-0.019000000000000128,-9.460000000000036,4.177,1467.1466666666668,3.5258571428571424,1156.601,0.7454378568683001,0.6665751282095632
2026-02-19,4.03,1393.94,0.0,0,7.240606682577789,4.241,7.313233720334747,4.26,7.319520499638782,0.0,9.800000000000004,1.4000000000000006,-0.2109999999999994,-105.07999999999993,4.177,1467.1466666666665,3.696857142857143,1237.615,0.7567706633464626,0.653680474772006
2026-02-20,3.97,1364.81,0.0,0,7.2195029382163955,4.03,7.240606682577789,4.241,7.313233720334747,0.0,3.0000000000000036,0.4285714285714291,-0.06000000000000005,-29.13000000000011,4.080333333333333,1419.256666666667,3.837571428571429,1304.175,0.7678804460366,0.6405931786981751
2026-02-21,3.505,1144.86,0.0,0,7.043910725763184,3.97,7.2195029382163955,4.03,7.240606682577789,0.0,3.0000000000000036,0.4285714285714291,-0.4650000000000003,-219.95000000000005,3.8350000000000004,1301.2033333333331,3.9032857142857145,1335.257142857143,0.7787639308347607,0.6273170968742937
2026-02-22,3.02,915.46,0.0,0,6.820518422028356,3.505,7.043910725763184,3.97,7.2195029382163955,0.0,3.0000000000000036,0.4285714285714291,-0.4849999999999999,-229.39999999999986,3.4983333333333335,1141.71,3.865142857142857,1317.2157142857143,0.7894179103280197,0.613856141822612
2026-02-23,2.75,787.5,0.0,0,6.670132406403093,3.02,6.820518422028356,3.505,7.043910725763184,0.0,0.0,0.0,-0.27,-127.96000000000004,3.0916666666666663,949.2733333333332,3.6822857142857144,1230.5814285714284,0.7998392447397193,0.6002142805483682
2026-02-24,2.493,666.08,0.0,0,6.502909978753379,2.75,6.670132406403093,3.02,6.820518422028356,0.0,0.0,0.0,-0.2570000000000001,-121.41999999999996,2.7543333333333333,789.68,3.4298571428571423,1110.2385714285715,0.8100248628547753,0.5863955333706956
2026-02-25,2.315,587.97,0.0,0,6.378375248568339,2.493,6.502909978753379,2.75,6.670132406403093,0.0,0.0,0.0,-0.17799999999999994,-78.11000000000001,2.5193333333333334,680.5166666666668,3.154714285714286,980.0885714285714,0.8199717629247771,0.5724039727378148
2026-02-26,2.08,485.04,0.0,0,6.186290925040411,2.315,6.378375248568339,2.493,6.502909978753379,0.0,0.0,0.0,-0.23499999999999988,-102.93,2.296,579.6966666666667,2.8761428571428573,850.2457142857144,0.8296770135526188,0.5582437220268648
2026-02-27,1.82,370.8,0.0,0,5.918356075287344,2.08,6.186290925040411,2.315,6.378375248568339,0.0,0.0,0.0,-0.26,-114.24000000000001,2.0716666666666668,481.27000000000004,2.5689999999999995,708.2442857142858,0.8391377545563938,0.5439189543287247
2026-02-28,1.73,336.87,0.0,0,5.822661206114936,1.82,5.918356075287344,2.08,6.186290925040411,0.0,0.0,0.0,-0.09000000000000008,-33.93000000000001,1.8766666666666667,397.57,2.3154285714285714,592.8171428571429,0.8483511978123038,0.5294338912181853
2026-03-01,1.64,304.56,0.0,0,5.722146158673159,1.73,5.822661206114936,1.82,5.918356075287344,0.0,0.0,0.0,-0.09000000000000008,-32.31,1.7299999999999998,337.41,2.1182857142857143,505.5457142857143,0.8573146280763322,0.5147928015098309
2026-03-02,1.55,272.25,1.2,0,5.610387127056648,1.64,5.722146158673159,1.73,5.822661206114936,1.2,1.2000000000000035,0.17142857142857193,-0.08999999999999986,-32.31,1.64,304.56,1.9468571428571428,431.9385714285714,0.8660254037844386,0.5000000000000001
2026-03-03,1.54,268.66,0.0,0,5.597161906205929,1.55,5.610387127056648,1.64,5.722146158673159,1.2,1.2000000000000035,0.17142857142857193,-0.010000000000000009,-3.589999999999975,1.5766666666666669,281.8233333333333,1.8107142857142855,375.1642857142857,0.8744809578310397,0.4850598461951962
2026-03-04,1.51,257.89,0.0,0,5.556403261059811,1.54,5.597161906205929,1.55,5.610387127056648,1.2,1.2000000000000035,0.17142857142857193,-0.030000000000000027,-10.770000000000039,1.5333333333333332,266.2666666666667,1.695714285714286,328.01000000000005,0.8826787983255474,0.46997674302731995
2026-03-05,1.5,254.3,39.2,0,5.542439324247439,1.51,5.556403261059811,1.54,5.597161906205929,39.2,40.400000000000006,5.771428571428572,-0.010000000000000009,-3.589999999999975,1.5166666666666668,260.2833333333333,1.6128571428571428,295.04714285714283,0.8906165093267404,0.4547551355561058
2026-03-06,1.56,275.84,32.6,0,5.6234397219736625,1.5,5.542439324247439,1.51,5.556403261059811,71.80000000000001,73.0,10.428571428571429,0.06000000000000005,21.539999999999964,1.5233333333333334,262.6766666666667,1.5757142857142856,281.4814285714286,0.8982917515547528,0.4393995096591417
2026-03-07,1.85,384.0,1.4,0,5.953243334287785,1.56,5.6234397219736625,1.5,5.542439324247439,73.2,74.4,10.62857142857143,0.29000000000000004,108.16000000000003,1.6366666666666667,304.7133333333333,1.5928571428571427,288.2142857142857,0.9057022630804714,0.42391439070986076
2026-03-08,2.52,678.48,0.2,0,6.52132779975111,1.85,5.953243334287785,1.56,5.6234397219736625,34.2,74.60000000000001,10.657142857142858,0.6699999999999999,294.48,1.9766666666666666,446.1066666666666,1.7185714285714286,341.63142857142856,0.9128458599921356,0.40830434224389334
2026-03-09,2.6,716.4,0.2,0,6.575633565098182,2.52,6.52132779975111,1.85,5.953243334287785,1.7999999999999998,73.60000000000001,10.514285714285716,0.08000000000000007,37.91999999999996,2.3233333333333333,592.96,1.8685714285714285,405.08142857142855,0.9197204370389467,0.3925739646141717
2026-03-10,2.528,682.272,0.0,0,6.526893023338464,2.6,6.575633565098182,2.52,6.52132779975111,0.4,73.60000000000001,10.514285714285716,-0.07200000000000006,-34.12799999999993,2.5493333333333332,692.384,2.009714285714286,464.1688571428572,0.926323968251495,0.3767278936351851
2026-03-11,2.26,563.88,0.0,0,6.336613319208092,2.528,6.526893023338464,2.6,6.575633565098182,0.2,73.60000000000001,10.514285714285716,-0.26800000000000024,-118.39200000000005,2.462666666666667,654.1840000000001,2.116857142857143,507.88171428571434,0.9326545075388224,0.36077079921678346
2026-03-12,2.05,471.9,0.0,0,6.15888394964983,2.26,6.336613319208092,2.528,6.526893023338464,0.0,34.4,4.914285714285714,-0.20999999999999996,-91.98000000000002,2.279333333333333,572.684,2.1954285714285713,538.9674285714285,0.9387101892619443,0.3447073839879338
2026-03-13,1.98,441.2,1.4,0,6.091762268423346,2.05,6.15888394964983,2.26,6.336613319208092,1.4,3.1999999999999997,0.45714285714285713,-0.06999999999999984,-30.69999999999999,2.0966666666666662,492.32666666666665,2.2554285714285713,562.5902857142858,0.9444892287836613,0.32854238191083485
2026-03-14,1.88,397.2,0.2,0,5.986954391630096,1.98,6.091762268423346,2.05,6.15888394964983,1.5999999999999999,1.9999999999999998,0.2857142857142857,-0.10000000000000009,-44.0,1.9699999999999998,436.76666666666665,2.2597142857142853,564.476,0.949989922994501,0.3122805568857947
2026-03-15,1.79,358.41,0.0,0,5.884463798113738,1.88,5.986954391630096,1.98,6.091762268423346,1.5999999999999999,1.7999999999999998,0.2571428571428571,-0.08999999999999986,-38.789999999999964,1.8833333333333335,398.93666666666667,2.1554285714285712,518.7517142857142,0.9552106508146316,0.2959267013472893
2026-03-16,2.16,520.08,0.0,0,6.255903580829363,1.79,5.884463798113738,1.88,5.986954391630096,0.2,1.5999999999999996,0.2285714285714285,0.3700000000000001,161.67000000000002,1.9433333333333334,425.23,2.0925714285714285,490.706,0.9601498736716018,0.2794856348516095
2026-03-17,2.352,604.176,0.0,0,6.405519324815906,2.16,6.255903580829363,1.79,5.884463798113738,0.0,1.5999999999999996,0.2285714285714285,0.19199999999999973,84.096,2.1006666666666667,494.22200000000004,2.067428571428571,479.54942857142856,0.9648061359537645,0.2629622026565149
2026-03-18,2.342,599.796,0.0,0,6.398255442638148,2.352,6.405519324815906,2.16,6.255903580829363,0.0,1.5999999999999996,0.2285714285714285,-0.009999999999999787,-4.3799999999999955,2.284666666666667,574.6840000000001,2.0791428571428567,484.68028571428573,0.9691780654392536,0.2463612742933148
2026-03-19,2.115,500.37,0.0,0,6.217344351465073,2.342,6.398255442638148,2.352,6.405519324815906,0.0,1.5999999999999996,0.2285714285714285,-0.22699999999999987,-99.42600000000004,2.2696666666666667,568.114,2.0884285714285715,488.74742857142854,0.9732643737003824,0.22968774213179574
2026-03-20,1.89,401.6,0.0,0,5.9979435132056915,2.115,6.217344351465073,2.342,6.398255442638148,0.0,0.1999999999999998,0.028571428571428543,-0.2250000000000003,-98.76999999999998,2.115666666666667,500.58866666666677,2.0755714285714286,483.0902857142857,0.9770638564833508,0.21294651993841582
2026-03-21,1.76,347.64,0.0,0,5.85403987119631,1.89,5.9979435132056915,2.115,6.217344351465073,0.0,0.0,0.0,-0.1299999999999999,-53.960000000000036,1.9216666666666669,416.5366666666667,2.0584285714285717,476.0102857142857,0.9805753940631429,0.19614254142819698
2026-03-22,1.71,329.69,0.0,0,5.801181380643333,1.76,5.85403987119631,1.89,5.9979435132056915,0.0,0.0,0.0,-0.050000000000000044,-17.94999999999999,1.7866666666666664,359.6433333333334,2.047,471.9074285714286,0.9837979515735163,0.17928075881073577
2026-03-23,1.63,300.97,0.0,0,5.710327674692205,1.71,5.801181380643333,1.76,5.85403987119631,0.0,0.0,0.0,-0.08000000000000007,-28.71999999999997,1.7,326.1000000000001,1.9712857142857143,440.60599999999994,0.9867305793119814,0.162366141330764
2026-03-24,1.48,247.72,0.0,0,5.516327765750498,1.63,5.710327674692205,1.71,5.801181380643333,0.0,0.0,0.0,-0.1499999999999999,-53.25000000000003,1.6066666666666667,292.79333333333335,1.8467142857142858,389.6837142857143,0.989372413019683,0.14540367380368976
2026-03-25,1.42,227.98,0.0,0,5.433634663495666,1.48,5.516327765750498,1.63,5.710327674692205,0.0,0.0,0.0,-0.06000000000000005,-19.74000000000001,1.5099999999999998,258.89000000000004,1.715,336.56714285714287,0.9917226741361015,0.12839835514655099
2026-03-26,1.372,212.188,0.0,0,5.362174405529383,1.42,5.433634663495666,1.48,5.516327765750498,0.0,0.0,0.0,-0.04799999999999982,-15.792000000000002,1.4240000000000002,229.29600000000005,1.608857142857143,295.3982857142857,0.9937806700284985,0.11135519690480875
2026-03-27,1.37,211.53,0.0,0,5.3590831548706,1.372,5.362174405529383,1.42,5.433634663495666,0.0,0.0,0.0,-0.0020000000000000018,-0.657999999999987,1.3873333333333333,217.2326666666667,1.5345714285714287,268.2454285714286,0.9955457941960382,0.09427922177542453
2026-03-28,1.29,185.475,0.0,0,5.228297181841227,1.37,5.3590831548706,1.372,5.362174405529383,0.0,0.0,0.0,-0.08000000000000007,-26.055000000000007,1.344,203.06433333333337,1.4674285714285715,245.07899999999998,0.9970175264485267,0.07717546212664653
2026-03-29,1.34,201.66,0.0,0,5.311529698020172,1.29,5.228297181841227,1.37,5.3590831548706,0.0,0.0,0.0,0.050000000000000044,16.185000000000002,1.3333333333333333,199.55500000000004,1.4145714285714284,226.789,0.998195433059714,0.0600489585149486
2026-03-30,1.33,198.37,0.0,0,5.295162394854736,1.34,5.311529698020172,1.29,5.228297181841227,0.0,0.0,0.0,-0.010000000000000009,-3.289999999999992,1.32,195.16833333333338,1.3717142857142857,212.13185714285714,0.9990791668951153,0.042904758199554374
2026-03-31,1.41,224.69,0.0,0,5.41916237624024,1.33,5.295162394854736,1.34,5.311529698020172,0.0,0.0,0.0,0.07999999999999985,26.319999999999993,1.36,208.24000000000004,1.3617142857142857,208.84185714285712,0.999668467514313,0.025747913654988658
2026-04-01,1.42,227.98,0.0,0,5.433634663495666,1.41,5.41916237624024,1.33,5.295162394854736,0.0,0.0,0.0,0.010000000000000009,3.289999999999992,1.3866666666666667,217.0133333333334,1.3617142857142857,208.84185714285715,0.9999631612477099,0.008583481082087055
2026-04-02,1.47,244.43,0.0,0,5.503011774193717,1.42,5.433634663495666,1.41,5.41916237624024,0.0,0.0,0.0,0.050000000000000044,16.450000000000017,1.4333333333333333,232.3666666666667,1.375714285714286,213.44785714285715,0.9999631612477099,-0.008583481082086933
2026-04-03,1.71,329.69,0.0,0,5.801181380643333,1.47,5.503011774193717,1.42,5.433634663495666,0.0,0.0,0.0,0.24,85.25999999999999,1.5333333333333332,267.36666666666673,1.4242857142857142,230.32785714285714,0.9996684675143132,-0.025747913654988314
2026-04-04,1.75,344.05,0.0,0,5.843689334066611,1.71,5.801181380643333,1.47,5.503011774193717,0.0,0.0,0.0,0.040000000000000036,14.360000000000014,1.6433333333333333,306.0566666666667,1.49,252.98142857142858,0.9990791668951153,-0.04290475819955447
2026-04-05,1.73,336.87,0.0,0,5.822661206114936,1.75,5.843689334066611,1.71,5.801181380643333,0.0,0.0,0.0,-0.020000000000000018,-7.180000000000007,1.7299999999999998,336.87000000000006,1.5457142857142858,272.29714285714283,0.998195433059714,-0.06004895851494825
2026-04-06,1.55,272.25,0.0,0,5.610387127056648,1.73,5.822661206114936,1.75,5.843689334066611,0.0,0.0,0.0,-0.17999999999999994,-64.62,1.6766666666666667,317.72333333333336,1.5771428571428572,282.8514285714286,0.9970175264485267,-0.07717546212664618
2026-04-07,1.35,204.95,0.0,0,5.32763342088209,1.55,5.610387127056648,1.73,5.822661206114936,0.0,0.0,0.0,-0.19999999999999996,-67.30000000000001,1.5433333333333332,271.35666666666674,1.5685714285714287,280.0314285714286,0.9955457941960382,-0.0942792217754244
2026-04-08,1.27,179.425,0.0,0,5.195315178958337,1.35,5.32763342088209,1.55,5.610387127056648,0.0,0.0,0.0,-0.08000000000000007,-25.524999999999977,1.39,218.87500000000003,1.5471428571428572,273.09499999999997,0.9937806700284985,-0.11135519690480862
2026-04-09,1.18,152.2,0.0,0,5.0317442573064906,1.27,5.195315178958337,1.35,5.32763342088209,0.0,0.0,0.0,-0.09000000000000008,-27.225000000000023,1.2666666666666668,178.85833333333335,1.5057142857142856,259.9192857142857,0.9917226741361015,-0.12839835514655107
2026-04-10,1.12,134.05,0.0,0,4.9056450802386244,1.18,5.0317442573064906,1.27,5.195315178958337,0.0,0.0,0.0,-0.05999999999999983,-18.149999999999977,1.1900000000000002,155.22500000000005,1.4214285714285715,231.9707142857143,0.9893724130196829,-0.14540367380368988
2026-04-11,1.12,134.05,4.2,0,4.9056450802386244,1.12,4.9056450802386244,1.18,5.0317442573064906,4.2,4.2,0.6,0.0,0.0,1.14,140.10000000000005,1.3314285714285714,201.9707142857143,0.9867305793119814,-0.16236614133076366
2026-04-12,1.152,143.73,4.2,0,4.974869937649514,1.12,4.9056450802386244,1.12,4.9056450802386244,8.4,8.4,1.2,0.031999999999999806,9.679999999999978,1.1306666666666667,137.27666666666673,1.2488571428571429,174.37928571428574,0.9837979515735163,-0.17928075881073566
2026-04-13,1.19,155.225,0.0,0,5.051297275815146,1.152,4.974869937649514,1.12,4.9056450802386244,8.4,8.4,1.2,0.038000000000000034,11.495000000000005,1.154,144.33500000000004,1.1974285714285713,157.6614285714286,0.980575394063143,-0.19614254142819687
2026-04-14,1.16,146.15,0.0,0,4.991452474679482,1.19,5.051297275815146,1.152,4.974869937649514,4.2,8.4,1.2,-0.030000000000000027,-9.074999999999989,1.1673333333333333,148.36833333333337,1.1702857142857144,149.26142857142855,0.9770638564833507,-0.21294651993841593
2026-04-15,1.15,143.125,0.0,0,4.970680978589223,1.16,4.991452474679482,1.19,5.051297275815146,0.0,8.4,1.2,-0.010000000000000009,-3.0250000000000057,1.1666666666666665,148.1666666666667,1.153142857142857,144.07571428571427,0.9732643737003824,-0.22968774213179563
2026-04-16,1.18,152.2,0.0,0,5.0317442573064906,1.15,4.970680978589223,1.16,4.991452474679482,0.0,8.4,1.2,0.030000000000000027,9.074999999999989,1.163333333333333,147.1583333333334,1.1531428571428572,144.07571428571427,0.9691780654392537,-0.2463612742933147
2026-04-17,1.151,143.428,0.0,0,4.9727811134785975,1.18,5.0317442573064906,1.15,4.970680978589223,0.0,8.4,1.2,-0.028999999999999915,-8.771999999999991,1.1603333333333332,146.25100000000006,1.1575714285714285,145.41542857142858,0.9648061359537646,-0.26296220265651454
2026-04-18,1.13,137.075,0.0,0,4.9277970157872515,1.151,4.9727811134785975,1.18,5.0317442573064906,0.0,4.2,0.6,-0.02100000000000013,-6.353000000000009,1.1536666666666666,144.23433333333335,1.159,145.8475714285714,0.9601498736716018,-0.2794856348516094
2026-04-19,1.1,128.0,0.0,0,4.859812404361672,1.13,4.9277970157872515,1.151,4.9727811134785975,0.0,0.0,0.0,-0.029999999999999805,-9.074999999999989,1.127,136.1676666666667,1.1515714285714285,143.60042857142858,0.9552106508146317,-0.2959267013472892
2026-04-20,1.09,125.43,0.0,0,4.839688795323807,1.1,4.859812404361672,1.13,4.9277970157872515,0.0,0.0,0.0,-0.010000000000000009,-2.569999999999993,1.1066666666666667,130.16833333333338,1.1372857142857142,139.344,0.949989922994501,-0.31228055688579476
2026-04-21,1.03,110.01,1.0,0,4.709620287344555,1.09,4.839688795323807,1.1,4.859812404361672,1.0,1.0,0.14285714285714285,-0.06000000000000005,-15.420000000000002,1.0733333333333335,121.1466666666667,1.1187142857142858,134.18114285714287,0.9444892287836613,-0.32854238191083474
2026-04-22,1.13,137.075,0.0,0,4.9277970157872515,1.03,4.709620287344555,1.09,4.839688795323807,1.0,1.0,0.14285714285714285,0.09999999999999987,27.064999999999984,1.0833333333333333,124.1716666666667,1.1158571428571429,133.31685714285715,0.9387101892619443,-0.3447073839879337
2026-04-23,1.01,104.87,0.0,0,4.662211926355289,1.13,4.9277970157872515,1.03,4.709620287344555,1.0,1.0,0.14285714285714285,-0.11999999999999988,-32.204999999999984,1.0566666666666666,117.31833333333337,1.0915714285714286,126.55542857142856,0.9326545075388225,-0.3607707992167831
2026-04-24,0.99,99.79,0.0,0,4.613039144366787,1.01,4.662211926355289,1.13,4.9277970157872515,0.0,1.0,0.14285714285714285,-0.020000000000000018,-5.079999999999998,1.0433333333333332,113.9116666666667,1.0685714285714287,120.32142857142857,0.926323968251495,-0.376727893635185
2026-04-25,0.95,89.75,0.0,0,4.5081084731449605,0.99,4.613039144366787,1.01,4.662211926355289,0.0,1.0,0.14285714285714285,-0.040000000000000036,-10.040000000000006,0.9833333333333334,98.13666666666671,1.042857142857143,113.5607142857143,0.9197204370389467,-0.39257396461417177
2026-04-26,0.99,99.79,0.0,0,4.613039144366787,0.95,4.5081084731449605,0.99,4.613039144366787,0.0,1.0,0.14285714285714285,0.040000000000000036,10.040000000000006,0.9766666666666666,96.44333333333338,1.0271428571428571,109.5307142857143,0.9128458599921355,-0.40830434224389345
2026-04-27,0.9078645833333333,79.20395833333333,0.0,0,4.384572869431736,0.99,4.613039144366787,0.95,4.5081084731449605,0.0,1.0,0.14285714285714285,-0.08213541666666668,-20.586041666666674,0.9492881944444443,89.58131944444449,1.001123511904762,102.92699404761905,0.9057022630804715,-0.42391439070986064
2026-04-28,0.85921875,67.9834375,0.0,0,4.233866439552068,0.9078645833333333,4.384572869431736,0.99,4.613039144366787,0.0,0.0,0.0,-0.04864583333333328,-11.220520833333339,0.9190277777777777,82.32579861111115,0.9767261904761905,96.9231994047619,0.898291751554753,-0.43939950965914143
2026-04-29,0.8771010416666667,72.27128437500001,0.0,0,4.29416877736176,0.85921875,4.233866439552068,0.9078645833333333,4.384572869431736,0.0,0.0,0.0,0.01788229166666666,4.287846875000014,0.8813947916666667,73.15289340277782,0.9405977678571428,87.66552574404763,0.8906165093267405,-0.4547551355561055
2026-04-30,0.9598260416666666,92.21642395833334,0.0,0,4.534923928895043,0.8771010416666667,4.29416877736176,0.85921875,4.233866439552068,0.0,0.0,0.0,0.08272499999999994,19.94513958333333,0.8987152777777778,77.49038194444448,0.9334300595238095,85.85787202380952,0.8826787983255476,-0.4699767430273197
2026-05-01,1.05265625,115.85640625,0.0,0,4.760945884043459,0.9598260416666666,4.534923928895043,0.8771010416666667,4.29416877736176,0.0,0.0,0.0,0.09283020833333344,23.63998229166667,0.9631944444444445,93.44803819444449,0.9423809523809524,88.15307291666667,0.8744809578310397,-0.4850598461951961
2026-05-02,1.2547916666666667,175.2029375,0.0,0,5.171636384759253,1.05265625,4.760945884043459,0.9598260416666666,4.534923928895043,0.0,0.0,0.0,0.20213541666666668,59.346531249999984,1.0890913194444445,127.75858923611115,0.985922619047619,100.36063541666667,0.8660254037844387,-0.4999999999999998
2026-05-03,1.4052604166666667,223.17598958333335,0.0,0,5.412431411162408,1.2547916666666667,5.171636384759253,1.05265625,4.760945884043459,0.0,0.0,0.0,0.15046874999999993,47.97305208333336,1.2375694444444445,171.41177777777781,1.0452455357142858,117.98720535714287,0.8573146280763323,-0.5147928015098308
2026-05-04,1.6161979166666667,296.01505208333333,0.0,0,5.693782817933754,1.4052604166666667,5.412431411162408,1.2547916666666667,5.171636384759253,0.0,0.0,0.0,0.2109375,72.83906249999998,1.4254166666666668,231.46465972222222,1.1464360119047619,148.96021875,0.848351197812304,-0.5294338912181852
2026-05-05,1.6579166666666667,310.99208333333337,0.0,0,5.742977813555935,1.6161979166666667,5.693782817933754,1.4052604166666667,5.412431411162408,0.0,0.0,0.0,0.04171875000000003,14.977031250000039,1.5597916666666667,276.7277083333334,1.2605357142857143,183.67573958333335,0.8391377545563939,-0.5439189543287246
2026-05-06,1.87703125,395.89375,0.0,0,5.983668612625477,1.6579166666666667,5.742977813555935,1.6161979166666667,5.693782817933754,0.0,0.0,0.0,0.21911458333333322,84.90166666666664,1.7170486111111112,334.30029513888894,1.403382886904762,229.90752038690476,0.8296770135526188,-0.5582437220268649
2026-05-07,1.7298958333333332,337.14901041666667,0.0,0,5.823486657554052,1.87703125,5.983668612625477,1.6579166666666667,5.742977813555935,0.0,0.0,0.0,-0.14713541666666674,-58.74473958333334,1.7549479166666666,348.01161458333337,1.5133928571428572,264.8978898809524,0.8199717629247771,-0.5724039727378148
2026-05-08,1.6183333333333334,296.7816666666667,0.0,0,5.696360555784898,1.7298958333333332,5.823486657554052,1.87703125,5.983668612625477,0.0,0.0,0.0,-0.11156249999999979,-40.367343749999975,1.741753472222222,343.2748090277778,1.5942038690476192,290.74435565476193,0.8100248628547752,-0.5863955333706956
2026-05-09,1.5401041666666666,268.69739583333336,0.0,0,5.597300574308683,1.6183333333333334,5.696360555784898,1.7298958333333332,5.823486657554052,0.0,0.0,0.0,-0.0782291666666668,-28.084270833333335,1.6294444444444443,300.8760243055556,1.6349627976190477,304.1007068452381,0.7998392447397195,-0.600214280548368
2026-05-10,1.4802083333333333,247.89010416666667,0.0,0,5.517011450313445,1.5401041666666666,5.597300574308683,1.6183333333333334,5.696360555784898,0.0,0.0,0.0,-0.05989583333333326,-20.807291666666686,1.5462152777777778,271.1230555555556,1.645669642857143,307.63129464285714,0.7894179103280199,-0.6138561418226116
2026-05-11,1.4052604166666667,223.13067708333335,0.0,0,5.412229261591484,1.4802083333333333,5.517011450313445,1.5401041666666666,5.597300574308683,0.0,0.0,0.0,-0.07494791666666667,-24.75942708333332,1.4751909722222223,246.57272569444444,1.6155357142857143,297.2192410714286,0.7787639308347607,-0.6273170968742938
2026-05-12,1.38,214.82000000000002,0.0,0,5.374444726935588,1.4052604166666667,5.412229261591484,1.4802083333333333,5.517011450313445,0.0,0.0,0.0,-0.025260416666666785,-8.310677083333331,1.4218229166666667,228.61359375000004,1.5758333333333334,283.48037202380954,0.7678804460366001,-0.6405931786981751
2026-05-13,1.34703125,204.02296875,0.0,0,5.323122015545023,1.38,5.374444726935588,1.4052604166666667,5.412229261591484,0.0,0.0,0.0,-0.03296874999999999,-10.797031250000032,1.3774305555555555,213.9912152777778,1.5001190476190476,256.07026041666666,0.7567706633464627,-0.6536804747720057
2026-05-14,1.3529166666666665,205.9703125,0.0,0,5.3325753651056464,1.34703125,5.323122015545023,1.38,5.374444726935588,0.0,0.0,0.0,0.005885416666666643,1.947343750000016,1.359982638888889,208.27109375,1.4462648809523808,237.33044642857143,0.7454378568683001,-0.6665751282095632
2026-05-15,1.3379166666666666,200.97734375000002,0.0,0,5.308155531457375,1.3529166666666665,5.3325753651056464,1.34703125,5.323122015545023,0.0,0.0,0.0,-0.014999999999999902,-4.992968749999989,1.345954861111111,203.656875,1.4062053571428572,223.64411458333333,0.7338853664321991,-0.6792733388972931
2026-05-16,1.3394791666666668,201.65703125000002,0.0,0,5.311515048993503,1.3379166666666666,5.308155531457375,1.3529166666666665,5.3325753651056464,0.0,0.0,0.0,0.0015625000000001332,0.6796875,1.3434375,202.86822916666668,1.3775446428571427,214.06691964285716,0.722116596610116,-0.6917713646142222
2026-05-17,1.7770833333333333,357.85583333333335,0.0,0,5.882920729375375,1.3394791666666668,5.311515048993503,1.3379166666666666,5.308155531457375,0.0,0.0,0.0,0.43760416666666657,156.19880208333333,1.484826388888889,253.49673611111118,1.4199553571428574,229.77630952380952,0.7101350157125358,-0.7040655221348058
2026-05-18,1.9280208333333333,418.7807291666666,0.0,0,6.039732501536941,1.7770833333333333,5.882920729375375,1.3394791666666668,5.311515048993503,0.0,0.0,0.0,0.15093749999999995,60.92489583333327,1.681527777777778,326.0978645833334,1.4946354166666667,257.72631696428573,0.6979441547663435,-0.7161521883143933
2026-05-19,1.6136458333333332,295.1269791666667,0.0,0,5.690788346008043,1.9280208333333333,6.039732501536941,1.7770833333333333,5.882920729375375,0.0,0.0,0.0,-0.31437500000000007,-123.65374999999995,1.7729166666666665,357.2545138888889,1.5280133928571427,269.19874255952385,0.6855476064742155,-0.7280278011569847
2026-05-20,1.453645833333333,239.04947916666666,0.0,0,5.480845065287725,1.6136458333333332,5.690788346008043,1.9280208333333333,6.039732501536941,0.0,0.0,0.0,-0.16000000000000014,-56.077500000000015,1.6651041666666666,317.65239583333334,1.5432440476190477,274.20252976190477,0.672949024155833,-0.7396888608649667
2026-05-21,1.3317708333333333,199.03265624999997,0.0,0,5.2984806344691044,1.453645833333333,5.480845065287725,1.6136458333333332,5.690788346008043,0.0,0.0,0.0,-0.12187499999999973,-40.01682291666668,1.4663541666666664,244.40303819444443,1.5402232142857142,273.21143601190477,0.660152120671232,-0.7511319308705197
2026-05-22,1.2594791666666667,176.2424479166667,0.0,0,5.177518557546378,1.3317708333333333,5.2984806344691044,1.453645833333333,5.480845065287725,0.0,0.0,0.0,-0.07229166666666664,-22.790208333333283,1.348298611111111,204.77486111111114,1.5290178571428572,269.6778794642857,0.647160667326606,-0.7623536388483902
2026-05-23,1.1627058823529413,147.0755882352941,0.0,0,4.99772287470482,1.2594791666666667,5.177518557546378,1.3317708333333333,5.2984806344691044,0.0,0.0,0.0,-0.09677328431372545,-29.166859681372586,1.2513186274509804,174.1168974673203,1.5037645308123246,261.8805304621848,0.6339784927628868,-0.7733506777097298
2026-05-24,1.1173125,133.72947916666666,0.0,0,4.903268910004081,1.1627058823529413,4.99772287470482,1.2594791666666667,5.177518557546378,0.0,0.0,0.0,-0.045393382352941325,-13.346109068627442,1.1798325163398693,152.34917177287585,1.4095115546218489,229.86247986694679,0.620609481827423,-0.7841198065767103
2026-05-25,1.074375,121.71421875,0.0,0,4.809858227236127,1.1173125,4.903268910004081,1.1627058823529413,4.99772287470482,0.0,0.0,0.0,-0.04293749999999985,-12.015260416666663,1.1181311274509804,134.17309538398695,1.287562149859944,187.42440695028012,0.6070575744291006,-0.7946578517376249
2026-05-26,0.9805208333333333,97.41510416666667,0.0,0,4.589194289907378,1.074375,4.809858227236127,1.1173125,4.903268910004081,0.0,0.0,0.0,-0.0938541666666668,-24.299114583333335,1.0574027777777777,117.61960069444449,1.1971157212885155,159.17985337885153,0.593326764377232,-0.8049617075821959
2026-05-27,0.9579166666666666,91.74458333333332,0.0,0,4.529849299063378,0.9805208333333333,4.589194289907378,1.074375,4.809858227236127,0.0,0.0,0.0,-0.022604166666666647,-5.670520833333342,1.0042708333333332,103.6246354166667,1.126297268907563,138.1362968312325,0.5794210982045638,-0.8150283375168113
2026-05-28,0.9364479166666667,86.39754166666667,0.0,0,4.470467154882231,0.9579166666666666,4.529849299063378,0.9805208333333333,4.589194289907378,0.0,0.0,0.0,-0.021468749999999925,-5.347041666666655,0.9582951388888888,91.85240972222226,1.0698225665266108,122.0455661764706,0.5653446739747428,-0.8248547748594245
2026-05-29,0.9034375,78.34406249999999,0.0,0,4.373793617455683,0.9364479166666667,4.470467154882231,0.9579166666666666,4.529849299063378,0.0,0.0,0.0,-0.03301041666666671,-8.053479166666676,0.9326006944444445,85.49539583333336,1.0189594712885155,108.0600825455182,0.5511016400746,-0.8344381237138473
2026-05-30,0.9014583333333334,77.98270833333333,0.0,0,4.369228946652352,0.9034375,4.373793617455683,0.9364479166666667,4.470467154882231,0.0,0.0,0.0,-0.001979166666666643,-0.36135416666665776,0.91378125,80.9081041666667,0.9816383928571428,98.18967113095236,0.5366961939916005,-0.8437755598231856
2026-05-31,0.8836458333333334,73.50395833333333,0.0,0,4.310852255965111,0.9014583333333334,4.369228946652352,0.9034375,4.373793617455683,0.0,0.0,0.0,-0.01781250000000001,-4.478750000000005,0.8961805555555555,76.61024305555559,0.9482574404761905,89.58602529761903,0.522132581076825,-0.8528643314021596
2026-06-01,0.8815,73.019,0.0,0,4.304321817004552,0.8836458333333334,4.310852255965111,0.9014583333333334,4.369228946652352,0.0,0.0,0.0,-0.0021458333333334023,-0.4849583333333243,0.8888680555555556,74.83522222222227,0.9207038690476191,82.62956547619048,0.5074150932938458,-0.861701759948068
2026-06-02,0.8839583333333333,73.62145833333334,0.0,0,4.312428111066707,0.8815,4.304321817004552,0.8836458333333334,4.310852255965111,0.0,0.0,0.0,0.00245833333333334,0.6024583333333311,0.8830347222222222,73.38147222222227,0.9069092261904762,79.23047321428571,0.4925480679538644,-0.8702852410301553
2026-06-03,0.8311354166666667,61.90566666666667,0.0,0,4.1416362497386165,0.8839583333333333,4.312428111066707,0.8815,4.304321817004552,0.0,0.0,0.0,-0.05282291666666661,-11.715791666666668,0.86553125,69.51537500000005,0.888797619047619,74.96777083333333,0.47753588643748834,-0.8786122450571482
2026-06-04,0.8010416666666668,55.71770833333333,0.0,0,4.038086478257666,0.8311354166666667,4.1416362497386165,0.8839583333333333,4.312428111066707,0.0,0.0,0.0,-0.03009374999999992,-6.187958333333341,0.8387118055555556,63.748277777777815,0.869453869047619,70.5849375,0.4623829729035151,-0.8866803180227399
2026-06-05,0.835,62.51,0.0,0,4.151197373814884,0.8010416666666668,4.038086478257666,0.8311354166666667,4.1416362497386165,0.0,0.0,0.0,0.0339583333333332,6.792291666666671,0.8223923611111111,60.044458333333374,0.8596770833333334,68.32292857142856,0.44709379298511426,-0.8944870822287954
2026-06-06,0.8064583333333334,56.24916666666667,0.0,0,4.047413086287652,0.835,4.151197373814884,0.8010416666666668,4.038086478257666,0.0,0.0,0.0,-0.028541666666666576,-6.260833333333331,0.8141666666666666,58.15895833333337,0.8461056547619048,65.2181369047619,0.43167285247378384,-0.9020302369860707
2026-06-07,0.8333333333333334,62.19166666666667,0.0,0,4.146172435918889,0.8064583333333334,4.047413086287652,0.835,4.151197373814884,0.0,0.0,0.0,0.026874999999999982,5.942500000000003,0.8249305555555555,60.31694444444448,0.8389181547619048,63.60209523809524,0.4161246959914746,-0.9093075592922357
2026-06-08,0.8581249999999999,67.73625,0.0,0,4.230276716544013,0.8333333333333334,4.146172435918889,0.8064583333333334,4.047413086287652,0.0,0.0,0.0,0.024791666666666545,5.544583333333328,0.8326388888888889,62.05902777777782,0.835578869047619,62.84741666666667,0.4004539056512664,-0.9163169044870048
2026-06-09,0.8176041666666666,58.69520833333333,0.0,0,4.0892517547541285,0.8581249999999999,4.230276716544013,0.8333333333333334,4.146172435918889,0.0,0.0,0.0,-0.04052083333333334,-9.041041666666665,0.8363541666666666,62.87437500000004,0.8260997023809524,60.71509523809524,0.3846650997070012,-0.923056206884176
