{
  "feature_names": [
    "nivel_m",
    "caudal_m3s",
    "lluvia_mm",
    "nivel_m_lag1",
    "nivel_m_lag2",
    "nivel_m_lag7",
    "caudal_m3s_lag1",
    "caudal_m3s_lag2",
    "caudal_m3s_lag7",
    "lluvia_mm_lag1",
    "lluvia_mm_lag2",
    "lluvia_mm_lag7",
    "dnivel_1",
    "dcaudal_1",
    "nivel_m_mean3",
    "nivel_m_max3",
    "caudal_m3s_mean3",
    "caudal_m3s_max3",
    "lluvia_mm_sum3",
    "lluvia_mm_max3",
    "nivel_m_mean7",
    "nivel_m_max7",
    "caudal_m3s_mean7",
    "caudal_m3s_max7",
    "lluvia_mm_sum7",
    "lluvia_mm_max7",
    "nivel_m_mean14",
    "nivel_m_max14",
    "caudal_m3s_mean14",
    "caudal_m3s_max14",
    "lluvia_mm_sum14",
    "lluvia_mm_max14",
    "month",
    "dayofyear",
    "weekday"
  ],
  "scaler_mean": [
    1.1518628808864266,
    33.6724376731302,
    1.134764542936288,
    1.1518490304709141,
    1.1518282548476453,
    1.15154432132964,
    33.68240997229917,
    33.691066481994454,
    33.725207756232685,
    1.1346260387811635,
    1.1346260387811635,
    1.1362880886426594,
    1.3850415512465155e-05,
    -0.00997229916897515,
    1.1518467220683286,
    1.208393351800554,
    33.68197137580792,
    40.21793628808864,
    3.404016620498614,
    2.664127423822715,
    1.1517421844083893,
    1.2968282548476455,
    33.69550850811238,
    50.96080332409972,
    7.945567867036008,
    4.867174515235457,
    1.1514458844479618,
    1.4083448753462604,
    33.71026414721013,
    65.07493074792244,
    15.899168975069259,
    7.528808864265928,
    6.579639889196676,
    184.94459833795014,
    3.00207756232687
  ],
  "scaler_std": [
    0.34315172828090407,
    47.166881655274615,
    3.2589504730138508,
    0.34315705025792387,
    0.34316472931440795,
    0.3432433056480269,
    47.164645261181455,
    47.16280310127401,
    47.157301030373894,
    3.2589944468733516,
    3.2589944468733516,
    3.2591293579501537,
    0.16968440586011288,
    29.229333163343775,
    0.3246885572013078,
    0.42842369759963406,
    43.267930637242415,
    64.39136960982138,
    6.590134525442987,
    4.943768413090091,
    0.30350464222460427,
    0.5410287429494928,
    39.48833519955671,
    86.62051922060495,
    11.51723030635424,
    6.4106172791933504,
    0.2795199358977802,
    0.6526134039553695,
    35.619740750485825,
    108.47817348307964,
    18.046932486231093,
    7.510810378542018,
    3.4238694286990623,
    104.56285326279308,
    1.9974002783869909
  ],
  "coef_with_bias": [
    -5.010760325020903,
    0.9737024174621992,
    -0.22838962521758582,
    0.4879131002184548,
    0.8204176625647228,
    0.15395656580064532,
    -0.39945669691404806,
    -0.22059131427335235,
    -0.10521745907197565,
    0.3096159419856614,
    0.13241019791162464,
    0.06164328155036735,
    -0.24856759103842244,
    0.30364919452247763,
    -0.023665347127042623,
    0.6920549854332215,
    -0.015114451497198329,
    -0.2111729437321399,
    -1.1766413021583082,
    0.32546954469190015,
    0.1799593033874315,
    0.4285061953757391,
    0.1982527673888966,
    0.4001621378428535,
    -0.3078105636086549,
    0.14193914700540894,
    0.38316240768779625,
    -0.7783522369153025,
    0.14392678555713592,
    -0.3148477094104824,
    0.17216513104320724,
    0.3541798841687646,
    -1.1373480611329674,
    0.967083975001002,
    1.4821727370693105,
    -0.8133578075699617
  ],
  "target": "y_riesgo_7d",
  "split_date": "2024-01-01"
}